Seed,Sample Size,True Effect 1,True Effect 2,Causal Effect Estimate 1 (Cumulant),Causal Effect Estimate 2 (Cumulant),Causal Effect Estimate 1 (Min Norm),Causal Effect Estimate 2 (Min Norm),Distance to Line,GRICA Effect Estimate 1,GRICA Effect Estimate 2
0,10,0.8096934757736867,-0.6824601328866194,1.7743319564901847,-0.12427908576611918,1.3682838036306963,-0.8101037357703359,-0.696553524424394,-0.7757993936538696,-0.7432694435119629
0,1000,0.8096934757736867,-0.6824601328866194,0.7318565664164598,-0.9160986885125052,0.9300348287467067,-0.6177256277361486,-0.06475126292899865,0.7855232954025269,-0.6729977130889893
0,100000,0.8096934757736867,-0.6824601328866194,0.7386758323338718,-0.7925263928345305,0.8740893810946977,-0.5928871415680055,-0.003073798910716783,0.6381057500839233,-0.7600072622299194
0,10000000,0.8096934757736867,-0.6824601328866194,0.8070975834458188,-0.6863586140791986,0.8728430525953713,-0.5889160783892889,-2.9188511608162e-05,0.6381057500839233,-0.7600072622299194
1,10,-0.6684430500020209,-0.8831558120602008,-1.1154464375008062,-1.4079602173262777,0.22062999374106354,-0.25586242464376363,-0.08977193361904713,-0.7987279295921326,-1.8555792570114136
1,1000,-0.6684430500020209,-0.8831558120602008,-1.1324966521707915,-1.2641369604160815,0.2658533569106894,-0.46547160261996107,-0.0798706747931784,-0.8548063039779663,-1.490886926651001
1,100000,-0.6684430500020209,-0.8831558120602008,-1.6109054343105798,-1.504372813273363,0.20163069062744912,-0.3046135302572611,0.0021485994152694735,-0.8720986247062683,-1.5171725749969482
1,10000000,-0.6684430500020209,-0.8831558120602008,-1.3026153243229182,-1.2982858831458481,0.20387728462245897,-0.3111385981417171,0.000344873237563976,-0.8720986247062683,-1.5171725749969482
2,10,-0.5806972905059862,-0.7561626900859659,-0.1300039817381142,-0.17422027110348912,-0.018158873447428385,0.01096716499740289,0.0805287308903625,-0.18169623613357544,-0.24259053170681
2,1000,-0.5806972905059862,-0.7561626900859659,-0.12100580362316635,-0.0874466174977509,-0.04316434750651359,0.028883188137985273,0.010059417433806485,-0.1788790076971054,-0.23043778538703918
2,100000,-0.5806972905059862,-0.7561626900859659,-0.5788618256136331,-0.750682280145492,-0.05608759843501694,0.037214459037579105,-0.0014897469458283385,-0.12998594343662262,-0.21789084374904633
2,10000000,-0.5806972905059862,-0.7561626900859659,-0.583376447638461,-0.7599923937383554,-0.05871249811157757,0.038574514935708175,-0.00013580598522507816,-0.12998594343662262,-0.21789084374904633
3,10,-0.7689534703651255,-0.8611336434153593,-0.38851586909225067,-1.857316146240606,-0.3576350557288318,0.005927331312963357,0.26399388897705733,-0.6729444265365601,-0.6337697505950928
3,1000,-0.7689534703651255,-0.8611336434153593,-1.5701098326288827,-1.4934281037074164,0.054963480849551626,-0.06241719427558584,-0.06014480769971911,-0.9892487525939941,-0.5782974362373352
3,100000,-0.7689534703651255,-0.8611336434153593,-0.8478608697070882,-0.9267311772966853,0.10427638120087011,-0.12362709831762031,-0.0007827014758990963,-0.9067763090133667,-0.6130548119544983
3,10000000,-0.7689534703651255,-0.8611336434153593,-0.8039053676022526,-0.8903688069343417,0.10517721768071989,-0.12491205666157795,-0.00015869635047729795,-0.9067763090133667,-0.6130548119544983
4,10,-0.8750286335803767,-0.7086784489779832,-0.8064337871059235,-1.1440730048247603,-1.0874551465562423,-0.7190998780900378,0.17766523992284503,-1.3411262035369873,-0.6867958307266235
4,1000,-0.8750286335803767,-0.7086784489779832,-0.9989980202388797,-0.624186192796119,-0.7512124950899115,-0.8445794186765277,0.026533024365621688,-1.1821472644805908,-1.0048333406448364
4,100000,-0.8750286335803767,-0.7086784489779832,-0.9909350490451455,-0.6071180967527828,-0.7479785997315336,-0.8268890786675274,0.0031383141958975687,-1.173080563545227,-1.0478469133377075
4,10000000,-0.8750286335803767,-0.7086784489779832,-0.9140474313827351,-0.6737507960389233,-0.7489490218203003,-0.8238408240372064,0.0005231662684607862,-1.173080563545227,-1.0478469133377075
5,10,0.5818222185519802,0.779937445650623,-1.0042616352806575,-2.0333950314446874,-0.00620427402560338,0.0030407153146623338,-0.15176571620208767,0.785875678062439,2.8573458194732666
5,1000,0.5818222185519802,0.779937445650623,1.4030622408883786,2.0238870858991787,-0.13444039520811557,0.10788200074848718,-0.14537616297054803,0.6330548524856567,0.2905246317386627
5,100000,0.5818222185519802,0.779937445650623,0.3374116323248977,0.4728132660367813,-0.03076033823207605,0.02530712616631491,0.00648044617656454,0.7084456086158752,0.25842714309692383
5,10000000,0.5818222185519802,0.779937445650623,0.5694022336417313,0.7650933554973754,-0.042683772915416834,0.0358251460435329,3.0393787072729303e-05,0.7084456086158752,0.25842714309692383
6,10,-0.8976829753687751,-0.6022456222403341,1.2602255947707204,-1.9323210121968601,-0.479130437734735,-0.6497940946172429,-0.1338273005230987,-0.8421615958213806,-0.8304359316825867
6,1000,-0.8976829753687751,-0.6022456222403341,-1.189570068014221,-0.2785035185242399,-0.754988007908687,-0.7287390757410462,-0.014209586293837837,-0.8595272898674011,-1.0793129205703735
6,100000,-0.8976829753687751,-0.6022456222403341,-1.1584136002403007,-0.3196147858193011,-0.7868262962786311,-0.7236451931225325,0.0005057628649684894,-0.8489360809326172,-1.0985263586044312
6,10000000,-0.8976829753687751,-0.6022456222403341,-0.8973975366393263,-0.6016431381460415,-0.78534042469228,-0.7233101444284236,-0.0005346908565470657,-0.8489360809326172,-1.0985263586044312
7,10,-0.6963063556364282,-0.6489538757540236,-0.1664555237637525,0.24572902052032713,-0.21283351805403533,0.1951479537059414,0.12703317465246453,-0.22454924881458282,0.14436984062194824
7,1000,-0.6963063556364282,-0.6489538757540236,-0.9418395750365905,-0.834462052083582,-0.018777150538480416,0.02027807237000364,0.024354547735259552,-0.1596827507019043,-0.24200215935707092
7,100000,-0.6963063556364282,-0.6489538757540236,0.14468887389571772,0.19932478946306253,-0.02666935497756066,0.026432759408965268,-0.00014016325471598063,-0.1333363950252533,-0.2565435767173767
7,10000000,-0.6963063556364282,-0.6489538757540236,-0.7040383399959455,-0.6566954473457579,-0.02726103434314216,0.026985749297542962,3.9718597584981826e-05,-0.1333363950252533,-0.2565435767173767
8,10,0.640673894508048,0.6523835556815412,0.16891957775852207,1.9032993821067608,-0.6025365731343687,0.2877170220277017,-1.1557428003982462,0.4170384109020233,0.4597227871417999
8,1000,0.640673894508048,0.6523835556815412,1.1107184776607435,1.119948966749628,0.11367311575359851,-0.09340800404472897,0.07516128696453032,1.1614282131195068,0.9578059315681458
8,100000,0.640673894508048,0.6523835556815412,1.256296523212523,1.3859156376137551,0.06484687282278928,-0.05366947951482536,0.007959905376307252,1.2163984775543213,0.9750973582267761
8,10000000,0.640673894508048,0.6523835556815412,0.6129854700462747,0.6190225101279837,0.05728729959165908,-0.04774448608603897,0.00010745890590012138,1.2163984775543213,0.9750973582267761
9,10,0.8443327692902787,0.8883384048360901,0.9924054848541997,0.5641833726405067,0.080393311811941,0.6731100982840335,0.09564468235708773,0.7778022289276123,0.5906419157981873
9,1000,0.8443327692902787,0.8883384048360901,0.8376527545713114,0.9188339393231754,0.743963321723987,0.9892900239723047,-0.01743034545495573,0.5063565373420715,0.7667136788368225
9,100000,0.8443327692902787,0.8883384048360901,0.8663190524048249,0.8714702289571633,0.767740202562025,0.9510486463563166,-0.0006050758934787549,0.4872058928012848,0.7539476156234741
9,10000000,0.8443327692902787,0.8883384048360901,0.8490009303390998,0.8848857313535706,0.7754873538488046,0.9451998032646286,-0.0002572992827680453,0.4872058928012848,0.7539476156234741
10,10,-0.7086588609574537,-0.8634595523234674,-0.7624257257500708,-2.5871349566856208,-0.6426543145049798,0.02941719096261486,-0.001294276628126806,-0.8144134879112244,-1.4412026405334473
10,1000,-0.7086588609574537,-0.8634595523234674,-0.09639152320824373,-1.290653252005888,-0.6452311108447479,-0.39569073631144047,-0.2719016905887794,-0.9434460997581482,-1.3933862447738647
10,100000,-0.7086588609574537,-0.8634595523234674,-0.5158752707615183,-1.1118476768741157,-0.8574115039886024,-0.6832589033043438,0.003662354821896359,-1.0263983011245728,-1.1885349750518799
10,10000000,-0.7086588609574537,-0.8634595523234674,-0.8746835759728355,-0.6512143243170527,-0.8603465747764952,-0.6696345068867712,0.0005931354122201683,-1.0263983011245728,-1.1885349750518799
11,10,0.8391915990187898,-0.7871396717359516,2.1678461238616213,-2.170792881595085,0.8656830900987653,0.4329401334099635,-0.30754392477491405,1.6392579078674316,-1.3492099046707153
11,1000,0.8391915990187898,-0.7871396717359516,1.4756586098466866,-1.5540951541451986,0.15641838342380088,0.12303928573515993,-0.02846558891082141,1.4797985553741455,-1.3597736358642578
11,100000,0.8391915990187898,-0.7871396717359516,1.5756954877665441,-1.6334498842099683,0.09211544000867086,0.07976837072210613,-0.003296974228551111,1.5929697751998901,-1.552869439125061
11,10000000,0.8391915990187898,-0.7871396717359516,0.8156019018407467,-0.7561706829149288,0.09131278532716959,0.07917320907605709,-0.0029648346140630118,1.5929697751998901,-1.552869439125061
12,10,-0.6310277905053692,-0.6338590116424223,0.2914480457185787,-0.05109965516397036,0.27783712955853174,-0.09214120514724114,-0.3698429978029121,-0.21966692805290222,-0.508099377155304
12,1000,-0.6310277905053692,-0.6338590116424223,-0.793013936170005,-0.8890472916383865,-0.0268265886067732,0.022547509853238678,-0.04037650786527871,-0.7491694688796997,-1.0246317386627197
12,100000,-0.6310277905053692,-0.6338590116424223,-0.5962778258104598,-0.5979200668185563,-0.07526371100154114,0.05963522219344025,-0.004867166253618244,-0.8365082144737244,-1.0673352479934692
12,10000000,-0.6310277905053692,-0.6338590116424223,-0.6393540210679267,-0.6449523746225259,-0.08785483506365595,0.06796300309737736,-0.00019807070644871914,-0.8365082144737244,-1.0673352479934692
13,10,-0.5302869784689067,0.7625821338387831,-1.428573035155405,1.1958740888517496,0.13865074219810883,0.2234614521956705,-0.11763770594145949,-1.3897215127944946,0.564120888710022
13,1000,-0.5302869784689067,0.7625821338387831,-0.38326721315431633,0.3836500713020514,-0.03333162333426475,-0.0283130246058345,-0.16639948498867507,-1.1917883157730103,0.6413675546646118
13,100000,-0.5302869784689067,0.7625821338387831,-0.4926438447820986,0.7428523781885668,0.13200854910282783,0.13584614381297122,0.016965166827219647,-1.1922581195831299,0.7345840334892273
13,10000000,-0.5302869784689067,0.7625821338387831,-0.5290071893319748,0.7602570158195424,0.12012965235703661,0.1222194165588393,-0.0010573411129645685,-1.1922581195831299,0.7345840334892273
14,10,-0.5333396644199027,0.7986256480561633,-0.7885236694948823,0.7078843344746181,0.1218733025943538,0.23426772515284272,-0.06611703769056063,-0.889734148979187,0.7971055507659912
14,1000,-0.5333396644199027,0.7986256480561633,-1.1580921890916505,1.4467533488135182,0.15030487729201203,0.151873960009218,0.01964821849444713,-1.1962867975234985,1.2725127935409546
14,100000,-0.5333396644199027,0.7986256480561633,-1.2301293306144203,1.5228133589800057,0.12506276038387365,0.1208943315829921,0.0021124878159233217,-1.1444180011749268,1.2226179838180542
14,10000000,-0.5333396644199027,0.7986256480561633,-0.5248163148847552,0.7900161599842555,0.12154779010265299,0.11667868036612966,0.00016807765738155724,-1.1444180011749268,1.2226179838180542
15,10,-0.7150980877675344,-0.7662510151299418,-0.817824057423278,-0.9846574245517759,0.07816159758049103,-0.9074863819954018,0.2950785492915184,-0.6674663424491882,-0.9672486782073975
15,1000,-0.7150980877675344,-0.7662510151299418,-0.8265082290775713,-0.7900456182573623,0.06022809184403009,-0.07465336121891102,-0.058956988805255406,-0.6940529346466064,-0.909268856048584
15,100000,-0.7150980877675344,-0.7662510151299418,-0.8161570659517693,-0.8495611655101594,0.11609397542458089,-0.15606174456419447,0.007433983087307616,-0.7748876214027405,-1.0337631702423096
15,10000000,-0.7150980877675344,-0.7662510151299418,-0.7056047120973413,-0.7597391281836021,0.11593106580683589,-0.15837607120224537,0.00040436173376894936,-0.7748876214027405,-1.0337631702423096
16,10,-0.763886333763139,0.5213197353376988,-0.8417357284953342,0.7550400065738009,0.13157600982237508,0.25728324501133215,0.222873561113482,-0.8038381934165955,0.5097714066505432
16,1000,-0.763886333763139,0.5213197353376988,-0.8050165879246552,0.6105739162233461,-0.043852958649486164,-0.05049303563892448,0.04692057242469477,-0.9008970260620117,0.18043318390846252
16,100000,-0.763886333763139,0.5213197353376988,-0.7215820169774614,0.48615041520638186,-0.08721313880333516,-0.09517153307002006,0.003121460844584635,-0.9159643054008484,0.2363618016242981
16,10000000,-0.763886333763139,0.5213197353376988,-0.7653054140833622,0.5244281015412313,-0.09500436806405915,-0.10170590706527541,0.0015212471605899056,-0.9159643054008484,0.2363618016242981
17,10,-0.8325455689242085,-0.7271964478898524,0.11417686641048515,-0.21319131344364653,0.12350204125976483,-0.20764493135042475,-0.11907615556330987,0.11293365061283112,-0.0483880452811718
17,1000,-0.8325455689242085,-0.7271964478898524,-0.67017602788636,-0.9509276421657471,-0.8307787384520064,-0.7798328863359416,-0.03571481187692102,-1.1146620512008667,-0.3795335292816162
17,100000,-0.8325455689242085,-0.7271964478898524,-0.861002013531216,-0.6909932270701101,-0.791071035397674,-0.7634538855649413,0.004826707167540321,-1.029835820198059,-0.281453013420105
17,10000000,-0.8325455689242085,-0.7271964478898524,-0.8359831977950847,-0.7235259459768948,-0.7956843742904166,-0.7654182625492206,6.983323115381692e-05,-1.029835820198059,-0.281453013420105
18,10,-0.6175743898807153,0.6207672710600982,1.8323834026631485,3.233813397284872,-0.3637966754741053,0.26952989130679406,0.5381988734967805,0.1705658733844757,0.2898998558521271
18,1000,-0.6175743898807153,0.6207672710600982,0.2389186718732107,1.4580966917780738,-0.6027601762417314,0.5735459349275318,0.053339663295921824,-0.2208162248134613,1.2255969047546387
18,100000,-0.6175743898807153,0.6207672710600982,0.06844368100382442,1.3094159167884485,-0.620279399050547,0.6167372779109112,0.0011218837549940807,-0.14804738759994507,1.246694564819336
18,10000000,-0.6175743898807153,0.6207672710600982,-0.6278952721497564,0.6102789285510601,-0.6195127875811235,0.6186727943065284,0.00013239502406578742,-0.14804738759994507,1.246694564819336
19,10,0.7759433916956944,0.720867133387871,2.461031758882752,-1.943020163055642,1.2043082027335388,0.5960722371237878,0.08097059827205641,0.7816095352172852,1.6995365619659424
19,1000,0.7759433916956944,0.720867133387871,0.8402434015405074,0.7141947074066028,0.7107771671585912,0.8256484857460801,0.03162555532956045,1.1707921028137207,0.753202497959137
19,100000,0.7759433916956944,0.720867133387871,0.860763410342495,0.6465577395385937,0.7067515489754437,0.7851850823504539,0.0015340524783898463,1.0087112188339233,0.6701256036758423
19,10000000,0.7759433916956944,0.720867133387871,0.7754860474388009,0.7209983273564213,0.6955505261061065,0.7912645765541875,-0.00020479144843161065,1.0087112188339233,0.6701256036758423
20,10,0.7603143656493321,-0.6075180954977416,0.6281688071736525,-0.9710641867261774,-0.25083658680951537,-0.36202217120437313,-0.2671464127966599,0.6084626317024231,-0.9165839552879333
20,1000,0.7603143656493321,-0.6075180954977416,0.10883608050676541,-1.0499509836592036,0.5510584339460196,-0.703606142837691,0.05483909787705152,0.16379255056381226,-1.1385186910629272
20,100000,0.7603143656493321,-0.6075180954977416,0.8120678147756804,-0.5901617635717414,0.5680431011812771,-0.7701485420939207,-0.016714924421011388,0.20425541698932648,-1.0437731742858887
20,10000000,0.7603143656493321,-0.6075180954977416,0.7630405652697567,-0.605104856516176,0.558535631951565,-0.7561615816191665,0.0003201263649693739,0.20425541698932648,-1.0437731742858887
21,10,0.6840561335171904,0.717747343783055,0.6487536225436972,0.3760353954288336,0.46923269995839506,0.5338323039090556,-0.146174555130764,0.5755572319030762,0.38840389251708984
21,1000,0.6840561335171904,0.717747343783055,1.3805562895686125,0.1435735981496966,0.6260601303555624,0.7628101766179716,-0.001616563940166347,0.28451088070869446,0.703933596611023
21,100000,0.6840561335171904,0.717747343783055,-0.07125742875843877,1.420453857583289,0.675316760368008,0.725982169366357,6.529696189601063e-05,0.3774432837963104,0.629120945930481
21,10000000,0.6840561335171904,0.717747343783055,0.6792572707768769,0.7223968511987698,0.6748553760699405,0.7264859082255273,0.00011891830637133824,0.3774432837963104,0.629120945930481
22,10,0.8180659101830612,0.511630539735236,-1.9896325095097627,-2.7648830416068817,0.2663395391689072,-0.23776252535610679,0.08614696386178997,1.0554392337799072,0.7503388524055481
22,1000,0.8180659101830612,0.511630539735236,1.8799506533756238,1.7605212031315305,0.20833924387605646,-0.17951342329927727,-0.01041836070581827,1.4894927740097046,1.2303361892700195
22,100000,0.8180659101830612,0.511630539735236,0.9907323727106828,0.7081104712565134,0.22591267443141227,-0.1919645198493965,0.004243000943927488,1.3122161626815796,1.2903913259506226
22,10000000,0.8180659101830612,0.511630539735236,0.8608115126592032,0.5608398231397184,0.21808289343296391,-0.1873443920894513,0.00034810130298230387,1.3122161626815796,1.2903913259506226
23,10,-0.7871407352904154,0.5476906776736491,-3.4080148432907222,0.8933310209763048,0.055319389401630635,0.35766807674236456,0.06589026570946653,-0.49078133702278137,0.9279015064239502
23,1000,-0.7871407352904154,0.5476906776736491,-1.3308549037594442,0.9118523918971759,0.004750443548919457,0.007011974358174456,0.003312233027859853,-1.1547040939331055,0.8916844129562378
23,100000,-0.7871407352904154,0.5476906776736491,-1.3273899261772895,0.9277156171585593,-0.002480842598483874,-0.003529565526645652,-0.00022740800448692924,-1.0919831991195679,0.9113651514053345
23,10000000,-0.7871407352904154,0.5476906776736491,-0.7816019982920764,0.5442769154094198,-0.0027987942435647555,-0.0039757398409051665,-0.00036990283852776575,-1.0919831991195679,0.9113651514053345
24,10,0.8228877197553653,0.8376880614089453,3.8564891023433203,0.5917005020386581,0.2865604766761319,1.3496660886774836,-0.23141865598222996,1.4381603002548218,1.4190642833709717
24,1000,0.8228877197553653,0.8376880614089453,1.1445057871099704,0.5630819236241518,0.7290709853555317,0.8997211729513176,0.009422855549714846,1.0164421796798706,1.2034015655517578
24,100000,0.8228877197553653,0.8376880614089453,0.0363326843081318,1.448514281701507,0.7163395476196266,0.9177321966861532,0.002155796407794669,1.140020489692688,1.166900873184204
24,10000000,0.8228877197553653,0.8376880614089453,0.8501240398758424,0.8135494654638405,0.7336485156910546,0.9076916705785378,0.0014498208037210733,1.140020489692688,1.166900873184204
25,10,0.8601097352226852,0.7678449112428809,-1.2322725080990322,0.5782439571146661,-0.17094229487119028,0.8039207166581601,-0.964484537695843,0.9257432818412781,0.5565589070320129
25,1000,0.8601097352226852,0.7678449112428809,1.04632804840743,0.9973539472087534,0.02098098811616012,-0.0211225247506439,0.031210730282618525,1.164767861366272,0.8211942315101624
25,100000,0.8601097352226852,0.7678449112428809,1.040414028036821,0.9281837212515538,0.023431889759102553,-0.025000225233517515,-0.006730273901055312,1.1709365844726562,0.8254667520523071
25,10000000,0.8601097352226852,0.7678449112428809,0.39482774011637956,0.3417032633952557,0.009927216959204418,-0.010838409457176325,1.8311374707061306e-05,1.1709365844726562,0.8254667520523071
26,10,-0.8693197838072172,-0.8554920965610812,1.366455429934279,0.9414332565240839,0.38694556087682214,-0.3042615261327809,-0.5018497407597293,-0.32533687353134155,-1.2428197860717773
26,1000,-0.8693197838072172,-0.8554920965610812,-0.8407388755355035,-0.8360382693005493,-0.8943752172297835,-0.7740654549226961,-0.04180872647592425,-0.7420050501823425,-1.2607313394546509
26,100000,-0.8693197838072172,-0.8554920965610812,-0.3714916674126962,-1.2603536953377055,-0.7548493944419262,-0.9584229614846984,0.008634492422367657,-0.5714053511619568,-1.1939913034439087
26,10000000,-0.8693197838072172,-0.8554920965610812,-0.8117721248703222,-0.901263200458444,-0.7674599409477988,-0.9375367913923447,-0.0009013244017662409,-0.5714053511619568,-1.1939913034439087
27,10,-0.7902292030540518,-0.8397739793238093,0.5404799163530681,0.031156467239650404,0.11132325813597437,-0.20355140564923285,0.06031071721004875,-0.2733824551105499,-0.12530648708343506
27,1000,-0.7902292030540518,-0.8397739793238093,-1.7699590032716732,0.29151266000057124,-0.9798417377181834,-0.7461151754399449,0.13750724788223828,-0.347545862197876,-0.3231388330459595
27,100000,-0.7902292030540518,-0.8397739793238093,-0.7224643263022259,-0.88024291830606,-0.8150730806773497,-0.7839586242192402,-0.026969275856735683,-0.2887776792049408,-0.3285626173019409
27,10000000,-0.7902292030540518,-0.8397739793238093,-0.7801579834679118,-0.8492396674057551,-0.8373753627862411,-0.7884736222079517,-0.0010939142877701461,-0.2887776792049408,-0.3285626173019409
28,10,0.8820585737270348,-0.529238309906384,1.9590229809003636,-0.24115365703684402,0.46616552770357605,-0.9634632111532692,-0.16230894817069647,1.0294331312179565,-0.628368616104126
28,1000,0.8820585737270348,-0.529238309906384,1.1757042912868447,-0.2309997876423634,0.5987577694480759,-0.7144919121150077,0.037318204814601255,0.9735944867134094,-0.34434691071510315
28,100000,0.8820585737270348,-0.529238309906384,0.8211630555348127,-0.5815207950205046,0.5998726176881239,-0.756901666849027,-0.002960867175831126,1.1323537826538086,-0.38888221979141235
28,10000000,0.8820585737270348,-0.529238309906384,0.8798027148325696,-0.531171731313526,0.5961247822292824,-0.7551196212171325,-0.00011281071664806801,1.1323537826538086,-0.38888221979141235
29,10,0.7568602288971822,-0.6914574812207355,-0.3645445075547159,0.12466240338603252,-0.3687881654324225,0.014163080481438902,0.1802646529538422,-0.3075249493122101,-0.2290996015071869
29,1000,0.7568602288971822,-0.6914574812207355,0.9308487038690336,-0.4854000466858088,0.7000941588375271,-0.7122244747108978,-0.024036572519372173,0.4646303057670593,-0.31568270921707153
29,100000,0.7568602288971822,-0.6914574812207355,0.8897149040027018,-0.5414119355391951,0.7820457117996978,-0.6675484441268685,0.003364640750853724,0.45971453189849854,-0.34899789094924927
29,10000000,0.7568602288971822,-0.6914574812207355,0.7297679931702704,-0.7231079683762094,0.7879057663529714,-0.6529543904141787,-0.0006107440344112993,0.45971453189849854,-0.34899789094924927
30,10,0.6467949320041011,0.7061528448963632,-1.3372877842872284,-0.10132902037427371,-0.8808479598012062,0.5854337375411803,2.6622207133293996,0.05121782422065735,0.23417404294013977
30,1000,0.6467949320041011,0.7061528448963632,0.6876259442320525,0.6352188934649821,0.5962498714357596,0.7117651676231225,0.027238385242603042,0.012042289599776268,0.3691934645175934
30,100000,0.6467949320041011,0.7061528448963632,0.6357746469899263,0.7145175567989632,0.5322829371632505,0.784717204473971,-0.0007025822497504874,0.014754725620150566,0.30584681034088135
30,10000000,0.6467949320041011,0.7061528448963632,0.6543561826479712,0.7008579248122022,0.5388308605641641,0.7806022605179047,5.9415917767944784e-05,0.014754725620150566,0.30584681034088135
31,10,0.6535741105656772,0.6845769811584214,0.09589435621665576,1.3324824858130304,0.7116684059208236,0.7414107672447947,0.0672168134244417,0.09396414458751678,1.2998909950256348
31,1000,0.6535741105656772,0.6845769811584214,-0.26618868068102336,1.440986652477956,0.5993816871673637,0.7030690411212361,-0.022835536757093128,0.4009833335876465,0.9325915575027466
31,100000,0.6535741105656772,0.6845769811584214,0.6166735599585972,0.7135372545298265,0.6230625321008563,0.7079140732556207,-0.0028256567487046553,0.5214274525642395,0.952823281288147
31,10000000,0.6535741105656772,0.6845769811584214,0.6536945075272802,0.684893819978575,0.6252218412637672,0.7099678195824337,0.0003388822223648075,0.5214274525642395,0.952823281288147
32,10,0.7139546914981076,0.5666000492104116,0.43101084034947945,0.5567944909350032,0.07410513463731101,-0.044021072341082414,-0.14019420173704858,0.34306538105010986,0.5735954642295837
32,1000,0.7139546914981076,0.5666000492104116,0.8182797860324033,0.7861272613779122,0.0713997571631537,-0.06281581660128718,-0.06280909831404158,0.3907487094402313,0.6018745303153992
32,100000,0.7139546914981076,0.5666000492104116,0.6779075953055238,0.5246158398260707,0.10374219044918635,-0.09598054156604119,0.002087845410254838,0.442962646484375,0.5777850151062012
32,10000000,0.7139546914981076,0.5666000492104116,0.7166264990460957,0.5689230434023645,0.09619682760003251,-0.0905074416419109,0.00035599839850600456,0.442962646484375,0.5777850151062012
33,10,-0.8286277829648676,-0.7110204269757444,-2.085873125540465,-0.6429199264017638,-1.4969819085788856,0.6709593059860881,1.1565551466513764,-2.355217933654785,-1.0576527118682861
33,1000,-0.8286277829648676,-0.7110204269757444,-0.7696069249888905,-0.6115049605553743,-0.14784275297620209,0.12483770317786051,0.021706815981182438,-0.8033952116966248,-1.0004621744155884
33,100000,-0.8286277829648676,-0.7110204269757444,-0.6375627626571432,-0.5041705319425358,-0.10962929510298725,0.09637413658381137,-0.007878489024736725,-0.8060702085494995,-1.0837782621383667
33,10000000,-0.8286277829648676,-0.7110204269757444,-0.7635627477992277,-0.6389320543497472,-0.11394766772065172,0.10015364086991099,-0.0014549298650188291,-0.8060702085494995,-1.0837782621383667
34,10,0.70591922067731,-0.8571590152114037,1.732326471748943,-0.5397818801118246,0.14824849692337078,-0.8245785082432409,-0.159636053340254,1.4565508365631104,-0.4997308552265167
34,1000,0.70591922067731,-0.8571590152114037,0.4736988877292587,-1.032402862923544,0.6429858304112422,-0.9132087518288241,0.009081830419588216,0.7391155362129211,-0.6174799203872681
34,100000,0.70591922067731,-0.8571590152114037,0.6891173931526,-0.8639706494492406,0.6326737167052127,-0.9034954002690468,-0.003788419270158286,0.7683718800544739,-0.5984036922454834
34,10000000,0.70591922067731,-0.8571590152114037,0.6872181457886096,-0.8698377315447344,0.6341416212124734,-0.9069490058564059,-0.0003042386296051661,0.7683718800544739,-0.5984036922454834
35,10,0.7018324780041424,0.8526474507574657,-0.8052074569898618,1.843959555901534,-0.4622715415086478,1.9262587358296652,1.2481603128768293,1.2682454586029053,1.592991590499878
35,1000,0.7018324780041424,0.8526474507574657,0.15921448719590317,0.34617775591516153,-0.08443180512214397,0.07619582660257383,0.06809951188459765,0.8857919573783875,0.45259594917297363
35,100000,0.7018324780041424,0.8526474507574657,0.9203952461003376,1.1335299834990964,0.01275771789362041,-0.010124893243584327,0.0033617862840438066,0.9100560545921326,0.43024277687072754
35,10000000,0.7018324780041424,0.8526474507574657,0.709432865448142,0.8625383014674668,0.015506307418264625,-0.01229969274955859,0.00018802547499638573,0.9100560545921326,0.43024277687072754
36,10,0.7125652546274042,0.5973568145222495,1.191007792966335,-0.5079792052644259,0.9838299155312721,0.26402440480596023,0.1402641915977312,0.9778963327407837,0.07043597102165222
36,1000,0.7125652546274042,0.5973568145222495,0.8360690357707274,0.5442210022672336,0.6361063611541898,0.7207101602331007,0.04387165929401764,0.40078169107437134,0.36665916442871094
36,100000,0.7125652546274042,0.5973568145222495,0.8305655166968247,0.491705273231103,0.6248194398297802,0.6805912562780563,0.001967439634933308,0.3840015232563019,0.29443642497062683
36,10000000,0.7125652546274042,0.5973568145222495,0.7217600450025726,0.5899729900208796,0.6262313420355915,0.678183702855795,0.0008106263705525109,0.3840015232563019,0.29443642497062683
37,10,-0.5795442121669782,0.6462744671487468,-0.7131260564232317,0.39131990258933913,-0.6918962125342586,0.4258156923052002,0.01891537662344427,-0.6547033190727234,0.38069063425064087
37,1000,-0.5795442121669782,0.6462744671487468,-0.9186937219916412,0.2856363863846969,-0.5628454732779317,0.6125890014266596,0.030201658613862606,-1.073290467262268,0.4408392906188965
37,100000,-0.5795442121669782,0.6462744671487468,-1.0963216817406385,0.16104823304007151,-0.5956417974186051,0.6325295508866257,-0.000906017536107942,-1.0788910388946533,0.49810856580734253
37,10000000,-0.5795442121669782,0.6462744671487468,-0.5879679689195929,0.6369446050000517,-0.5974074986497944,0.6279644051700582,0.0008404378634817909,-1.0788910388946533,0.49810856580734253
38,10,0.8172138436618996,0.8692657182217347,2.8044376149489443,8.472376303154029,0.05327431036098725,-0.017264138422705355,0.12170101951001416,1.3375089168548584,4.024652004241943
38,1000,0.8172138436618996,0.8692657182217347,1.5546635176563526,0.037225798610932184,0.5498636615180547,0.7621513098866374,-0.26122522063587195,1.1338331699371338,0.8868378400802612
38,100000,0.8172138436618996,0.8692657182217347,0.6328023687354469,1.0264597877335424,0.794688811213097,0.8803205903362081,-0.006697931230570337,1.1067402362823486,1.1174397468566895
38,10000000,0.8172138436618996,0.8692657182217347,0.7754327438723672,0.9082344509612473,0.8087994303673831,0.8774793605940554,0.00032487718090083305,1.1067402362823486,1.1174397468566895
39,10,-0.7194996691817043,0.5625703616198372,-0.5418710939280249,0.2046062265789491,-0.2924616962159156,-0.18650239651910314,0.03355601230591589,-0.6022757887840271,-0.21360976994037628
39,1000,-0.7194996691817043,0.5625703616198372,-1.9606359170911227,1.9608005872858232,-0.1091981164397358,-0.09819057240017047,-0.011664781265778456,-0.8106845021247864,0.950946569442749
39,100000,-0.7194996691817043,0.5625703616198372,-1.2363376841103109,1.1132535472688159,-0.09477822842801902,-0.08992434420661145,-0.004060501672096394,-0.7987974882125854,0.9316976070404053
39,10000000,-0.7194996691817043,0.5625703616198372,-1.3715732896258885,1.2550735443148384,-0.10014135821464976,-0.09435333090450082,-0.00029040978949710955,-0.7987974882125854,0.9316976070404053
40,10,-0.6449183576134948,0.505829819796409,-0.5619526410694923,0.7608927919615771,-0.7260668612705027,0.5403887714275951,-0.063326997175347,-0.9790366291999817,0.4345547556877136
40,1000,-0.6449183576134948,0.505829819796409,-0.9127149717848477,0.26369367025516965,-0.595951362304179,0.5858945116237365,-0.017639025759273057,-1.051527738571167,0.2760885953903198
40,100000,-0.6449183576134948,0.505829819796409,-0.7096564145749391,0.4439366167229985,-0.5771924133706778,0.5765485481615896,-0.0017463270519897246,-1.0393691062927246,0.26105955243110657
40,10000000,-0.6449183576134948,0.505829819796409,-0.6527709504266643,0.4980279559358233,-0.5756166579930944,0.5752336235808592,-3.3547302299161244e-05,-1.0393691062927246,0.26105955243110657
41,10,-0.550489577882562,-0.6291566119995221,-0.06029394488581017,-0.2056443855195244,0.04936549340363904,-0.1746484487279047,0.32174438472561073,0.10506117343902588,-0.4483293890953064
41,1000,-0.550489577882562,-0.6291566119995221,0.2536094408163315,0.43945649462130654,-0.09301010117688358,0.0930736619395044,0.1947829862360251,-0.07733924686908722,0.1405325084924698
41,100000,-0.550489577882562,-0.6291566119995221,-0.5505646195467869,-0.6161858441262236,-0.054036928956413204,0.040836985177168515,0.008013125818697875,-0.09133240580558777,0.014310810714960098
41,10000000,-0.550489577882562,-0.6291566119995221,-0.5543507815667931,-0.6341432301040552,-0.05313481233263625,0.0395324027815892,0.00012203996891845094,-0.09133240580558777,0.014310810714960098
42,10,-0.5682096494749166,0.5260206371941119,-0.5209806305692034,1.5275613960596257,0.10607771360109615,0.04486203834790311,0.22795157165133603,-0.3211045563220978,0.6771926283836365
42,1000,-0.5682096494749166,0.5260206371941119,-0.5475370489211508,0.6918677776188148,-0.008068007294368625,-0.0062346725212860206,0.1067276479220597,-0.18730990588665009,0.5178679823875427
42,100000,-0.5682096494749166,0.5260206371941119,0.041139150980696315,-0.09846758203307163,-0.028781840238181585,-0.028948047764121302,-0.013973988836141009,-0.3497099280357361,0.682720422744751
42,10000000,-0.5682096494749166,0.5260206371941119,-0.5718157723954679,0.525526805360746,-0.018765700455789517,-0.019057422978840305,-0.003013159078733977,-0.3497099280357361,0.682720422744751
43,10,0.7172810061121624,0.6902385468029013,-1.0236725303672498,0.8771568718014215,-0.7590128531218271,-0.1885030110975752,-3.3968503012772433,0.3823155462741852,1.7154731750488281
43,1000,0.7172810061121624,0.6902385468029013,0.41992142993095516,0.9395842641958977,0.5927059575119491,0.813731412375724,0.029942924375746766,0.6436134576797485,1.2989310026168823
43,100000,0.7172810061121624,0.6902385468029013,0.7868065434969949,0.6383693798373402,0.6045515437218679,0.7796859469675073,0.001867221130158834,0.6475628614425659,1.224228024482727
43,10000000,0.7172810061121624,0.6902385468029013,0.7216074454811603,0.6860344220552159,0.6072175318758213,0.7755913296154875,-0.0007469760840044734,0.6475628614425659,1.224228024482727
44,10,0.5416091843960924,-0.5811750372000668,0.40108853697674296,-0.8775476309132044,0.6714275923899359,-0.33384831795816405,0.006658107426303116,0.6711216568946838,0.03308015689253807
44,1000,0.5416091843960924,-0.5811750372000668,0.8556534080463155,-0.1626371175913894,0.6034196372688464,-0.47983520647067285,-0.014663849477057903,0.48955824971199036,-0.335461288690567
44,100000,0.5416091843960924,-0.5811750372000668,0.5624686471534638,-0.5493585706783506,0.6126035569758692,-0.4861878802202582,-0.003538663877912295,0.4132775366306305,-0.32864660024642944
44,10000000,0.5416091843960924,-0.5811750372000668,0.5416528830316517,-0.5816022303410823,0.6152413910402532,-0.489019662619163,0.0003095738379838541,0.4132775366306305,-0.32864660024642944
45,10,0.5442261827090045,-0.7404016494092746,1.6108804330363924,-2.4214951845457198,-0.36327255501197525,-0.34544178954085947,0.5290142863607737,0.4696671962738037,-0.6777499914169312
45,1000,0.5442261827090045,-0.7404016494092746,-0.30053921217501706,0.2506766486168963,-0.0626545467522607,-0.04963096280167787,0.05064747792281371,0.13206060230731964,-0.054909199476242065
45,100000,0.5442261827090045,-0.7404016494092746,0.8209060882503985,-1.0486427688445294,-0.059201344880821925,-0.05229450967729428,-0.0036564101874551527,0.21595655381679535,-0.08976127952337265
45,10000000,0.5442261827090045,-0.7404016494092746,0.562440388395578,-0.7614901148642635,-0.061687126223180976,-0.05445352216750112,0.0003336986804381311,0.21595655381679535,-0.08976127952337265
46,10,-0.615880016291142,0.593980156250111,-0.5507251830342248,-0.23292677719532245,-0.35544504398040855,0.1715905620750103,0.278864975422825,-1.1225788593292236,-0.34674420952796936
46,1000,-0.615880016291142,0.593980156250111,-1.3898453088790177,-0.14461190831406173,-0.6205612006513176,0.6223997539311628,-0.024503447454905847,-0.9821577072143555,0.4522111713886261
46,100000,-0.615880016291142,0.593980156250111,-0.6976513869847565,0.49864313068433486,-0.628662890096133,0.5741780733300155,0.004309787174506515,-0.9430900812149048,0.3023570775985718
46,10000000,-0.615880016291142,0.593980156250111,-0.6162658382228681,0.5923550623760713,-0.6302335720192536,0.5771013557688813,0.0009088329849683734,-0.9430900812149048,0.3023570775985718
47,10,0.6173839271919587,0.5042408211602639,0.7899453706806052,0.3921166733663592,0.10464254137748323,-0.1358312549801223,0.2583206750599589,0.5244987607002258,0.06666263937950134
47,1000,0.6173839271919587,0.5042408211602639,-0.27591802445702307,-0.23572501379928146,-0.002565323785854751,0.0029381914328906133,-0.02745629571197781,-0.141425222158432,-0.16733211278915405
47,100000,0.6173839271919587,0.5042408211602639,0.6920523867296381,0.5594419317998883,-0.026387583973104485,0.036233956580259144,-0.0006462621784009899,-0.23178589344024658,-0.08663177490234375
47,10000000,0.6173839271919587,0.5042408211602639,0.6052615213997258,0.49610194670950625,-0.027903312238814964,0.03861867085442986,-0.00048309128980103733,-0.23178589344024658,-0.08663177490234375
48,10,0.7717299328555367,-0.5584705682334217,-0.051977233513174056,0.12998109796298127,0.04355460312946342,0.05705832194762902,0.04772934784344078,0.23268675804138184,-0.2177223265171051
48,1000,0.7717299328555367,-0.5584705682334217,0.7849413386434635,-0.5657891429863212,0.011241121038438993,0.014975528338735285,0.0023552778501514555,0.494253933429718,-0.5171085000038147
48,100000,0.7717299328555367,-0.5584705682334217,0.7437383238203209,-0.5440075568578823,0.023184436733865686,0.02914683420220963,-0.0066468976535397715,0.5087403059005737,-0.6113100647926331
48,10000000,0.7717299328555367,-0.5584705682334217,0.7855692841478304,-0.5688870553303702,0.02860619708009324,0.035809428108263444,0.000543121525789929,0.5087403059005737,-0.6113100647926331
49,10,-0.8642542361871663,-0.837457332490271,2.2684749315015047,0.8891445931941577,1.353739289992518,-0.7537423969491648,5.358026354504876,-1.8165340423583984,-1.152675986289978
49,1000,-0.8642542361871663,-0.837457332490271,-1.6910725560882414,-1.5240723494106716,-0.011467443216438236,0.012534614711253162,-0.056005204462523585,-1.2798359394073486,-0.5256487131118774
49,100000,-0.8642542361871663,-0.837457332490271,-0.8876145188027192,-0.8468850016816627,-0.003113825724955302,0.0032397375171577137,-0.0105141501314973,-1.1933131217956543,-0.4800676107406616
49,10000000,-0.8642542361871663,-0.837457332490271,-0.8820795742551226,-0.8554071990237687,0.004584265338358774,-0.004778468160249185,0.0006888192451458048,-1.1933131217956543,-0.4800676107406616
50,10,-0.7856370829736374,0.7930750435626066,-1.3854008763291348,0.32102124334130894,-0.8585251655612465,0.8519581731785766,-0.07519989846161708,-0.9769407510757446,0.8020718693733215
50,1000,-0.7856370829736374,0.7930750435626066,-0.387648873351662,1.2471978239313644,-0.8242435244311036,0.7939376599101703,-0.02658234452179607,-0.8147329688072205,1.0251173973083496
50,100000,-0.7856370829736374,0.7930750435626066,-0.8929278429206868,0.6783660799298785,-0.791596639582934,0.7810637644222498,0.003865116855523568,-0.788410484790802,1.0141637325286865
50,10000000,-0.7856370829736374,0.7930750435626066,-0.7826412578176111,0.795868201176308,-0.7909211330936736,0.7875529143994041,0.0001399036078350693,-0.788410484790802,1.0141637325286865
51,10,-0.6488592714885205,0.8455098559040599,-0.16791226594147624,-0.6174705795859281,0.002412705841915245,-0.0006662470296580615,0.312547955318924,0.1411675065755844,0.971587598323822
51,1000,-0.6488592714885205,0.8455098559040599,-1.4029997046706606,1.6556899250428172,0.11666631520225298,0.11508031195614256,0.03097686861411962,-1.0211446285247803,0.7342424392700195
51,100000,-0.6488592714885205,0.8455098559040599,-0.6948327568636965,0.8654260335911261,0.11239775625969593,0.12205298324621044,-0.016374031684411497,-1.0151740312576294,0.6379018425941467
51,10000000,-0.6488592714885205,0.8455098559040599,-0.6688980946576323,0.86285139320416,0.12157248586679496,0.13137793672097897,-0.0008832187823285936,-1.0151740312576294,0.6379018425941467
52,10,0.8184638166008098,0.678150998356411,4.245631543393257,3.406192267220129,0.29091950267972716,-0.309623245847355,0.3546581821407493,-0.0737854614853859,0.4028339982032776
52,1000,0.8184638166008098,0.678150998356411,0.8470266921222,0.6951538035323497,-0.0391706345357187,0.05415435486099086,0.002920734330246517,0.8149024844169617,0.6897244453430176
52,100000,0.8184638166008098,0.678150998356411,0.8237852960023868,0.6877916143509367,-0.011145580903939446,0.013807127340624056,-0.004032633592854272,0.8017742037773132,0.7007524967193604
52,10000000,0.8184638166008098,0.678150998356411,0.8180459785683826,0.6770980392092143,-0.006072558054796653,0.007473603698257558,0.0005390976101982832,0.8017742037773132,0.7007524967193604
53,10,0.6882245385493219,0.6702936371633325,0.21961358918135898,0.0659787856983628,0.17887813916785425,0.12450431806435343,-0.5093401155946458,-0.16356033086776733,1.2786310911178589
53,1000,0.6882245385493219,0.6702936371633325,0.6657519998320547,0.5723625945879377,0.6830530671064362,0.550911703282548,-0.09038091426660176,0.3332419693470001,0.7224611639976501
53,100000,0.6882245385493219,0.6702936371633325,0.6770392075946388,0.6765573937834132,0.7289073077707745,0.6150917014853837,-0.005270333016765954,0.3383697271347046,0.7516307830810547
53,10000000,0.6882245385493219,0.6702936371633325,0.6853749869847149,0.6722170142164309,0.7353530204932868,0.6121835524340657,-0.0011133322578294358,0.3383697271347046,0.7516307830810547
54,10,-0.8973028318194236,-0.5782225557154715,-0.867084585318712,-1.7050838574526026,0.1653053721078988,-1.5983087382341379,-1.0127148046550023,-0.5223158001899719,-1.4791711568832397
54,1000,-0.8973028318194236,-0.5782225557154715,-1.584094229509598,-1.4275727079731146,-0.3912858795495235,0.27425211868825033,-0.07428567327207453,-1.4913876056671143,-0.907475471496582
54,100000,-0.8973028318194236,-0.5782225557154715,-0.8864828076273097,-0.5533021813116926,-0.2096081418116156,0.19069703109287242,-0.008121362120645747,-1.4889153242111206,-0.9407156705856323
54,10000000,-0.8973028318194236,-0.5782225557154715,-0.8886821381359902,-0.5692339997748822,-0.19189955462137656,0.1787609280173245,0.00016827807161190228,-1.4889153242111206,-0.9407156705856323
55,10,-0.8118244159939145,-0.6402909790702924,0.34803943140408133,0.3552582852159724,-0.07077828078867805,0.13393801455208196,0.2514334913132982,-0.873321533203125,0.0534062385559082
55,1000,-0.8118244159939145,-0.6402909790702924,-0.2082999601609472,-0.06795744173162226,-0.06639259820748224,0.06886169889479109,-0.006954208379698905,-0.3430912494659424,-0.1189192458987236
55,100000,-0.8118244159939145,-0.6402909790702924,-0.8547111739829408,-0.6831072538143903,-0.06609559788801853,0.0692783315128595,-0.0014794370144611058,-0.39182648062705994,-0.049926795065402985
55,10000000,-0.8118244159939145,-0.6402909790702924,-0.8383319801667873,-0.6656966248170035,-0.06687305721953261,0.07011299562237899,-9.585567225045559e-05,-0.39182648062705994,-0.049926795065402985
56,10,-0.8953046684869774,-0.7037018463432836,-2.059920264252497,-0.05165890673357833,-0.6950440445606889,-1.0001580677061839,-0.13543908226108126,-1.8231587409973145,-0.11541083455085754
56,1000,-0.8953046684869774,-0.7037018463432836,-0.51934316982581,-1.033099986151566,-0.7796678449404906,-0.7692496506044291,0.03719702942503592,-1.0117394924163818,-0.29381439089775085
56,100000,-0.8953046684869774,-0.7037018463432836,-1.1289733707004097,-0.44913891792984884,-0.8313369387789827,-0.7703419409411203,0.0017604967587963726,-0.997363269329071,-0.18357408046722412
56,10000000,-0.8953046684869774,-0.7037018463432836,-0.8152256254834936,-0.7909287697307557,-0.8307003242103285,-0.7743274768227667,-0.0009720452245198443,-0.997363269329071,-0.18357408046722412
57,10,0.6123618215434471,-0.6716566831127637,0.6992060828742053,1.0934223085125836,0.9982624398797967,0.565588590053605,1.0832479654316012,0.9731107950210571,0.3709143102169037
57,1000,0.6123618215434471,-0.6716566831127637,1.0781497028328655,-0.0497506835876195,0.7080318335351321,-0.5373926744298382,-0.004535926559011153,0.6058343052864075,-0.3322066068649292
57,100000,0.6123618215434471,-0.6716566831127637,0.07389960213745986,-1.3828977062655592,0.7134593387371483,-0.5437950359070884,0.002655740130324839,0.6356653571128845,-0.2761412262916565
57,10000000,0.6123618215434471,-0.6716566831127637,0.5678828543434472,-0.730940290496915,0.7123589332167848,-0.5405404215559272,0.0003685784531372559,0.6356653571128845,-0.2761412262916565
58,10,-0.5961186434867,-0.7022285354312264,-0.1927728183562054,-0.24595033259529914,-0.006687342646007831,0.004959617336255192,-0.04836514811287135,0.45022138953208923,-1.272719144821167
58,1000,-0.5961186434867,-0.7022285354312264,-0.8360611292238658,-0.9465280107423197,0.0637898931296705,-0.0651250361077527,-0.009011858843212529,-0.1147770881652832,-0.7602969408035278
58,100000,-0.5961186434867,-0.7022285354312264,-0.584733271771458,-0.7051417169203815,0.07032003835933769,-0.07285164864515646,-0.013532511236715918,-0.22689023613929749,-0.8247948288917542
58,10000000,-0.5961186434867,-0.7022285354312264,-0.5904705064984218,-0.6980527498745335,0.06405642307890563,-0.06637330758382878,-0.0012419249606411482,-0.22689023613929749,-0.8247948288917542
59,10,-0.7577575705157145,0.8847066972557354,0.07562983302132938,-0.3433346318827625,0.016501600245425303,-0.34615335499036776,3.5318318344895614,-0.32213106751441956,0.4644719958305359
59,1000,-0.7577575705157145,0.8847066972557354,-0.3913562042157781,0.630077664501511,0.14409105808804806,0.16639057881260463,-0.059681787640956954,-0.4115476608276367,0.6797657608985901
59,100000,-0.7577575705157145,0.8847066972557354,-0.81279078089143,0.9485426327772063,0.10158148097494776,0.1108844797720588,-0.012083702671863952,-0.41829678416252136,0.5601946115493774
59,10000000,-0.7577575705157145,0.8847066972557354,-0.7626915855082996,0.8901697499716646,0.09924824317114761,0.1095933963675537,-0.0009064930279347848,-0.41829678416252136,0.5601946115493774
60,10,-0.5817008130838209,0.8904211474309094,-0.07967367762391925,1.1325887485715842,0.4267875279936451,0.8896177300421235,0.3797805197350738,-0.3777012228965759,0.8110464811325073
60,1000,-0.5817008130838209,0.8904211474309094,-0.3986706055031005,0.6701943219172388,0.1518762937815762,0.16575996874665583,-0.04242830154447788,-0.3159636855125427,0.6216464042663574
60,100000,-0.5817008130838209,0.8904211474309094,-0.587598833756619,0.902028888723889,0.11741969745506113,0.10369475533175652,0.003467750165551917,-0.3549495041370392,0.5768828988075256
60,10000000,-0.5817008130838209,0.8904211474309094,-0.5824086951677233,0.8902905152927754,0.11389903689671933,0.10040547122887832,-0.000660256161394299,-0.3549495041370392,0.5768828988075256
61,10,-0.7420176382241566,0.8641128736115916,-0.37713703093320317,2.2590464022373307,0.7374786696502341,0.4558635260394604,-1.4182789683386892,-1.032452940940857,0.21944928169250488
61,1000,-0.7420176382241566,0.8641128736115916,-1.2211668596175365,0.5154448013209495,-0.5631960978935341,0.9187726266896267,0.05286763167153046,-1.1864924430847168,0.40851256251335144
61,100000,-0.7420176382241566,0.8641128736115916,-1.3500963066947531,0.44261500617275573,-0.6309377471347071,0.9303359174138881,0.008363576543653719,-1.152287244796753,0.38959771394729614
61,10000000,-0.7420176382241566,0.8641128736115916,-0.7474955537244707,0.8602894086629304,-0.6437584032861909,0.9319475829521541,3.6188298955192775e-05,-1.152287244796753,0.38959771394729614
62,10,0.6867440423176704,-0.8640265714446534,0.6367067371216003,-1.9512832230935402,0.7487306136145572,-0.04397598032732578,0.01681047208325696,0.08219659328460693,-1.4106734991073608
62,1000,0.6867440423176704,-0.8640265714446534,0.6587803344468475,-0.8899751272830183,0.46070000124519256,-0.9828254030952395,0.010021612686304408,0.313912570476532,-0.8444722890853882
62,100000,0.6867440423176704,-0.8640265714446534,0.6957304802669387,-0.8766828923403542,0.5989827723644039,-0.9384348711718703,0.014657598025493775,0.3909939229488373,-0.7947448492050171
62,10000000,0.6867440423176704,-0.8640265714446534,0.6905372155761327,-0.8634345881593408,0.6059595361548571,-0.919190855822913,0.0014883348068907764,0.3909939229488373,-0.7947448492050171
63,10,-0.6599307985260319,-0.6258575291200603,-0.4458258560843561,0.8706993364089661,0.1267316398194033,0.09334355238346624,-1.2719515767627088,-1.6046580076217651,0.6510797739028931
63,1000,-0.6599307985260319,-0.6258575291200603,-0.762617123776592,-0.34533201948829784,-0.7412881317395759,-0.38626488516247737,-0.0382679536522661,-1.0527042150497437,-0.10948194563388824
63,100000,-0.6599307985260319,-0.6258575291200603,-0.6709569499909145,-0.5876142009931201,-0.7290543536105686,-0.5034888766713543,-0.012427278638151667,-0.9811657667160034,-0.12088268995285034
63,10000000,-0.6599307985260319,-0.6258575291200603,-0.6648241849981694,-0.6196090928382232,-0.742705993932248,-0.5050878551485706,0.0005187489580198669,-0.9811657667160034,-0.12088268995285034
64,10,-0.5703679744510923,-0.8554397304848269,-1.7857557736406942,-11.763894816231653,-0.7668483143190484,0.06604828618896995,-0.0751184479465894,-0.960895836353302,-1.3874430656433105
64,1000,-0.5703679744510923,-0.8554397304848269,-0.4614309354381919,-0.7806318174826721,-0.5580225986216562,-0.7040772475352515,0.17253636994811397,-0.961871325969696,-1.3671283721923828
64,100000,-0.5703679744510923,-0.8554397304848269,-0.41602133590430457,-1.0067865740033546,-0.7115585118314851,-0.7110295273469713,0.002649516983125638,-0.900285542011261,-1.3356057405471802
64,10000000,-0.5703679744510923,-0.8554397304848269,-0.5847240690145461,-0.8423180418947406,-0.7149149175788363,-0.7115028535915114,-0.0011040042875622954,-0.900285542011261,-1.3356057405471802
65,10,-0.7520513539704814,-0.7201082583225764,-2.699405860635774,-0.24655287344012522,-0.9291992622529225,-1.4117141515914478,-0.6037169461431555,-0.6872468590736389,-1.4509962797164917
65,1000,-0.7520513539704814,-0.7201082583225764,-1.1477928183084565,-0.8771034700696707,-0.06241602015081903,0.07142132739797878,-0.15801028612594797,-1.1727304458618164,-1.1034458875656128
65,100000,-0.7520513539704814,-0.7201082583225764,-1.502719668196384,-1.3115585604882598,0.05340018005049131,-0.06675518538808523,-0.00811549179833087,-1.1326038837432861,-1.1195173263549805
65,10000000,-0.7520513539704814,-0.7201082583225764,-1.3757999273914996,-1.2132810808609753,0.06036048646890245,-0.0762393676699064,-0.0005969656223370762,-1.1326038837432861,-1.1195173263549805
66,10,-0.8084170887128799,0.5196850492981084,-0.43172800041239867,0.9204021974080931,-0.5780312154167254,0.8168763376260748,0.08954752392171332,-1.1641663312911987,0.8925620913505554
66,1000,-0.8084170887128799,0.5196850492981084,-1.6082839369662167,-0.6455332408387571,-0.7831218900723803,0.543478583340182,-0.007839864469812483,-1.1103211641311646,0.4102853536605835
66,100000,-0.8084170887128799,0.5196850492981084,-1.3223771276297656,-0.22707807517173836,-0.7922494581448095,0.5444005279921196,0.0007250748541169693,-1.0776945352554321,0.42732712626457214
66,10000000,-0.8084170887128799,0.5196850492981084,-1.3837226202158535,-0.31658705400320686,-0.7910534511819187,0.5444794322562364,-0.00026384709548554655,-1.0776945352554321,0.42732712626457214
67,10,-0.641972079815742,0.825665396122339,-0.5753325431197176,0.8018893713084512,-0.41319781985141535,-0.07628728637933464,-0.014628660226937585,-0.13417476415634155,0.34759780764579773
67,1000,-0.641972079815742,0.825665396122339,-0.9836777228923068,1.1651748072763415,0.035216056554961746,0.031654865193261716,0.031184779583473713,-0.059802960604429245,0.40335631370544434
67,100000,-0.641972079815742,0.825665396122339,-0.5902092761702519,0.7740936758808563,0.05049157569589361,0.04432937529917164,-0.005432272146881421,-0.012460760772228241,0.4532487392425537
67,10000000,-0.641972079815742,0.825665396122339,-0.6409703835597342,0.8234369914195193,0.05286412292277299,0.047255648397781104,0.0008298504356050792,-0.012460760772228241,0.4532487392425537
68,10,-0.7098778256662704,0.8223210857770391,0.0007349809553939268,1.3681469303246176,0.3762427998452855,0.1125190997724193,0.3614685274395705,-0.5985779166221619,1.0961774587631226
68,1000,-0.7098778256662704,0.8223210857770391,-0.7141256668483877,0.5750511730204378,-0.04531896054632011,-0.048600264376116635,-0.23548072298492728,-0.41731059551239014,1.353938102722168
68,100000,-0.7098778256662704,0.8223210857770391,-1.1484064427139762,1.2210782819020112,0.09297436566015914,0.10325081126865317,0.0034485979427889045,-0.38448959589004517,1.1838641166687012
68,10000000,-0.7098778256662704,0.8223210857770391,-0.6991348588253102,0.8124764662232111,0.08449938868832765,0.09189306109285302,2.98570733822197e-05,-0.38448959589004517,1.1838641166687012
69,10,0.7123657485136616,0.7721744630560925,1.2830193679799131,-0.006544380388090049,1.0033950232728028,0.5264299743226758,0.1473732120283513,0.9580708742141724,0.5246238708496094
69,1000,0.7123657485136616,0.7721744630560925,0.5935131396511674,0.8185210551317724,0.7114082916017594,0.6984362367570404,-0.05952784837147702,0.8615866303443909,0.566313624382019
69,100000,0.7123657485136616,0.7721744630560925,0.6584400712612732,0.810153222042014,0.7487705739614094,0.7156409979736332,-0.014955474492082715,0.9627273678779602,0.5671418309211731
69,10000000,0.7123657485136616,0.7721744630560925,0.7158209166323309,0.7694872637342085,0.7628798782404834,0.7195978200752537,0.0007740082577558,0.9627273678779602,0.5671418309211731
70,10,-0.7116344256956956,-0.896879211711099,-1.6174543179388527,-1.6908917761221445,0.1531112837923385,-1.511542860970992,-0.5616871090277484,-0.8648261427879333,-0.7167121171951294
70,1000,-0.7116344256956956,-0.896879211711099,-1.2838910853383676,0.054005687539746786,-0.8592222343178263,-0.5776574514295997,0.05920917252795653,-1.0761667490005493,-0.3642306923866272
70,100000,-0.7116344256956956,-0.896879211711099,-0.7315817134067387,-0.8763713878380541,-0.9084993437992839,-0.6150391678378277,-0.005213010325957761,-1.017288088798523,-0.33278119564056396
70,10000000,-0.7116344256956956,-0.896879211711099,-1.2875050323209933,-0.06997152587617593,-0.8991518007879337,-0.6269422740798475,0.0005922078570203257,-1.017288088798523,-0.33278119564056396
71,10,-0.5906089398481128,0.8682813755597676,-7.016660022499732,0.3065781496465192,-0.06828798911964024,-0.5523934984877462,0.3981528338938139,-1.4236984252929688,0.2680134177207947
71,1000,-0.5906089398481128,0.8682813755597676,-0.75980975921892,0.6313314863550261,-0.6413302181083462,0.7347473239677369,0.054386604455409646,-1.044479489326477,0.4626427888870239
71,100000,-0.5906089398481128,0.8682813755597676,-0.7529761848601453,0.7134271698250123,-0.7224224024344615,0.7431295765129496,-0.001836136050825146,-1.009954571723938,0.4182097911834717
71,10000000,-0.5906089398481128,0.8682813755597676,-0.5874073529298989,0.8724756561550999,-0.7201369592822604,0.7440038878055469,-0.0006708266797972543,-1.009954571723938,0.4182097911834717
72,10,0.5949340053653147,0.7604372300339501,0.3980750701521724,0.21709435698603863,0.397323868329943,0.21846060066110626,0.18843302755361485,0.049507103860378265,0.4430801570415497
72,1000,0.5949340053653147,0.7604372300339501,3.7282851673739623,-2.467269040136824,0.7615556014769452,0.710892067068046,-0.0822888477366771,0.16820387542247772,0.6481593251228333
72,100000,0.5949340053653147,0.7604372300339501,0.30656145504803045,1.0396590242590105,0.6678220609821606,0.6900203440629686,-8.463985740845898e-05,0.17328616976737976,0.5518817901611328
72,10000000,0.5949340053653147,0.7604372300339501,0.6237263588109333,0.7326981647423022,0.6709430608916116,0.686555159038923,-0.00026695193956968185,0.17328616976737976,0.5518817901611328
73,10,0.76209001442807,0.5221725799648963,1.3634641548674893,0.6020689370622013,0.00463084035797037,-0.010276134237882394,-0.28022308816799274,0.4924146831035614,0.8439704775810242
73,1000,0.76209001442807,0.5221725799648963,0.8358953532263276,0.7870314154938601,0.3177909427776738,-0.17173069984653339,0.05509331816399174,0.5254615545272827,0.637882649898529
73,100000,0.76209001442807,0.5221725799648963,0.7309422649227738,0.4798213253358356,0.3305166798169434,-0.19586962711661962,0.00515247479140394,0.5373823046684265,0.6131665706634521
73,10000000,0.76209001442807,0.5221725799648963,0.7574998142024072,0.5150183496859079,0.3369978984554719,-0.1985820847000416,0.0003203818287588842,0.5373823046684265,0.6131665706634521
74,10,0.5521875829716612,0.5138681384111194,0.7545061938137784,0.7898497104126122,0.7771000798336506,0.022892691771574755,-0.15425881191939297,0.35590577125549316,0.8223575949668884
74,1000,0.5521875829716612,0.5138681384111194,-0.2238708554647535,1.3441381925204314,0.5542598214118369,0.5292744880029975,-0.013129295262406089,-0.15300048887729645,1.1847872734069824
74,100000,0.5521875829716612,0.5138681384111194,-0.19983352523427816,1.2994632092855796,0.5444309609317535,0.5195374086087721,0.0018164566543745113,-0.24074336886405945,1.1019468307495117
74,10000000,0.5521875829716612,0.5138681384111194,0.5920702079508222,0.4733442542611199,0.5472346629688074,0.5204841425699341,-0.0010519849699049822,-0.24074336886405945,1.1019468307495117
75,10,0.7661915403484806,0.8197501301549932,1.6885891884144377,1.2624869207921812,1.8111648322872664,1.0513191807315976,3.1682491352835664,0.912055253982544,0.6900641322135925
75,1000,0.7661915403484806,0.8197501301549932,0.6794498957731524,0.7289360048116024,-0.08749919512638624,0.1080903578635131,0.01606942204636414,0.5773063898086548,0.7285844683647156
75,100000,0.7661915403484806,0.8197501301549932,0.8012512020403186,0.8460986157602096,-0.12805342188803806,0.17816141551416262,-0.0009555795146625588,0.5358667373657227,0.7892152070999146
75,10000000,0.7661915403484806,0.8197501301549932,0.7879307546372811,0.8355330772214802,-0.1281723320516824,0.17878994611237434,-0.0001639652509286418,0.5358667373657227,0.7892152070999146
76,10,0.8639131066411461,-0.5449351165569707,1.1166489439613716,-1.6334292892905506,-0.2456384607064772,-0.24017962432506426,0.28993067039324527,0.5125975012779236,-0.6619304418563843
76,1000,0.8639131066411461,-0.5449351165569707,0.7772150683545461,-0.319969455572568,0.18903344754697154,0.20985457879141436,-0.09439307443875218,0.5992317199707031,-0.31737905740737915
76,100000,0.8639131066411461,-0.5449351165569707,0.8583583262562073,-0.5360156896157987,0.06591950751193067,0.08422131574462201,-0.003311972292382392,0.7369771003723145,-0.4630243182182312
76,10000000,0.8639131066411461,-0.5449351165569707,0.8677198585382551,-0.5464605766080551,0.06594592621382238,0.08388105991657334,-0.0010517926301623155,0.7369771003723145,-0.4630243182182312
77,10,-0.6773172150409335,0.5144245240011645,-0.5400146836093631,0.6507338931965266,-0.00912234228502876,-0.0073591142877725245,0.19390807926802728,-0.27079784870147705,0.2473377138376236
77,1000,-0.6773172150409335,0.5144245240011645,-0.30016669160425247,0.16818658665598282,-0.039595969609090335,-0.04777494534943527,-0.03285716668342148,-0.30493098497390747,0.4601145088672638
77,100000,-0.6773172150409335,0.5144245240011645,-0.21892631184752348,0.06350621717241749,-0.07750352950964766,-0.07764992925620036,0.006259467147350807,-0.24673299491405487,0.33979278802871704
77,10000000,-0.6773172150409335,0.5144245240011645,-0.0996670422487634,-0.05839820210586989,-0.07864097771801597,-0.07926004166095371,0.0003021026682160379,-0.24673299491405487,0.33979278802871704
78,10,-0.7436281723955868,-0.8856930188580472,1.3114294793930337,-3.920528930791124,1.605107267089031,-3.7963615279385734,-5.209408729258868,-0.5647992491722107,-0.5211209654808044
78,1000,-0.7436281723955868,-0.8856930188580472,-0.6796303742068125,-0.8897416199459081,-0.11954260132482357,0.06977896113991852,0.06139294296482372,-0.7351588010787964,-0.902999997138977
78,100000,-0.7436281723955868,-0.8856930188580472,-0.7356111486305309,-0.8811789415234148,-0.05809620463434641,0.04260834439820358,0.0035913212448526913,-0.7604103088378906,-0.931290864944458
78,10000000,-0.7436281723955868,-0.8856930188580472,-0.7431065401678486,-0.8859334967716618,-0.05823240920113476,0.04293592789949401,0.0005303146258176943,-0.7604103088378906,-0.931290864944458
79,10,-0.7130585250464189,0.8023407513953686,0.07747081332615453,-0.07648849533600098,-0.015629760360191928,-0.04097972268659876,-0.4704424901165632,0.05698351562023163,0.19455614686012268
79,1000,-0.7130585250464189,0.8023407513953686,-0.25138010464472915,0.47374727122837845,0.13519388381609487,0.1748520235198019,0.02205634493166094,-0.3804141879081726,0.256660133600235
79,100000,-0.7130585250464189,0.8023407513953686,-0.6183400209175218,0.7265672795964501,0.1348238919171484,0.18884020207376276,-0.006060002909021351,-0.2691449820995331,0.2689758241176605
79,10000000,-0.7130585250464189,0.8023407513953686,-0.7221380515816569,0.8069367377419727,0.13677174950687443,0.19060191187051304,-0.0014294712112157915,-0.2691449820995331,0.2689758241176605
80,10,-0.8462916106949689,-0.7485778680005377,-2.622707637675436,-0.5096657995820334,-1.0104772388807481,-1.5563942424213064,0.8403886198646364,-0.7016088962554932,-1.3225723505020142
80,1000,-0.8462916106949689,-0.7485778680005377,-0.8522311165042611,-0.6831203240071936,-0.905821013992116,-0.6025591830472419,-0.025438694057047802,-0.67374587059021,-1.2991291284561157
80,100000,-0.8462916106949689,-0.7485778680005377,-0.7456200012977544,-0.8909608037867459,-0.8762424652098295,-0.73530075777091,0.013276434931075776,-0.6422533988952637,-1.162865400314331
80,10000000,-0.8462916106949689,-0.7485778680005377,-0.8758144056965781,-0.713712147299453,-0.862980064867651,-0.7289071959189385,5.227526942394236e-05,-0.6422533988952637,-1.162865400314331
81,10,-0.6072779280421443,0.5410289034615424,0.016437537690866297,0.2843833635261215,0.14933122909608912,0.16151255353296903,-0.22863950789947093,-0.5184615850448608,0.1252882480621338
81,1000,-0.6072779280421443,0.5410289034615424,-0.023876697409580486,-0.08276592503005142,-0.051563988013663554,-0.05826142410606726,0.07715441412514792,-0.24383202195167542,0.0447356253862381
81,100000,-0.6072779280421443,0.5410289034615424,-0.5462494800232862,0.4794154418839759,-0.06137698165408611,-0.05562226723425408,-0.004129877561468375,-0.21303631365299225,0.07523760199546814
81,10000000,-0.6072779280421443,0.5410289034615424,-0.5972591589117278,0.530956248466207,-0.05971699667271553,-0.05480150040792567,-0.0006129027320327378,-0.21303631365299225,0.07523760199546814
82,10,0.8296529734141038,0.859237046131664,0.5984688595596956,0.7839690600911018,0.7654293378527205,0.5527807471889526,-0.16586618112129048,0.11277663707733154,1.6566529273986816
82,1000,0.8296529734141038,0.859237046131664,0.4720084809173023,1.1371495645499268,0.7204313041927934,0.9484506889542421,0.005891831331620564,0.45457974076271057,1.2987557649612427
82,100000,0.8296529734141038,0.859237046131664,0.20266438986438318,1.3688551876981916,0.751553790627327,0.9209042765125469,-0.0019139157511026644,0.3913995921611786,1.3315342664718628
82,10000000,0.8296529734141038,0.859237046131664,0.8164130383139193,0.8703790946408858,0.7523903232062382,0.9225908331305864,0.0003200380267331011,0.3913995921611786,1.3315342664718628
83,10,0.626833866264108,-0.8886599598632293,-0.19147585779152215,-2.7229554427731246,1.1742322209533942,-0.8615145673908801,0.362974961569806,2.0200698375701904,-0.9813048839569092
83,1000,0.626833866264108,-0.8886599598632293,0.47130236190935004,-0.5827607841645868,0.010135845238898385,0.007913519202858845,0.07584897606101895,1.0030053853988647,-0.5685905814170837
83,100000,0.626833866264108,-0.8886599598632293,0.9185738170774262,-1.2032736454355126,-0.11096517663243662,-0.1039181369494591,-0.0024092598987363618,1.024445652961731,-0.6315820217132568
83,10000000,0.626833866264108,-0.8886599598632293,0.6356811019205543,-0.8976823168277716,-0.11515724370300945,-0.10973363691402027,0.00020525781588977943,1.024445652961731,-0.6315820217132568
84,10,0.6066937513242279,-0.6246767230401021,1.4057271904157744,-0.5229088843003948,0.02439416663573166,-0.5809147578102187,0.06524610128131088,0.20606566965579987,-0.5410740971565247
84,1000,0.6066937513242279,-0.6246767230401021,0.5233241265566976,-0.48743068666977585,0.1289256865683483,0.08831667053399453,0.0083855674936256,0.4218161702156067,-0.5237890481948853
84,100000,0.6066937513242279,-0.6246767230401021,0.604020588538352,-0.6217848628814204,0.1006228869826018,0.07291407444221834,-0.00042993819862516307,0.43469005823135376,-0.5705912113189697
84,10000000,0.6066937513242279,-0.6246767230401021,0.6072502334270613,-0.6256899225260278,0.09665877757899483,0.07085429043316817,-0.00013821934226802802,0.43469005823135376,-0.5705912113189697
85,10,0.8104379756488145,0.589489811802517,1.6168881517877436,-3.2245523236920173,0.5454601139888845,0.1720600401309477,-0.35138069205891137,0.3203903138637543,0.5675833821296692
85,1000,0.8104379756488145,0.589489811802517,0.7341562654486966,0.582973219464979,0.6738051883716664,0.6459288652716139,-0.05665770763375203,0.2547813951969147,0.6748806238174438
85,100000,0.8104379756488145,0.589489811802517,0.7830784612837516,0.6098115182596104,0.6162211768964247,0.747385718121648,-0.0017164538693414972,0.23432186245918274,0.6523364186286926
85,10000000,0.8104379756488145,0.589489811802517,0.814343751903988,0.5858925776262828,0.6074184292643547,0.7528460415660411,-0.0003429984472994572,0.23432186245918274,0.6523364186286926
86,10,-0.7682843366507373,-0.5814145620461035,-0.9147642415250803,-0.7140008197222325,-1.0242732355686308,-0.4806214476667881,0.24082479208126095,-1.0656003952026367,-0.5260892510414124
86,1000,-0.7682843366507373,-0.5814145620461035,-0.7378908906813203,-0.6058574290546117,-0.6225944084200453,-0.7073403257002997,-0.0018624013736146482,-0.9223484992980957,-0.5854791402816772
86,100000,-0.7682843366507373,-0.5814145620461035,-0.8336913955607803,-0.5234872264063123,-0.6490786469993569,-0.6957227741172771,0.002344668947126283,-0.9580738544464111,-0.5876216888427734
86,10000000,-0.7682843366507373,-0.5814145620461035,-0.8175757713287543,-0.535397763049224,-0.647044814361932,-0.6943179886483887,-6.158334708215952e-05,-0.9580738544464111,-0.5876216888427734
87,10,0.5088066763643695,-0.5768155093948724,1.5601006244577582,0.4676116312898232,0.8087555053845714,-0.5800244252061201,0.24480028108672014,2.1594343185424805,0.7023365497589111
87,1000,0.5088066763643695,-0.5768155093948724,0.6371182109409359,-0.280497213097745,0.42179477825676115,-0.47265193261738014,-0.10444464949619289,0.13335338234901428,-0.19039136171340942
87,100000,0.5088066763643695,-0.5768155093948724,1.1904708798224666,0.111113284150342,0.5406998283000054,-0.5397732131069602,-0.002865811044747371,0.2052859365940094,-0.20394094288349152
87,10000000,0.5088066763643695,-0.5768155093948724,0.5263682260401867,-0.5591184170300453,0.5468870370956416,-0.538271170516595,8.172222927406554e-05,0.2052859365940094,-0.20394094288349152
88,10,-0.8197991003041487,0.8624622046442814,-5.671198071545932,-3.9146943976780864,-0.8332314155929413,0.8466417209204855,-0.0018588233373032733,-1.0603798627853394,1.381601095199585
88,1000,-0.8197991003041487,0.8624622046442814,-0.16005087076426627,1.7149234336753048,-0.9341291312639148,0.7472276802094161,0.018236608977554067,-0.7659192681312561,1.2098872661590576
88,100000,-0.8197991003041487,0.8624622046442814,-0.8415416733741137,0.8370570759290619,-0.9311031904365004,0.7214726298587392,0.0017552697937228186,-0.7373033165931702,1.1911795139312744
88,10000000,-0.8197991003041487,0.8624622046442814,-0.8165731313068917,0.8666939090735619,-0.9303460090830465,0.7196011077387287,4.0266872700592114e-05,-0.7373033165931702,1.1911795139312744
89,10,0.5851146109264705,-0.5709816099429645,1.2277830615345549,-0.08386175510882127,0.4131217136623425,-0.6235772396851516,0.02202050618087788,1.1695430278778076,-0.46514105796813965
89,1000,0.5851146109264705,-0.5709816099429645,1.1761249894353227,-0.017194902454997996,0.5661884369843594,-0.596315869740522,-0.004641671225943571,1.0155482292175293,-0.326522558927536
89,100000,0.5851146109264705,-0.5709816099429645,0.6340176270233003,-0.5243085046804528,0.5836103264407824,-0.575432201082274,-0.0017513246772621026,0.9541134834289551,-0.2939625084400177
89,10000000,0.5851146109264705,-0.5709816099429645,0.5900616709399665,-0.5663778393110205,0.5819298876004916,-0.5746131670687742,-0.00024392520669043352,0.9541134834289551,-0.2939625084400177
90,10,0.7492953634873711,-0.7396922557915002,1.2009516156609337,-0.1120709652064143,0.9696767687429876,-0.532902153237146,0.052292433775563835,0.9171921014785767,-0.9186750650405884
90,1000,0.7492953634873711,-0.7396922557915002,0.8794617926524018,-0.6724997224761924,0.6668247368503973,-0.8410821283946774,0.024106646391722,0.8746323585510254,-1.1591875553131104
90,100000,0.7492953634873711,-0.7396922557915002,0.7688422276305471,-0.7305839429299391,0.727599900454858,-0.7695766948522406,0.005983464580067321,0.805898904800415,-1.1646322011947632
90,10000000,0.7492953634873711,-0.7396922557915002,0.6809548145684914,-0.8044768903619757,0.7201762736777376,-0.7676825619924613,0.0004337085062890176,0.805898904800415,-1.1646322011947632
91,10,-0.5629880852909721,0.7139214053846933,-0.39108384094409904,0.8711678743370739,-0.6701518041352286,0.48769408311311185,-0.03508762473751892,-0.6993539333343506,0.22283490002155304
91,1000,-0.5629880852909721,0.7139214053846933,-0.6790781655161995,0.5534167576042207,-0.5478120994085285,0.662035079349625,-0.04217687781960306,-0.7057459354400635,0.5368441343307495
91,100000,-0.5629880852909721,0.7139214053846933,-0.5584104064823638,0.7157338718363679,-0.6023639598538226,0.6766030452076575,-0.0015380120354164684,-0.6624230146408081,0.49840623140335083
91,10000000,-0.5629880852909721,0.7139214053846933,-0.5665695657183188,0.7112320795911693,-0.61046647220288,0.6713139620529939,0.0003851514916315509,-0.6624230146408081,0.49840623140335083
92,10,-0.8667057771563,-0.8009957654613004,-6.067437252275428,-5.9572039055397505,-0.16809002465807107,0.1620494150201313,0.07074288390269792,-1.545620083808899,-1.208540439605713
92,1000,-0.8667057771563,-0.8009957654613004,-1.392869480221636,-1.3249965476921235,-0.0071280785580023,0.007413389301510286,-0.011302688903389011,-1.158632516860962,-0.8611627817153931
92,100000,-0.8667057771563,-0.8009957654613004,-0.9054254347942658,-0.8444572615488014,-0.044894972895747155,0.04350789174506413,-0.0020861363224912747,-1.1968560218811035,-0.8418387174606323
92,10000000,-0.8667057771563,-0.8009957654613004,-0.851879879664634,-0.7862356766885332,-0.04963748076592616,0.04774827111461888,-0.00038732537830651106,-1.1968560218811035,-0.8418387174606323
93,10,0.6910020830526369,-0.6910197626961787,-0.07902118137845471,-0.8460941519023588,-0.31997962271712493,-0.7422132353741181,-0.19555087855608244,0.7583542466163635,-1.0206903219223022
93,1000,0.6910020830526369,-0.6910197626961787,0.39173440181625624,-0.40670627277662785,-0.03425058660618442,-0.039761381278018315,-0.01758703637909498,0.9155190587043762,-0.4046997129917145
93,100000,0.6910020830526369,-0.6910197626961787,0.40088692871522535,-0.4306953417612718,-0.032907145179115055,-0.036183793979532156,0.0023249165638862795,0.8396769762039185,-0.45154738426208496
93,10000000,0.6910020830526369,-0.6910197626961787,0.7433630325463174,-0.7386061033301038,-0.0306339032738927,-0.033633278371544964,-6.994412382012644e-05,0.8396769762039185,-0.45154738426208496
94,10,0.582672412315147,-0.5096097868314632,1.12797609718067,-0.8416441118606424,0.3639194742359709,0.2538232488528432,0.17200731946485706,1.8072161674499512,-1.7797305583953857
94,1000,0.582672412315147,-0.5096097868314632,1.2181515667961327,-0.8833967812180615,-0.02713776321692498,-0.04007281710536254,0.056321007234655926,1.0807445049285889,-0.9240282773971558
94,100000,0.582672412315147,-0.5096097868314632,1.2716127830900823,-0.9970479201724924,-0.03549368605409896,-0.04893291021426773,0.011351350895397693,1.1250561475753784,-0.9617398381233215
94,10000000,0.582672412315147,-0.5096097868314632,0.5737549707228383,-0.502822439156349,-0.041432742688837475,-0.05719822543343448,0.0003042893163118106,1.1250561475753784,-0.9617398381233215
95,10,0.8623776490212587,-0.6467871004008562,3.1155030735626816,2.4889230075665614,0.6181190130553543,-0.5140506528706069,-0.33799731372416575,1.1916465759277344,0.0009003877639770508
95,1000,0.8623776490212587,-0.6467871004008562,1.4729651522568319,0.1626088847993331,0.8770895889800618,-0.6461889701008219,0.011605454762860928,1.3113785982131958,-0.26938048005104065
95,100000,0.8623776490212587,-0.6467871004008562,1.4012145295586182,0.07950478138095027,0.8596355763674074,-0.6437245936627596,-0.003858598076835306,1.1783461570739746,-0.22218430042266846
95,10000000,0.8623776490212587,-0.6467871004008562,1.3670528801297819,0.02843436657252873,0.8629440208489583,-0.6454947646682737,-0.0003087950451615255,1.1783461570739746,-0.22218430042266846
96,10,-0.7225029651515222,0.6004520008260019,1.0746599664048149,0.0354078200224093,0.04628022858288531,0.2365807652656865,0.19279633401065244,-0.11986121535301208,0.19102314114570618
96,1000,-0.7225029651515222,0.6004520008260019,-0.14192097638471945,-0.057541705668448656,-0.09927678976527733,-0.09991394752751272,0.049546057835167946,-0.24831193685531616,0.14085185527801514
96,100000,-0.7225029651515222,0.6004520008260019,0.035075085602169376,-0.13058416247442445,-0.048384978801696656,-0.05029733464657502,0.0014131011707292796,-0.243205264210701,0.26343461871147156
96,10000000,-0.7225029651515222,0.6004520008260019,-0.7204388281812466,0.5983049059985585,-0.04648212929630386,-0.04843801371861855,0.00010399956454860474,-0.243205264210701,0.26343461871147156
97,10,-0.8763784418776764,-0.6072622709554221,-0.3246181283300628,-1.1974439095051388,0.18251817471040724,-1.1143830709349,0.8198997395562141,-0.7371729016304016,-1.4950026273727417
97,1000,-0.8763784418776764,-0.6072622709554221,-0.8119095645460275,-0.5980204078981337,-0.032935770713814205,0.04019947210895822,0.03460200182653015,-0.7695514559745789,-1.0798912048339844
97,100000,-0.8763784418776764,-0.6072622709554221,-0.8318771695158275,-0.5618959359617082,-0.08094616987234914,0.09283906894274624,-0.0048563974520228394,-0.8337234258651733,-1.062928318977356
97,10000000,-0.8763784418776764,-0.6072622709554221,-0.875304685425287,-0.6068969513218894,-0.07518652005785378,0.08672978855940194,0.00042023610162577414,-0.8337234258651733,-1.062928318977356
98,10,0.7193778101554587,0.708392568806806,-0.6244628508935867,-0.28368680626687925,-0.2590897450529915,0.19695443607740162,0.1606343386304714,0.9755484461784363,1.2128520011901855
98,1000,0.7193778101554587,0.708392568806806,0.5950959735244555,0.7973325597303075,0.7825984447833978,0.509100243396438,0.05702562767242457,0.8799973726272583,1.1465468406677246
98,100000,0.7193778101554587,0.708392568806806,1.2111343856855477,-0.1211418156582445,0.8453749728550416,0.4987793300078783,-0.0019532428750887415,0.9169783592224121,1.1177667379379272
98,10000000,0.7193778101554587,0.708392568806806,0.6882876400049365,0.7622617128879485,0.8458621192442317,0.49055867185468677,-0.00012802382903064603,0.9169783592224121,1.1177667379379272
99,10,0.5848784701262228,-0.690662461782344,1.8057635608761415,-2.4573516370872106,0.8771715720142956,0.29584993122371994,0.7052357681148347,1.345306396484375,-0.726953387260437
99,1000,0.5848784701262228,-0.690662461782344,0.6739271006873566,-0.7156333645107619,-0.13634944812048044,-0.22533265361293608,0.025496034409326955,0.7342405319213867,-0.7120316624641418
99,100000,0.5848784701262228,-0.690662461782344,0.5499512005202571,-0.6652686627550495,-0.1417084943487693,-0.22024418746199267,0.002492539267427606,0.8368191123008728,-0.8298905491828918
99,10000000,0.5848784701262228,-0.690662461782344,0.5745734438824557,-0.6830855292860635,-0.1420570446832408,-0.219686083478413,0.0007746016009541476,0.8368191123008728,-0.8298905491828918
