,Unnamed: 0,Seed,Sample Size,True Effect,Cumulant Estimate,Cross Moment Estimate,Relvlingam Estimate,GRICA Estimate,Cumulant Error,Cross Moment Error,Relvlingam Error,GRICA Error
0,0,0,10,-0.5561403121650581,-0.735248150069015,-1.2683800016347744,-1.1734538097635183,-1.2743264436721802,0.3220551252734923,1.280683442451712,1.1099959562277633,1.1956648008389668
1,1,0,1000,-0.5561403121650581,0.163481299948174,-0.5520096403448495,-1.7363540267976785,-1.0273350477218628,1.2939569320406576,0.0074273914871013,2.122150991065618,0.9174578606991782
2,2,0,100000,-0.5561403121650581,0.3483588100030496,-0.4010317674269301,-1.8124075124066437,-1.018129825592041,1.626386547392845,0.2789018191008117,2.2589033248658574,0.7732960261159969
3,3,0,10000000,-0.5561403121650581,-0.7779462589873208,-0.4130270157213339,0.0,-1.018129825592041,0.3988309100607554,0.2573330746095048,1.0,0.7480747250625761
4,4,1,10,0.8756511157694503,-0.1979817030553197,3.6013996324554625,,0.7003985643386841,1.2260965577384662,3.11282480841796,,0.19711090415864246
5,5,1,1000,0.8756511157694503,0.211784514417757,-3.8083869534361767,0.0,0.8227922916412354,0.7581405303964488,5.34920584791316,1.0,0.047578346275392897
6,6,1,100000,0.8756511157694503,-0.3678886588303544,305.3908933645013,-0.3415616062369964,0.8345144987106323,1.420131548061906,347.7586412724991,1.3900658608044598,0.0051117671844547454
7,7,1,10000000,0.8756511157694503,0.5413372730171621,71.60994519415325,0.6854873820201942,0.8345144987106323,0.3817888617186545,80.77908290704148,0.2171683794203309,0.05296470970345397
8,8,2,10,0.5707938494671746,1.8504715816510735,1.0201642309689811,0.0,1.52987802028656,2.2419262810530536,0.7872726412894702,1.0,1.6485715808541452
9,9,2,1000,0.5707938494671746,0.5680054319013823,3.790584381210376,-0.5001067945220272,0.5146898031234741,0.004885156993887,5.640899135035908,1.876160097010274,0.09668302358378573
10,10,2,100000,0.5707938494671746,0.5556867356588213,-173.3784197728845,-0.5468645743227043,0.5245873928070068,0.0264668475710722,304.749628582596,1.9580772021863797,0.07092503945950726
11,11,2,10000000,0.5707938494671746,0.5707316731365158,-27.105962199779775,-0.4634787494706142,0.5245873928070068,0.0001089295736399,48.48818198563752,1.8119897400843803,0.07225540273365139
12,12,3,10,0.6609442574235832,0.6005752158411917,1.1334190424483277,0.0906734065744185,1.1884409189224243,0.0913375687954611,0.7148481580980691,0.8628123241014738,0.6527695012621241
13,13,3,1000,0.6609442574235832,-0.6047517424043559,0.6597771753767512,0.8338091711136594,0.6506441831588745,1.914981461162443,0.0017657798425867,0.2615423490687675,0.05177659747645499
14,14,3,100000,0.6609442574235832,-0.23486771420785,0.670400238217365,0.7853021024108101,0.7194478511810303,1.3553517737235274,0.0143067750231192,0.188151789792356,0.06528689058731996
15,15,3,10000000,0.6609442574235832,0.6588100371259719,0.6710358197276185,0.9740212550072836,0.7194478511810303,0.0032290473419509,0.0152684015190222,0.4736813945613221,0.12649393916223997
16,16,4,10,-0.7575657068391233,0.1441141813439271,-1.042621272534955,-1.0299975552648342,-0.3754495978355407,1.1902332431931628,0.3762783387928173,0.3596148109216941,0.5014366619793106
17,17,4,1000,-0.7575657068391233,-0.8100697807984552,-0.5588964633650493,-1.468381666252593,-0.9486185312271118,0.069306297111046,0.2622468806078935,0.9382895146868344,0.2577263443665483
18,18,4,100000,-0.7575657068391233,0.0036774120942164,-0.5075600148211056,-1.199174766643357,-0.9966631531715392,1.0048542483655447,0.3300118917224284,0.5829316926802415,0.3187550265947968
19,19,4,10000000,-0.7575657068391233,-0.7552385397767067,-0.6016643318346893,-0.7136046959878434,-0.9966631531715392,0.0030719012772191,0.205792545249862,0.0580293041968641,0.2996109671072436
20,20,5,10,-0.7094701158399517,-0.0722124555718363,0.3327613927144021,0.0,-0.0713337361812591,0.8982163533606444,1.469028060921835,1.0,0.783257944251512
21,21,5,1000,-0.7094701158399517,-2.8026105794341656,-0.7659164636231138,0.0,-0.2840159833431244,2.9502870055578243,0.0795612761170842,1.0,0.5444874950262717
22,22,5,100000,-0.7094701158399517,-0.9252656630201748,-0.6890164375138892,0.0,-0.502053439617157,0.3041643930621938,0.0288295135614656,1.0,0.3115809154689227
23,23,5,10000000,-0.7094701158399517,0.1345683830544139,-0.6691669305434329,0.0,-0.502053439617157,1.1896744909334152,0.0568074460032798,1.0,0.307558041570921
24,24,6,10,0.8206883633844835,-0.7165340452275862,5.748573273105066,-0.7165340452275862,1.240840196609497,1.8730890764341177,6.004575097663377,1.8730890764341177,0.5404514860263059
25,25,6,1000,0.8206883633844835,0.0023494770666928,0.7052425323312087,-9.011992966123394,0.6137374043464661,0.9971371873033466,0.1406695113565167,11.981017117092197,0.2809234949130634
26,26,6,100000,0.8206883633844835,0.821127050272807,0.8060523091117702,0.0,0.7084871530532837,0.0005345352851286,0.0178338757142295,1.0,0.19729307793330086
27,27,6,10000000,0.8206883633844835,0.8218012781419104,0.8072201306162324,1.0265032798436309,0.7084871530532837,0.001356074738086,0.0164108976916751,0.2507832761395267,0.1997486178553551
28,28,7,10,0.6050335080173588,4.532597851934627,0.1406402286787776,0.0,0.2631658017635345,6.491482359030905,0.7675496863972985,1.0,0.5539744769958969
29,29,7,1000,0.6050335080173588,0.0332707598403095,0.4318567540576688,0.7082990715129377,-0.1674220263957977,0.9450100541549594,0.2862267158180624,0.1706774288154238,1.440530771683823
30,30,7,100000,0.6050335080173588,0.5710209679555399,1.472048606671283,-0.3549131808039326,-0.036624751985073,0.0562159609527659,1.4330034405781191,1.5866008677221064,1.1083938852888062
31,31,7,10000000,0.6050335080173588,0.6065845480880722,2.075896904301388,-0.3591355477524356,-0.036624751985073,0.0025635606130245,2.4310445236395557,1.593579600127092,1.243338346695968
32,32,8,10,0.5215243137443097,0.9265953909020308,1.187394835643082,0.9284730386403688,1.0990841388702393,0.7767060259367258,1.2767775237900638,0.780306333130186,1.0544147182213315
33,33,8,1000,0.5215243137443097,0.5568585878935741,0.7853330978701409,0.4918731020091205,0.8496900796890259,0.0677519210860567,0.5058417741481752,0.0568548981394689,0.6643228483470313
34,34,8,100000,0.5215243137443097,0.5287680571501182,-0.5422042528000174,0.3803824876434921,0.938474714756012,0.0138895603041048,2.0396528762144093,0.270633261731333,0.7944641798663475
35,35,8,10000000,0.5215243137443097,0.5212270966625812,-0.8509620557577434,0.5212270966625812,0.938474714756012,0.0005699007196705,2.631682422720082,0.0005699007196705,0.7608034688968024
36,36,9,10,-0.7212222746086938,-0.2318512841697808,-1.1424042376892118,-4.668999885205627,-1.6245583295822144,0.678530056083509,0.5839835760882932,5.473732231493874,1.304178614750593
37,37,9,1000,-0.7212222746086938,-1.360034721957197,-0.7407010336482013,0.0,-0.9162319898605348,0.8857358817641859,0.0270079831492667,1.0,0.2668066058888599
38,38,9,100000,-0.7212222746086938,-0.787807873897392,-0.7192423222886661,-2.0426796946643013,-0.926893711090088,0.0923232706932476,0.0027452733917597,1.832247098541954,0.30300886303998686
39,39,9,10000000,-0.7212222746086938,-0.7480203814359748,-0.7222548199003153,-2.0314545141806124,-0.926893711090088,0.0371565157798552,0.0014316602911102,1.816682991776423,0.1906937757041443
40,40,10,10,0.7163523725109571,-2.8456479865942277,1.4910269622372168,0.7976259097743761,1.351406216621399,4.97241371117355,1.0814155427598735,0.1134546912695202,0.8954200950359518
41,41,10,1000,0.7163523725109571,0.2921039156312149,0.248426297823797,-0.2920188284901233,0.1315620839595794,0.5922343153449289,0.6532065679450273,1.407646906321451,0.9221441191926614
42,42,10,100000,0.7163523725109571,-0.2339726066354472,0.8265390601295984,-0.2202810372492193,0.2854106426239013,1.3266166423311014,0.1538163225905362,1.3075037449476028,0.6253182563927163
43,43,10,10000000,0.7163523725109571,-0.1358587144283189,0.8182817516711196,0.0,0.2854106426239013,1.189653471729433,0.1422894417210902,1.0,0.6981221953733552
44,44,11,10,-0.8112412785229454,-1.2656233040140137,-0.3834406404742418,0.0,-0.5222059488296509,0.5601071315285844,0.5273408163199175,1.0,0.23132075919839665
45,45,11,1000,-0.8112412785229454,-0.6333481076319929,-0.7648194852592258,0.0,-0.9815561771392822,0.2192851567105271,0.0572231646646991,1.0,0.20053546012641205
46,46,11,100000,-0.8112412785229454,-0.8219271573584435,-0.8116730296103216,0.0,-0.9209312796592712,0.0131722572783207,0.0005322104518181,1.0,0.17801718939281233
47,47,11,10000000,-0.8112412785229454,-0.8136469235438282,-0.80496538559102,-0.8474282048664481,-0.9209312796592712,0.0029653878378364,0.0077361607428951,0.0446068602541891,0.21957866005361185
48,48,12,10,0.8830914919397734,0.9359437346937638,0.5465718164988139,0.0,0.2256748676300048,0.0598491132984382,0.3810700006878902,1.0,0.4708167524948139
49,49,12,1000,0.8830914919397734,0.0291030381075534,0.6816784441906923,0.0,0.0659455507993698,0.9670441416623472,0.2280772146345368,1.0,0.9078185646519746
50,50,12,100000,0.8830914919397734,0.1962480095912292,1.2743111014538164,-0.072318118965472,0.1337833851575851,0.7777715996785831,0.4430114128431939,1.081891989250876,0.847570552842011
51,51,12,10000000,0.8830914919397734,0.8740734966428636,1.2719220137875231,-0.066305820567693,0.1337833851575851,0.0102118471066923,0.4403060446134023,1.0750837497279555,0.8557650049193068
52,52,13,10,-0.7457816402862483,-0.4163667764902125,-0.7141211707944061,-0.4163667764902125,-0.9684717059135436,0.4417041745216452,0.0424527338587876,0.4417041745216452,0.2643872606829773
53,53,13,1000,-0.7457816402862483,0.3062345287834933,-0.9067496956462988,-1.0990673996100215,-0.8206208348274231,1.410622241472656,0.215838050529465,0.4737120629413376,0.0716418898665126
54,54,13,100000,-0.7457816402862483,0.4726918126369094,-0.7452787949491116,0.4395781088463157,-0.8256740570068359,1.633820661575256,0.0006742527704806,1.5894193220921815,0.0775705321266538
55,55,13,10000000,-0.7457816402862483,-0.7458215338656095,-0.7478431673224082,0.4718332744747153,-0.8256740570068359,5.349230553043801e-05,0.002764250183698,1.6326694691674293,0.09399849772290297
56,56,14,10,0.5906339012477964,0.5355486066932632,0.5357385717337985,0.0,0.3193352818489074,0.0932647015996843,0.0929430725158577,1.0,0.3338222590205317
57,57,14,1000,0.5906339012477964,-0.3797867910461827,0.6334774380499308,0.5954936253865493,0.4505624771118164,1.6430155638608457,0.0725382283536748,0.0082279803588755,0.07771646972017424
58,58,14,100000,0.5906339012477964,0.5818641484232404,0.5870401541365481,-0.2937567763756551,0.56740802526474,0.0148480349773838,0.0060845594938861,1.4973584749453983,0.226062822932452
59,59,14,10000000,0.5906339012477964,0.5906139521490043,0.5908743195463916,-0.331946545532372,0.56740802526474,3.3775742892440585e-05,0.0004070513021472,1.5620174270916192,0.01563422423778675
60,60,15,10,-0.5466396337754452,0.0780820116235357,-0.5088808738714736,-0.4226677819861798,-0.3176520764827728,1.142840011589081,0.0690743180167623,0.2267889924721264,0.3264346239129567
61,61,15,1000,-0.5466396337754452,0.7495786940867537,-0.5039132448389495,,-0.4967268109321594,2.3712483467575898,0.0781618936801193,,0.006402922906748207
62,62,15,100000,-0.5466396337754452,-0.5236912934837311,-0.5420659651178411,0.0,-0.509136438369751,0.0419807472305257,0.0083668808022854,1.0,0.1298136920404744
63,63,15,10000000,-0.5466396337754452,-0.5425044382906234,-0.543159924075485,0.0,-0.509136438369751,0.0075647560647248,0.006365637405263,1.0,0.010475003226079473
64,64,16,10,-0.6232592566216775,-0.3498603192472696,-0.0726774251579957,0.0,-0.093749850988388,0.438660051125984,0.8833913425499086,1.0,1.1742673346973778
65,65,16,1000,-0.6232592566216775,-0.6570319950958784,-28.166677267992867,0.2279930489836813,-0.4952012896537781,0.0541873034622271,44.192553449856305,1.3658077221660498,0.1513918442785644
66,66,16,100000,-0.6232592566216775,-0.1679825498878151,-2.591517354886205,-0.933697355293495,-0.5873560905456543,0.7304772482668771,3.1580086093438853,0.498088227930252,0.01557072761132453
67,67,16,10000000,-0.6232592566216775,-0.623709356181466,-3.128142822473461,-0.755761513396868,-0.5873560905456543,0.0007221706777821,4.019007402199346,0.2125957302157171,0.005085501561675405
68,68,17,10,0.6511416235059146,1.3474410223214577,1.1112880571364,0.0,1.4253963232040403,1.0693516950528934,0.7066764234068436,1.0,1.226773959870117
69,69,17,1000,0.6511416235059146,0.6559088489833891,0.7637724518908164,0.620598680716532,0.9322699904441832,0.0073213342618253,0.17297439499946,0.0469067583560877,0.4332955353084043
70,70,17,100000,0.6511416235059146,0.647142716252619,0.7225280786235928,0.0,1.0833957195281982,0.0061413786324463,0.109632762736492,1.0,0.45385805209714086
71,71,17,10000000,0.6511416235059146,0.6518735754318896,0.7298149123360057,2.305153495691183,1.0833957195281982,0.0011241055702044,0.1208236211448037,2.5401722336219903,0.6681122967417086
72,72,18,10,-0.656953205636707,-0.6270756810464184,5.432454959602668,0.0,-0.3487013578414917,0.0454789235122642,9.269165768568907,1.0,0.42100274339036137
73,73,18,1000,-0.656953205636707,-0.822186458407153,-0.7326238066253681,0.0,-0.6978251934051514,0.2515144935023263,0.1151841567091867,1.0,0.05810697925307444
74,74,18,100000,-0.656953205636707,0.7235418594924351,-0.6654535395506922,-0.6494144476252327,-0.7611078023910522,2.101359812669141,0.0129390249427991,0.0114753348439298,0.08323685948539884
75,75,18,10000000,-0.656953205636707,-0.6598739174519113,-0.6532077298953092,-0.6534273840064915,-0.7611078023910522,0.0044458445291754,0.0057012823885497,0.0053669296381594,0.12084011946255037
76,76,19,10,-0.5726071646461707,-0.4689315353386141,-3.5582374866001247,0.3519710592210057,0.2077887952327728,0.1810589103816409,5.214098785855841,1.6146815495026126,1.3451997647550347
77,77,19,1000,-0.5726071646461707,-0.4497558195132779,-3.208468627680866,0.0,-0.5533797144889832,0.2145473419090134,4.603263154528401,1.0,0.06495389378485149
78,78,19,100000,-0.5726071646461707,-0.5679292033618005,-3.1752014469485847,-0.9947889880892362,-0.5248578786849976,0.0081695821729034,4.54516541704578,0.7372974868450048,0.17158475900723663
79,79,19,10000000,-0.5726071646461707,-0.5758522896756572,-2.965138937982736,,-0.5248578786849976,0.0056672798208728,4.178312674126205,,0.10637745855013776
80,80,20,10,-0.6898097522700012,-0.1191552987429915,99.32722133654056,0.0,0.0033497810363769,0.827263534110848,144.99219641310972,1.0,0.9438963875356247
81,81,20,1000,-0.6898097522700012,-1.1497630158899934,9.935121827904222,0.0,-0.6220875382423401,0.6667827790291374,15.4026984182379,1.0,0.09728443172024724
82,82,20,100000,-0.6898097522700012,-0.5416619252777319,-13.231471760656092,-0.4677502663686204,-0.5361979007720947,0.2147662112702084,18.181334733402128,0.321914100475726,0.018966176328358213
83,83,20,10000000,-0.6898097522700012,-0.7041771479027601,-12.828673458279312,-1.39475251426818,-0.5361979007720947,0.020828055250711,17.597408076738805,1.0219379469170715,0.18477171850794083
84,84,21,10,0.6997907888419928,0.7797048759127483,0.7839634371790126,0.0,0.662282407283783,0.1141971119725605,0.1202825897098588,1.0,0.010690496874804294
85,85,21,1000,0.6997907888419928,0.7495455087591874,0.7873963318436317,0.0,0.7907302975654602,0.0710994210134263,0.1251881910972388,1.0,0.11636523012685569
86,86,21,100000,0.6997907888419928,0.7000190842217053,0.6937797286893986,0.6996014488568684,0.7633724212646484,0.0003262337592216,0.0085897960482463,0.0002705665580961,0.08340984989558964
87,87,21,10000000,0.6997907888419928,0.6996493372173673,0.6901547367096482,0.7009725082660562,0.7633724212646484,0.000202134161925,0.0137699042142154,0.0016886753053993,0.07963804762743404
88,88,22,10,-0.5001063117312737,0.8438020149284915,0.6644567218289641,0.2521960598752381,-3.678279399871826,2.6872452819229737,2.328630945545839,1.5042848969495763,1.4836973869971823
89,89,22,1000,-0.5001063117312737,-0.6228254539184989,-0.694204759263802,0.0,-0.4755271673202514,0.2453861095301809,0.3881143728432381,1.0,0.0826568230318439
90,90,22,100000,-0.5001063117312737,-0.5150391556830767,-0.4838624445998956,0.0,-0.508586585521698,0.0298593391075354,0.0324808280766242,1.0,0.015836851391471583
91,91,22,10000000,-0.5001063117312737,-0.5006597604443233,-0.4694689196084316,-0.77901919348319,-0.508586585521698,0.0011066621237664,0.0612617585584577,0.5577071818717355,0.013564609418142052
92,92,23,10,-0.6579763927696182,0.9887601648685024,-0.7988771325202669,0.0,-0.6323016881942749,2.502728936377971,0.2141425456885401,1.0,0.15057515345637196
93,93,23,1000,-0.6579763927696182,-0.7379418581684635,-0.7604623522568607,0.0,-0.8778188824653625,0.1215324231652854,0.1557593260388091,1.0,0.28476696259277723
94,94,23,100000,-0.6579763927696182,-0.6899543413547509,-0.6879227891798594,-0.6668261066756448,-0.8575985431671143,0.0486004497069081,0.0455128736217844,0.0134498957763143,0.27708719926744985
95,95,23,10000000,-0.6579763927696182,-0.6587659009530378,-0.6909735807068436,-0.6618424602023592,-0.8575985431671143,0.001199903510362,0.0501495012584424,0.0058756932242926,0.23306414746126833
96,96,24,10,0.8823642101688611,1.1240506480618646,3.671315682183384,3.1271493969617477,4.846185207366943,0.2739077980585263,3.1607713004143627,2.544057386873493,4.662444498407287
97,97,24,1000,0.8823642101688611,0.914314597591137,0.9221092519459336,0.9178081118816488,1.081364631652832,0.0362099766219681,0.0450438054026083,0.0401692422520227,0.0736160092923667
98,98,24,100000,0.8823642101688611,0.8850299113837732,0.8926313929320837,0.0,0.92920982837677,0.0030210894596483,0.011635991855628,1.0,0.07212286048495632
99,99,24,10000000,0.8823642101688611,-0.2127757279979728,0.904167109280028,0.8806297342661173,0.92920982837677,1.2411427453038393,0.0247096367462528,0.0019657142512748,0.1794700189958513
100,100,25,10,-0.8628513867747024,0.7681778716158257,-1.0282831142175148,0.0,-0.1668644398450851,1.8902783067745168,0.1917267909381108,1.0,0.8833389386578224
101,101,25,1000,-0.8628513867747024,-1.0097133949566963,-0.6185599155338404,-4.487659741778328,-0.931060254573822,0.1702054495513501,0.2831211434381672,4.200964859722817,0.07131054862253156
102,102,25,100000,-0.8628513867747024,-0.8520370706162881,-0.8422475476473353,-1.208596178738175,-0.8638147115707397,0.0125332314743535,0.023878780799534,0.4007002796343066,0.07327341964209792
103,103,25,10000000,-0.8628513867747024,-0.8644799149897019,-0.8482742613368959,-1.1978617014474784,-0.8638147115707397,0.0018873797272168,0.0168941322471476,0.3882595772662876,0.02406536458000256
104,104,26,10,-0.842845796005405,-0.2118083322399907,-6.949241142650635,0.0,-0.9862900972366332,0.7486985955867158,7.244973369489371,1.0,0.20391587397111532
105,105,26,1000,-0.842845796005405,-1.0119868556709948,-0.7401848033611051,0.0,-0.7830794453620911,0.2006785351095292,0.1218028174677417,1.0,0.004408865209793913
106,106,26,100000,-0.842845796005405,-0.8450985972720081,-0.8289872997086499,-0.4764746984214126,-0.8203884363174438,0.0026728510449717,0.016442505096942,0.4346834252723055,0.017636017489512826
107,107,26,10000000,-0.842845796005405,-0.842197883038944,-0.8199009914047111,-0.8408821442284918,-0.8203884363174438,0.00076872064799,0.0272230160124649,0.0023297877099461,0.015759368879296905
108,108,27,10,-0.5679248606262883,-0.5709082127537668,-0.8285661229444007,0.0,-0.5483315587043762,0.0052530754230207,0.4589361734062601,1.0,0.05913374753945917
109,109,27,1000,-0.5679248606262883,-0.6829592611775713,-0.6460630519109112,-0.6829592611775713,-0.5722821950912476,0.2025521482268392,0.1375854390287734,0.2025521482268392,0.006982753516316886
110,110,27,100000,-0.5679248606262883,-0.5522007164269486,-0.5834093110800747,-1.266652484041995,-0.5435752272605896,0.0276870151132311,0.0272649632500866,1.230317022299699,0.06916355584248614
111,111,27,10000000,-0.5679248606262883,-0.5700245719112623,-0.5833614317914344,-1.4376801996065347,-0.5435752272605896,0.0036971638865368,0.0271806575752347,1.5314619930902649,0.013019151967197943
112,112,28,10,0.5646464601477078,2.4631684367385227,0.6949967920140477,0.0,0.9481878280639648,3.3623198064398987,0.2308530046079473,1.0,0.2892391841968543
113,113,28,1000,0.5646464601477078,0.5302066146578484,0.6362865248006904,0.0807876693498919,0.411499410867691,0.0609936445556573,0.1268759652442379,0.8569234467019267,0.29800061532821
114,114,28,100000,0.5646464601477078,0.5546119475035942,0.575763675820919,-0.6564325793344707,0.3849291205406189,0.01777131949342,0.0196888078786556,2.162555024541821,0.31457274222241827
115,115,28,10000000,0.5646464601477078,0.5655864614777578,0.5500415938789625,-0.5836370028038671,0.3849291205406189,0.0016647608661251,0.0258655057625346,2.033632625007853,0.32751193453357647
116,116,29,10,0.6256854409252208,2.2090330962900673,0.7729813476695786,1.2862379278198317,1.3349491357803345,2.53058094659115,0.235415269574671,1.0557261583677429,0.8935547368341712
117,117,29,1000,0.6256854409252208,-0.8813585845172996,-4.971324075069384,0.0,0.8406649827957153,2.408628884210582,8.945404751176772,1.0,0.03265911451043389
118,118,29,100000,0.6256854409252208,0.7251680147411559,-24.654868040554163,0.0,0.7258768081665039,0.1589977444078402,40.40457365301042,1.0,0.11337303575397584
119,119,29,10000000,0.6256854409252208,-0.5502359894116452,-26.176440444901058,-0.6584643483031508,0.7258768081665039,1.8794131258640023,42.83642247803166,2.0523887967242116,0.17080097523852555
120,120,30,10,-0.5240246660679172,0.0683173708365572,1.9027120836992517,0.0,-0.715953528881073,1.1303705250159022,4.630959011865764,1.0,0.5216512191155049
121,121,30,1000,-0.5240246660679172,-0.5340685080494533,-0.5472329328458293,-0.439619641512073,-0.3231087923049927,0.0191667351403537,0.044288500676997,0.1610707091122018,0.26240022621557485
122,122,30,100000,-0.5240246660679172,-0.2734341477774456,-0.5533094798003135,-0.5091423281393421,-0.3520030975341797,0.4782036696303019,0.0558844184800278,0.0284000713940557,0.35692260094741174
123,123,30,10000000,-0.5240246660679172,-0.5297547131753275,-0.5328231972376936,0.0,-0.3520030975341797,0.0109346896786489,0.01679029965478,1.0,0.4189230160286263
124,124,31,10,-0.7076844809759584,-0.5489716315437044,-0.0729249486163074,-0.8191778407429031,-0.9811463952064514,0.224270637125425,0.8969527373049957,0.1575467072743855,0.4661295435794654
125,125,31,1000,-0.7076844809759584,-0.2568972664575432,-1.8894886385451184,-0.0774440070693022,-0.6643077731132507,0.6369889783321806,1.669959126331765,0.8905670406075595,0.0632172957555121
126,126,31,100000,-0.7076844809759584,-0.0933128726453977,-1.2070921435580042,0.0,-0.6653016805648804,0.8681433956037707,0.7056925452050599,1.0,0.05297757100809451
127,127,31,10000000,-0.7076844809759584,-0.1154467123519851,-1.168725770126327,-2.2207150386418073,-0.6653016805648804,0.836866971856195,0.6514785918642056,2.138001607127584,0.07561444095931172
128,128,32,10,0.6459952407072737,0.0373086796857363,6.96239464349377,-0.3142790283214989,-0.0789193958044052,0.9422462003823922,9.777780089944518,1.486503628072256,1.024032405372362
129,129,32,1000,0.6459952407072737,-0.18497021370969,-0.6501839173273207,-1.0382920004550753,0.039783239364624,1.2863337096836407,2.006484067305915,2.6072749999184084,1.0357587224006188
130,130,32,100000,0.6459952407072737,0.6335811112270161,-0.4578572239514194,-0.917680922495737,0.0716814249753952,0.0192170602784408,1.708762534303086,2.420569169350235,0.8787550244233313
131,131,32,10000000,0.6459952407072737,-0.1851911531522438,-0.4771575168088044,0.0,0.0716814249753952,1.286675723724351,1.7386393687457886,1.0,0.8581810056685321
132,132,33,10,-0.6454105480053767,-0.2972734480488783,2.71569620555786,-1.1620660248520902,-0.0970703959465026,0.5394041064751829,5.207703474866724,0.8005067138171554,0.8190737919332659
133,133,33,1000,-0.6454105480053767,0.2590043586897191,0.2334178281648961,0.0,-0.2477872669696808,1.4013017132895718,1.3616579073370705,1.0,0.5468214895157526
134,134,33,100000,-0.6454105480053767,0.2771930992464124,-0.5332215597535469,-0.7991824016680944,-0.2535293400287628,1.4294833731848202,0.1738257743052801,0.2382543237601947,0.521624208598325
135,135,33,10000000,-0.6454105480053767,-0.6452146082362837,-0.5125765045945908,,-0.2535293400287628,0.000303589350528,0.2058132514587897,,0.6671187403625197
136,136,34,10,-0.6582717363187927,-0.6367797273673659,4.888476635823795,0.0,-0.0556603111326694,0.0326491443664512,8.426228966112511,1.0,1.2790413961003477
137,137,34,1000,-0.6582717363187927,0.4326747053447614,-0.9826648600329666,0.0,-0.9806195497512816,1.6572888998157178,0.492795157100706,1.0,0.4791283640976432
138,138,34,100000,-0.6582717363187927,0.3582541505255455,-0.8069016502309765,-2.381145417891317,-0.8484067320823669,1.5442344411275886,0.2257880837226228,2.6172681987035196,0.2973345412291544
139,139,34,10000000,-0.6582717363187927,-0.6173666692428049,-0.8117203350447223,-0.7910779350560337,-0.8484067320823669,0.0621400932458961,0.2331082898744059,0.2017498115290867,0.24621930387513186
140,140,35,10,0.6373485989045681,0.2318767112381025,0.6174920961285425,,-0.2516641914844513,0.6361854224883577,0.0311548543609472,,1.232360804043065
141,141,35,1000,0.6373485989045681,-0.3375211025013168,0.242227533891281,0.0,0.0586902312934398,1.529570635412748,0.6199449809608032,1.0,0.9188162507787695
142,142,35,100000,0.6373485989045681,-0.3002714219642739,0.2867292158209308,,0.21150703728199,1.4711258838261514,0.550121838639417,,0.7685133245196607
143,143,35,10000000,0.6373485989045681,0.6366160875030333,0.2999030479418675,0.0,0.21150703728199,0.0011493104445412,0.5294520950429314,1.0,0.6839360086936664
144,144,36,10,-0.6988864309968924,0.351044195575502,-0.0254372265669111,0.351044195575502,-0.0047166496515274,1.5022907585639804,0.9636032044138738,1.5022907585639804,0.9969970986700536
145,145,36,1000,-0.6988864309968924,0.8352523380009893,-0.7418384292251887,-1.3995616554561097,-0.6894689202308655,2.195118836131336,0.0614577652724342,1.00255949090294,0.08663850334138273
146,146,36,100000,-0.6988864309968924,-1.1054543883847094,-0.7313828714041902,-1.1198984932997484,-0.722367525100708,0.5817368020836919,0.0464974550456572,0.6024041155046092,0.18553910411082303
147,147,36,10000000,-0.6988864309968924,-0.6582512557028813,-0.7307701934616537,-1.34687284596727,-0.722367525100708,0.0581427446460063,0.0456208062578669,0.9271698322230822,0.15533715381747393
148,148,37,10,0.7691521463670195,0.4819727582744074,0.6049546415329328,0.4819727582744074,0.9451414942741394,0.3733713667043158,0.2134785758703921,0.3733713667043158,0.22782087091187916
149,149,37,1000,0.7691521463670195,0.4536638305096637,0.7099150738787607,,0.6731142401695251,0.4101767346649422,0.0770160660255016,,0.08330032517609905
150,150,37,100000,0.7691521463670195,0.8168197373101261,0.7097808885625022,0.0,0.6983968615531921,0.061974202592111,0.0771905247680175,1.0,0.07516415694310175
151,151,37,10000000,0.7691521463670195,0.7760546179707778,0.7021090911809639,0.4637194283499522,0.6983968615531921,0.0089741303282597,0.0871648808401873,0.3971031212221602,0.0833278355314887
152,152,38,10,-0.6772104824280016,-0.2229305225733336,0.3956769892012242,-1.1131044774765069,-0.8450655341148376,0.6708105849542357,1.5842747557341466,0.6436610276404688,0.22173345612430068
153,153,38,1000,-0.6772104824280016,-1.564724117113843,-0.7404918795118308,-1.564724117113843,-0.6397256851196289,1.310543261976454,0.0934442078583109,1.310543261976454,0.07131169408606752
154,154,38,100000,-0.6772104824280016,0.3155752187944055,-0.7610163393474008,-1.7161140489743754,-0.6537902355194092,1.4659928146164751,0.1237515648294901,1.5340925657582771,0.06223656090721992
155,155,38,10000000,-0.6772104824280016,-0.6875865881964938,-0.7816059172848236,-1.586385566320928,-0.6537902355194092,0.0153218327798038,0.1541550781708712,1.3425295495032243,0.167228887163724
156,156,39,10,0.6423703755748386,0.6441512108072242,-3.058258296570847,-1.1564987972129572,-1.1423070430755615,0.0027722872973274,5.76089560299866,2.8003613510010332,3.591130058715147
157,157,39,1000,0.6423703755748386,-0.2848688977532543,0.5060606603372759,0.3991240325849407,0.5385552048683167,1.4434651854832712,0.2121980097783666,0.378669926632628,0.18841267476577875
158,158,39,100000,0.6423703755748386,0.65678092241496,0.6709603080187002,0.6220148390682597,0.6763327717781067,0.0224333926159435,0.0445069286052884,0.0316881619709863,0.09020716613738473
159,159,39,10000000,0.6423703755748386,0.6431064834455014,0.685004257635562,0.6928469639588488,0.6763327717781067,0.0011459243742429,0.0663696267477647,0.0785786367231524,0.062712521521483
160,160,40,10,0.8254504865474945,1.1075902002589308,0.5673486338439552,1.1075902002589308,1.8892970085144043,0.3418008933418959,0.3126799934216148,0.3418008933418959,1.6449418622185101
161,161,40,1000,0.8254504865474945,1.4830417762813013,2.113135251542261,1.2145628714478007,1.728192925453186,0.7966453475413519,1.5599782009707206,0.471393973644375,1.0798547805816114
162,162,40,100000,0.8254504865474945,-1.0546515397617533,1.9981672475013792,1.4467132340863105,1.6630274057388306,2.277667839500475,1.4206990971182971,0.7526347826594559,1.054992773268294
163,163,40,10000000,0.8254504865474945,1.004060868388825,2.0119508489561904,1.4549232662280698,1.6630274057388306,0.2163792798625404,1.437397374821739,0.7625809057468607,1.1318784955025016
164,164,41,10,0.6583004277891302,1.1279461492474017,0.7262827529122282,0.0,0.9578931927680968,0.7134215650376434,0.1032694530541523,1.0,0.029817828459957927
165,165,41,1000,0.6583004277891302,0.596439894657839,0.6481590467945185,0.596439894657839,0.6403209567070007,0.09397006369728,0.0154053993685998,0.09397006369728,0.08572265717839873
166,166,41,100000,0.6583004277891302,0.6593904155748477,0.6515040349670302,0.658464878474788,0.6222728490829468,0.0016557604092376,0.0103241506995906,0.0002498109961891,0.038498569762812296
167,167,41,10000000,0.6583004277891302,1.7076951984706716,0.6552971912309165,0.6574282959506637,0.6222728490829468,1.5940970511076265,0.004562106344515,0.0013248234417765,0.047494944753441765
168,168,42,10,-0.5092249700165663,0.1603788585553062,0.1349002139764691,0.0,-0.1238197311758995,1.3149469645019345,1.2649128026303984,1.0,0.8944018604372843
169,169,42,1000,-0.5092249700165663,-0.1568008553619637,-1.1861680379520032,0.0,0.1063384935259819,0.6920794057744996,1.3293595322189609,1.0,1.229709771410317
170,170,42,100000,-0.5092249700165663,-0.4943110847569433,-0.4712897347012522,0.0,0.0647630095481872,0.0292874193878156,0.0744960234649921,1.0,1.1067798004713114
171,171,42,10000000,-0.5092249700165663,-0.5189278482537665,-0.4676526876060147,0.0,0.0647630095481872,0.0190542074888521,0.0816383423012408,1.0,1.2034623353269547
172,172,43,10,-0.666347509155347,-0.5030312074181961,-1.2400714698203177,-0.6382920469204543,-0.656038224697113,0.2450917869328699,0.8609981320290595,0.0421033497528271,0.012495965010246555
173,173,43,1000,-0.666347509155347,-0.3758588679311213,-0.6579128462234013,-0.6812217820346872,-0.6686357259750366,0.435941662920666,0.0126580542675658,0.0223220957157844,0.007982669917308394
174,174,43,100000,-0.666347509155347,-0.6677912272452201,-0.6734115707970239,-0.6677912272452201,-0.6614881753921509,0.0021666143716859,0.0106011676259301,0.0021666143716859,0.04322302479255504
175,175,43,10000000,-0.666347509155347,-0.6678200901538885,-0.669669876948213,-0.6678200901538885,-0.6614881753921509,0.0022099294711976,0.0049859386389503,0.0022099294711976,0.06252387433489502
176,176,44,10,-0.5163942790443444,0.0052827038882992,-1.5609382866579924,-4.061480024790183,0.4081434905529022,1.010229981436037,2.022764484429832,6.865075562623362,1.6245546367052592
177,177,44,1000,-0.5163942790443444,0.2507177570779929,-0.1751204142951677,0.0,-0.5034370422363281,1.4855161399967078,0.6608784771604148,1.0,0.043316962080819824
178,178,44,100000,-0.5163942790443444,0.1553051923585317,-0.4092122341281822,-0.0686204875586631,-0.5705674886703491,1.3007492504486,0.2075585444411133,0.8671160964725357,0.14082395548332965
179,179,44,10000000,-0.5163942790443444,0.082676514875443,-0.3910191203412498,-0.5595088364971822,-0.5705674886703491,1.1601034678936544,0.2427895966142727,0.0834915474521269,0.1230063092219778
180,180,45,10,-0.502056030302308,0.0899229536912953,0.2106266159052987,0.0,0.4249646961688995,1.179109398680361,1.4195281068100547,1.0,1.9377279966976542
181,181,45,1000,-0.502056030302308,-0.3879639287800628,-1.81525624345222,-0.5640189144668664,0.1913780570030212,0.2272497383480202,2.6156447366226865,0.1234182649439505,1.27242206890813
182,182,45,100000,-0.502056030302308,-0.2787684126498073,-2.485714359282684,-0.479219747302533,0.0683984383940696,0.4447464111088364,3.951069620229312,0.0454855267568929,1.0850165589839869
183,183,45,10000000,-0.502056030302308,-0.5000523308988049,-2.5195240811828956,-1.1325672166383844,0.0683984383940696,0.0039909876240241,4.018412147476427,1.2558582076116491,1.1655475379623512
184,184,46,10,-0.5643067527644875,-0.5216413775131434,-6.0012312338572995,0.0,-0.892093300819397,0.0756067068882841,9.634696828378916,1.0,0.44341340031621956
185,185,46,1000,-0.5643067527644875,-0.1862595791894568,-12.528002325395466,0.0,-0.6583907604217529,0.6699320391312205,21.200695391330907,1.0,0.18548998240050654
186,186,46,100000,-0.5643067527644875,-0.3784866718835575,2.966039336322612,-2.2385878268089994,-0.6638399958610535,0.3292891321442003,6.256076277294671,2.966969765721146,0.13957520334170223
187,187,46,10000000,-0.5643067527644875,-0.6028445153769034,2.857970811054193,-3.263991999693358,-0.6638399958610535,0.0682922230216507,6.064569575064012,4.784073969881378,0.16293586738915258
188,188,47,10,0.7787585445450184,1.0829081495049997,1.306247616124936,1.0829081495049997,1.177194595336914,0.3905570052366842,0.6773461110312409,0.3905570052366842,0.5892301423220436
189,189,47,1000,0.7787585445450184,1.0997039285209966,0.4358826001255977,0.0,0.8194709420204163,0.4121243821003432,0.4402853064292763,1.0,0.05263724568796142
190,190,47,100000,0.7787585445450184,0.0127331091524369,0.5522396145454389,0.0,0.8556435704231262,0.9836494774386376,0.2908718390138766,1.0,0.17791936186518004
191,191,47,10000000,0.7787585445450184,0.7849484412287835,0.540339018109958,0.0,0.8556435704231262,0.0079484157536679,0.3061533361079903,1.0,0.12445555798396606
192,192,48,10,-0.7060052675272084,2.5403573405950786,-1.196543284148757,0.0,-0.5759451389312744,4.598213012620586,0.694807870682982,1.0,0.4100907312322876
193,193,48,1000,-0.7060052675272084,-0.6803637074549138,-0.6191753863193881,0.0,-0.7335100769996643,0.0363192192065427,0.122987582673346,1.0,0.1233465754071491
194,194,48,100000,-0.7060052675272084,-0.0732730935407098,-0.7032757934937164,-1.5737771351615817,-0.6822154521942139,0.8962145228783496,0.0038660816838548,1.2291294520701728,0.1007325223975856
195,195,48,10000000,-0.7060052675272084,-0.0591309962720239,-0.6987665361420583,-0.4398511372779013,-0.6822154521942139,0.9162456726716348,0.0102530841030461,0.3769860403188137,0.05602641746768138
196,196,49,10,-0.7457832584147577,-3.3840669764068254,-38.6441170575928,0.0,-1.9080058336257937,3.5376011572048736,50.816820264556505,1.0,1.3437016491355454
197,197,49,1000,-0.7457832584147577,-0.4721791652729089,-0.6776412851876441,-1.9363128794646236,-1.2453871965408323,0.3668681081999932,0.0913696740417003,1.5963480107886363,0.6448382045487936
198,198,49,100000,-0.7457832584147577,-0.6280698473523378,-0.714141889297148,-1.9433733875168784,-1.1336766481399536,0.1578386343944383,0.0424270305891109,1.6058152493899196,0.4939960660276204
199,199,49,10000000,-0.7457832584147577,6.44936237300404,-0.720955158825992,-1.9291551232383504,-1.1336766481399536,9.647770381320775,0.033291307237897,1.5867503748193232,0.43754988764715186
200,200,50,10,0.6058634888860209,-0.0081340992643043,-0.2963992097123006,-0.2644874151657676,-0.3608625531196594,1.0134256303829434,1.489217810859141,1.43654621877293,1.4029756849078951
201,201,50,1000,0.6058634888860209,0.7167951346182168,0.3253885185284489,0.0,0.2264771908521652,0.183096766461636,0.4629342673764202,1.0,0.6258343807635428
202,202,50,100000,0.6058634888860209,0.6430675091442352,0.2608053829720718,0.095516610807515,0.1910960078239441,0.0614066055154105,0.5695311109576761,0.8423463163572739,0.7265144781853075
203,203,50,10000000,0.6058634888860209,0.6063398289584347,0.2630662592659795,-0.6201494975336512,0.1910960078239441,0.0007862168312694,0.5657994513753092,2.0235795833709957,0.6087270430962828
204,204,51,10,0.7924294175513829,-6.7834614371798905,1.125507976784101,-6.7834614371798905,1.9590412378311155,9.560335200756269,0.4203258383086473,9.560335200756269,1.4349677023237342
205,205,51,1000,0.7924294175513829,0.6116097284331469,0.4770789270248161,0.0,0.6276836395263672,0.2281839683299127,0.3979540430250606,1.0,0.147308607016907
206,206,51,100000,0.7924294175513829,0.7844836792302774,0.7797248085537732,0.8221341783603363,0.766593873500824,0.0100270612689492,0.0160324802641313,0.0374856866126216,0.1216134445019293
207,207,51,10000000,0.7924294175513829,-0.134325077641372,0.7874530445735591,0.6471532517707655,0.766593873500824,1.1695104632238895,0.006279894294183,0.1833301017894092,0.08483143277098008
208,208,52,10,0.6345984782544072,1.1135843700501498,1.6430736353926656,-0.1558119252658305,2.1668601036071777,0.7547857554170176,1.5891547044239305,1.2455283625867226,2.373792159373438
209,209,52,1000,0.6345984782544072,0.8589253098345472,2.7087156337377745,-0.397073243402323,1.3365488052368164,0.3534941215068728,3.268392891815074,1.6257078404829366,1.056831795097594
210,210,52,100000,0.6345984782544072,0.6088633424300638,1.134904488365162,0.6130086670848169,1.326671481132507,0.0405534155945868,0.7883819883825577,0.0340212148459249,1.1220309420296604
211,211,52,10000000,0.6345984782544072,0.6328343971680164,0.9931877962830472,0.6307110684315314,1.326671481132507,0.0027798381919277,0.5650648879824186,0.0061257786712141,1.1680958813636346
212,212,53,10,-0.6986293871770899,-0.2045321256951766,-0.7468898233796945,0.0,-3.0304973125457764,0.7072380156786455,0.0690787377233122,1.0,3.347852908765037
213,213,53,1000,-0.6986293871770899,0.0141843117619505,-0.6349750468329546,0.0,-0.5299074649810791,1.0203030562731754,0.0911131731823357,1.0,0.09960707630848357
214,214,53,100000,-0.6986293871770899,-0.6821097199440719,-0.6307102528864142,-0.6434915795588299,-0.5801551342010498,0.0236458235743103,0.0972176887163485,0.0789228289423267,0.05195428856645773
215,215,53,10000000,-0.6986293871770899,0.1886158791213549,-0.6332042565211243,-0.8544281560572765,-0.5801551342010498,1.2699798814411227,0.0936478365451029,0.2230063202890926,0.17021658373135842
216,216,54,10,-0.7782495438961907,-0.1108685183506315,28.20469158138051,0.0,-0.1997326463460922,0.8575411714402238,37.24119256167875,1.0,0.7734355854746565
217,217,54,1000,-0.7782495438961907,4.309069472624301,-0.709413243471685,-0.683077139761765,-0.7856700420379639,6.536873752667537,0.0884501648146004,0.1222903436061899,0.01602434954753795
218,218,54,100000,-0.7782495438961907,-0.6808593749200085,-0.7207332634024322,-0.8006678063895445,-0.833786129951477,0.1251400270517511,0.0739046761348703,0.0288060078790667,0.11583019338373536
219,219,54,10000000,-0.7782495438961907,-0.7778526072746745,-0.7226132086096684,-0.7932502679569453,-0.833786129951477,0.0005100377181449,0.0714890689276697,0.0192749538736067,0.011752495747286418
220,220,55,10,0.799321156344071,-1.6814223803517638,1.649538265083995,-1.6814223803517638,1.4911197423934937,3.1035629634053987,1.0636739713341763,3.1035629634053987,0.8787537013192046
221,221,55,1000,0.799321156344071,0.5443553004873186,0.7959062179943692,1.1497160618322313,0.7928162813186646,0.3189779900521002,0.0042722982153018,0.4383656090010102,0.005028961749929066
222,222,55,100000,0.799321156344071,0.8015266408631554,0.8073462847446428,0.0,0.8324600458145142,0.0027591969780605,0.0100399299291376,1.0,0.05239352748675978
223,223,55,10000000,0.799321156344071,0.7998553419282723,0.804477041693271,1.08346189173638,0.8324600458145142,0.0006682990684803,0.0064503301436209,0.3554775613495702,0.038171488478695
224,224,56,10,-0.656692376377837,-0.8509432518690311,-0.8434718776987874,-1.5373938921803345,-0.8632943034172058,0.2958019347851074,0.2844246530638636,1.3411173138026105,0.26434718653031875
225,225,56,1000,-0.656692376377837,-0.0107573152883123,-0.7019260634097033,-0.9898722705043772,-0.6899661421775818,0.98361894294,0.0688810905364318,0.507360685324662,0.022451539187960404
226,226,56,100000,-0.656692376377837,-0.0283171089045793,-0.6715288484487433,-1.1020077243833142,-0.6352499723434448,0.956879187389429,0.0225927277437586,0.6781186504124406,0.15069084531615418
227,227,56,10000000,-0.656692376377837,0.0077080592094387,-0.6709115333659806,-1.372786883551226,-0.6352499723434448,1.0117377016799778,0.0216526908178426,1.0904565561171893,0.1084338655748689
228,228,57,10,0.6769022082119788,1.8320866448550177,2.889638023098182,0.0,1.8589786291122437,1.706575074846382,3.2689150486465293,1.0,2.50985802898367
229,229,57,1000,0.6769022082119788,-1.5473875490509927,0.9426297796014352,0.689155488566021,1.2928626537322998,3.2859838988239978,0.3925641963724268,0.0181019949490326,0.7853448071118799
230,230,57,100000,0.6769022082119788,0.6221900374015021,0.8096609396902905,0.7178193109655586,1.1438095569610596,0.0808272895947518,0.1961268996728357,0.0604475835019971,0.6475548860755473
231,231,57,10000000,0.6769022082119788,0.2058245129596426,0.8123711646032883,0.7083655822897227,1.1438095569610596,0.6959316863460628,0.20013076445584,0.0464814173983176,0.565937910821152
232,232,58,10,0.7940040884874917,-0.410369664991747,3.0876947717184717,-0.4298542819857509,0.5550575256347656,1.5168357077020411,2.888764323116094,1.5413754012332426,0.32845556642466506
233,233,58,1000,0.7940040884874917,0.7628449808305289,0.9560972899265716,,0.5960502624511719,0.0392430065647624,0.2041465576680508,,0.2533731681049264
234,234,58,100000,0.7940040884874917,0.3130048838632192,0.8051167029375619,0.0,0.6675058603286743,0.605789329801228,0.0139956640163386,1.0,0.3131852203252366
235,235,58,10000000,0.7940040884874917,-0.0982929130461368,0.7942032199138248,0.8201113111296838,0.6675058603286743,1.1237939633703602,0.0002507939558755,0.0328804637415962,0.20144149997918748
236,236,59,10,-0.7394569465102165,-1.6889843883868252,-0.6589530527624693,-1.6601299250255162,-0.7231301665306091,1.2840875271478565,0.1088689397370276,1.245066373181443,0.018030339591138055
237,237,59,1000,-0.7394569465102165,-0.4632900971910804,-42.02493664180995,0.0,-0.8292126059532166,0.373472520100696,55.8321615479331,1.0,0.09053848684833693
238,238,59,100000,-0.7394569465102165,-0.1809097601668502,25.909850251568063,0.0,-0.7198534607887268,0.7553478116330729,36.03902475167307,1.0,0.008474179371059536
239,239,59,10000000,-0.7394569465102165,-0.7267152604217433,-143.325602610192,0.0,-0.7198534607887268,0.0172311398907079,192.82548677999577,1.0,0.003987181235780037
240,240,60,10,0.632553981650062,0.359546089629564,1.7032392007184285,0.359546089629564,0.9075236320495604,0.4315961956453701,1.692638494307486,0.4315961956453701,0.3586971109492594
241,241,60,1000,0.632553981650062,0.570493352131277,0.9046441051850652,0.0,1.0823978185653689,0.0981111989160125,0.4301453021056586,1.0,0.6871271428750606
242,242,60,100000,0.632553981650062,0.6412812716603417,0.8938899193938118,0.0,1.2229214906692505,0.0137969094550853,0.413144087816879,1.0,0.7847788281109351
243,243,60,10000000,0.632553981650062,0.6345418136875077,0.909907891782478,0.0,1.2229214906692505,0.0031425492449834,0.4384667841453128,1.0,0.855030923902621
244,244,61,10,0.8822162321806951,0.6452082602022952,0.7276004104357632,0.0,0.613163948059082,0.2686506587988693,0.1752584186336571,1.0,0.27024306037617296
245,245,61,1000,0.8822162321806951,-0.073160878056096,0.7302264740379341,0.0,0.5825825333595276,1.082928510480083,0.1722817520224799,1.0,0.32783703248101115
246,246,61,100000,0.8822162321806951,0.3198798978039995,0.7485475788749536,1.5083265206288583,0.6272765398025513,0.6374132711055334,0.1515146156122454,0.7097016191829985,0.36896868296803326
247,247,61,10000000,0.8822162321806951,0.331157172894472,0.7369183072613894,0.0,0.6272765398025513,0.6246303787951109,0.1646964991339514,1.0,0.3001712436692136
248,248,62,10,0.6540736617081844,-0.0958266127185524,0.8328152055552519,0.1777811330177386,-0.4466553926467895,1.1465073711549412,0.2732743333224343,0.7281940193808693,1.6899127700745864
249,249,62,1000,0.6540736617081844,0.1463960136653207,6.41476337578528,-0.3397739379654876,0.7153130173683167,0.7761780939428264,8.807402057793352,1.5194735055958852,0.08945111018938197
250,250,62,100000,0.6540736617081844,0.4681197272392434,-41.99329560877611,0.0,0.7032994031906128,0.2843012115536071,65.20270080759109,1.0,0.07381084491491875
251,251,62,10000000,0.6540736617081844,0.6782779933703319,-38.81871182376363,0.0,0.7032994031906128,0.0370055134140935,60.34914382943405,1.0,0.0827707652216022
252,252,63,10,-0.7808540003832559,0.4750722010678931,-3.9644173114266006,,-0.0109106376767158,1.608400803267602,4.077027599885254,,1.0854093983072401
253,253,63,1000,-0.7808540003832559,0.4672849965005477,-1.565054980857377,0.5797355798463173,-0.0878598541021347,1.5984281264758795,1.0042863071575767,1.7424378687459805,0.8332088567979471
254,254,63,100000,-0.7808540003832559,0.5737499815307884,-1.816118341724148,-0.6072483567279555,-0.5619289875030518,1.7347724174419066,1.3258103830328936,0.2223279173444612,0.5757514106353916
255,255,63,10000000,-0.7808540003832559,-1.137870834071412,-1.802232456816818,-1.1150834510496457,-0.5619289875030518,0.457213299173631,1.308027436540317,0.4280306568223307,0.719790447377827
256,256,64,10,-0.6215030205199417,-1.180756212462056,-1.3499774686095405,0.0,-1.3571456670761108,0.8998398615573102,1.1721173092291108,1.0,1.1779147475911165
257,257,64,1000,-0.6215030205199417,-0.3851432463433428,-0.651556729863728,0.0,-1.1747303009033203,0.3803035003415803,0.0483564976380063,1.0,0.8729846211651322
258,258,64,100000,-0.6215030205199417,-0.7845479000898494,-0.5987153945184106,-1.5973357379720403,-1.198065996170044,0.2623396414606423,0.0366653503670299,1.570117417346949,0.903245795403857
259,259,64,10000000,-0.6215030205199417,-0.6288937231956394,-0.6452787396915246,1.6079018383418744,-1.198065996170044,0.011891660107323,0.038255194884962,3.5871183007231786,0.9025428188586454
260,260,65,10,-0.745204332255088,-1.0809521906849804,-1.1154646850781325,0.0,-1.2820384502410889,0.4505446947870988,0.4968574883382483,1.0,0.6989923675145528
261,261,65,1000,-0.745204332255088,-0.5737007885179499,-0.614338105970172,0.0,-0.8957278728485107,0.2301429773202544,0.1756111989967869,1.0,0.13146602639156357
262,262,65,100000,-0.745204332255088,-0.9177406468390386,-0.7700806729281677,-0.8698710890556617,-0.857772946357727,0.2315288668033271,0.0333819056013813,0.1672920451539988,0.1538097997790689
263,263,65,10000000,-0.745204332255088,-0.7460741359738625,-0.74020801200305,-0.7401861794438709,-0.857772946357727,0.001167201640042,0.0067046312478061,0.0067339286609237,0.1749488496823586
264,264,66,10,0.8564637530864976,0.8450192833731411,-8.720739208510555,-0.1382601044169568,0.368410050868988,0.0133624682563777,11.182263028742344,1.1614313552893505,0.5836712517382894
265,265,66,1000,0.8564637530864976,0.8408561781621544,0.8580967831143594,1.0303246223283338,0.8262560367584229,0.0182232754954276,0.0019067123646234,0.2029985140822151,0.032207452810584875
266,266,66,100000,0.8564637530864976,0.8796769588121565,0.8562372461333182,0.8256108552302701,0.890198826789856,0.0271035471635592,0.0002644676466027,0.0360235885582323,0.22589735806075095
267,267,66,10000000,0.8564637530864976,0.8565749355133624,0.8568621414006564,0.7702264184898572,0.890198826789856,0.0001298156827584,0.0004651549031971,0.100689999180772,0.07555381528389456
268,268,67,10,0.583779428637786,-0.0905861514710348,0.9485828170066288,0.0,1.24633526802063,1.1551718800410835,0.6248993549157592,1.0,1.1624779873198896
269,269,67,1000,0.583779428637786,0.8165088747860669,1.429762072368058,0.0,1.275400996208191,0.3986598957269547,1.4491477469569651,1.0,1.1716626128177878
270,270,67,100000,0.583779428637786,0.560021394658082,1.3138955398784593,0.0,1.3488574028015137,0.0406969358874839,1.250671187479756,1.0,1.3527733890354798
271,271,67,10000000,0.583779428637786,0.5841567047676307,1.2849629018599424,0.0,1.3488574028015137,0.0006462648585015,1.2011102803987557,1.0,1.1745561639606847
272,272,68,10,0.5791729992133094,0.7149224343522405,0.4939383331909945,0.5805924785695699,-0.2581687569618225,0.2343849511688553,0.1471661595725096,0.0024508728103493,1.4494577773335142
273,273,68,1000,0.5791729992133094,0.136115374362354,-0.0162130038790495,0.136115374362354,0.5779384970664978,0.7649832182314446,1.0279933696858654,0.7649832182314446,0.005516824589450595
274,274,68,100000,0.5791729992133094,-1.361723168453072,0.2268578070892035,0.0,0.6550710201263428,3.351150986497472,0.6083073496220569,1.0,0.2190531124910397
275,275,68,10000000,0.5791729992133094,-0.3039173572413787,0.2447584071041491,0.6542958892628388,0.6550710201263428,1.5247436563068195,0.5774001767406209,0.1297071689315087,0.13901059287885964
276,276,69,10,0.8235266371217553,0.2936998528762607,0.96941686581543,0.2936998528762607,0.90927654504776,0.6433632627807297,0.177153017422198,0.6433632627807297,0.0809404368484184
277,277,69,1000,0.8235266371217553,0.8201624525457766,0.8788792631040224,-0.114774651318361,0.858484148979187,0.0040850950343715,0.0672141294369369,1.1393696890236618,0.01905366966428604
278,278,69,100000,0.8235266371217553,1.571958505766761,0.9123164880687692,0.8948500927372417,0.8568746447563171,0.9088131881936355,0.1078166108352445,0.0866073450456484,0.019368438596392666
279,279,69,10000000,0.8235266371217553,0.8248018017851737,0.9051592356009917,0.8267391239670003,0.8568746447563171,0.0015484194511,0.0991256321283597,0.0039008900264267,0.0016497158246161097
280,280,70,10,0.6673963401494807,0.2870039124925039,0.5091128745089516,0.2870039124925039,-0.3205750286579132,0.5699648091743776,0.2371656182667669,0.5699648091743776,0.12469848084417763
281,281,70,1000,0.6673963401494807,0.5685510092747434,0.6911014018233674,0.7987807956260969,0.6244751214981079,0.1481058928980615,0.0355187169120187,0.1968612166006024,0.03990626587226364
282,282,70,100000,0.6673963401494807,-0.187631718805142,0.6666578866663467,0.5766390149165295,0.6420189142227173,1.2811398677480266,0.0011064691828674,0.1359871485250035,0.09517482845947385
283,283,70,10000000,0.6673963401494807,0.6662739835602655,0.6679391935718069,0.6665427363023708,0.6420189142227173,0.0016816942522697,0.0008133898699603,0.0012790058856461,0.06129537687231036
284,284,71,10,-0.7684154493632742,-0.5150978600030337,-1.1848236528080225,-8.08926621075269,-1.9251052141189575,0.329662280437158,0.5419050382053002,9.527204024145574,1.5908366196397594
285,285,71,1000,-0.7684154493632742,-0.1338782030208468,-0.6806129768072771,-1.1728471085111636,-0.8200219869613647,0.8257736708290011,0.1142643248892928,0.5263190107421841,0.08601768856603456
286,286,71,100000,-0.7684154493632742,0.6910819730703809,-0.7313728544920157,-1.7574518115245676,-0.81622713804245,1.8993598106896816,0.0482064681312079,1.287111500661303,0.06950201105486195
287,287,71,10000000,-0.7684154493632742,-0.7685451567506469,-0.7149037190255091,-1.738217927686636,-0.81622713804245,0.0001687985158031,0.0696390609820587,1.262080921364818,0.053243782578808886
288,288,72,10,0.5246947873466213,0.5983429702431712,3.634781203215218,0.5983429702431712,0.5842540264129639,0.1403638547068254,5.9274200751951165,0.1403638547068254,0.1287727827026106
289,289,72,1000,0.5246947873466213,0.7371516630981001,0.1630781732725014,0.0,-0.1718214154243469,0.4049151637771589,0.6891942188006348,1.0,1.3731802433672056
290,290,72,100000,0.5246947873466213,0.6082586828655685,0.3678426611621755,-1.0961638530009676,-0.1762494295835495,0.1592619128951696,0.2989397454806939,3.0891456889523567,1.2615422303350075
291,291,72,10000000,0.5246947873466213,0.5248689034568434,0.3166351375819146,0.0,-0.1762494295835495,0.0003318426529499,0.3965346231413185,1.0,1.278684018290705
292,292,73,10,0.5702004584818271,1.4120973404356305,1.2766296310779897,3.3401853384201874,1.2069194316864014,1.476492818324585,1.2389137225126894,4.857914157616628,1.4966814353445281
293,293,73,1000,0.5702004584818271,0.2052502598357212,1.188034654636123,0.2052502598357212,1.1679518222808838,0.6400384166961123,1.0835385818511871,0.6400384166961123,0.9866067874523549
294,294,73,100000,0.5702004584818271,0.5360682312064438,1.0183215287842282,0.0,1.063166618347168,0.0598600488085562,0.7859009294652877,1.0,0.8431035461652685
295,295,73,10000000,0.5702004584818271,-0.4138658503107194,1.0110198821726488,-0.0443923388381941,1.063166618347168,1.7258251798194753,0.7730955265530904,1.077853916421586,0.8377088179397625
296,296,74,10,0.8909593546535957,2.467100744527403,1.1277557482049343,0.0,0.7433461546897888,1.769038488278301,0.2657768755830675,1.0,0.2374206489134101
297,297,74,1000,0.8909593546535957,0.1997723247500617,1.2965814779535942,6.013866083698894,0.9169896245002748,0.7757784081769553,0.4552644530655432,5.749877031188567,0.020349958041503864
298,298,74,100000,0.8909593546535957,0.2126910767265253,1.2635599672564386,0.0,0.8561998009681702,0.7612785862614132,0.4182015831100508,1.0,0.009588520823868784
299,299,74,10000000,0.8909593546535957,5.560513774839278,1.2564885536884496,0.0542432308341633,0.8561998009681702,5.241040902478881,0.4102647299516501,0.9391181757609436,0.05935284785590838
300,300,75,10,0.6866758695988338,0.0431613918789192,2.272706098819443,0.1791611050519401,-0.0759649872779846,0.9371444464705964,2.3097218053507427,0.7390892661531725,0.8366187911580624
301,301,75,1000,0.6866758695988338,0.9546159403258326,2.0094475555331335,0.0,0.5792593955993652,0.3901987569237484,1.9263407154631524,1.0,0.029464616091774583
302,302,75,100000,0.6866758695988338,0.7465006792498757,2.3858677567577034,0.5496548617103401,0.6412836313247681,0.0871223415583141,2.4745181276743606,0.1995424827852818,0.06326817585189683
303,303,75,10000000,0.6866758695988338,0.6895655531484781,2.5806752297155615,0.6262258104788465,0.6412836313247681,0.0042082206140905,2.758214528818714,0.0880328868339338,0.05987985106552379
304,304,76,10,-0.7165572076668081,-2.3111717797195386,0.3124882582132336,0.0,-1.3512921333312988,2.225383479492136,1.4360967343148092,1.0,0.9159870273866688
305,305,76,1000,-0.7165572076668081,-0.6119558731643266,-0.8063703725522676,0.0,-1.1535511016845703,0.1459776461436698,0.1253398387797974,1.0,0.5340847652827088
306,306,76,100000,-0.7165572076668081,-0.6969133118597028,-0.8183833135597761,0.0,-1.2039669752120972,0.027414274250437,0.1421046425930533,1.0,0.7496635009211614
307,307,76,10000000,-0.7165572076668081,-0.7161807224240752,-0.8036330973693504,-1.718284582428191,-1.2039669752120972,0.0005254084931457,0.1215198015885868,1.3979726448124377,0.5937312333181197
308,308,77,10,0.6271846167654612,0.4655381944289855,-0.6609931690557226,0.4655381944289855,0.4863616228103637,0.2577333978153425,2.053905263915145,0.2577333978153425,0.07848436309478825
309,309,77,1000,0.6271846167654612,0.5809759764758748,0.5149102242593857,0.0704772605570701,0.4810076057910919,0.0736762973044447,0.1790133072540921,0.8876291626530352,0.24262125821954547
310,310,77,100000,0.6271846167654612,0.6268714071338921,0.5614737942382002,0.6741266949696604,0.4686459898948669,0.0004993898498091,0.1047711005192493,0.0748457104166401,0.3055222369472181
311,311,77,10000000,0.6271846167654612,0.6261264515323314,0.5623272327673696,0.6331144241383359,0.4686459898948669,0.001687167071455,0.1034103552038256,0.009454644157977,0.386927290970067
312,312,78,10,-0.7624697731726706,-0.616273851218005,0.7441664664145525,0.0,-1.0109254121780396,0.1917399575675477,1.9759947116566243,1.0,0.3273648071219062
313,313,78,1000,-0.7624697731726706,-0.7181555074360164,-0.7648730296600647,0.0,-0.1783582866191864,0.058119373771711,0.0031519367350052,1.0,0.7227681003321584
314,314,78,100000,-0.7624697731726706,-0.8094802759573015,-1.032833174744649,0.1545098255309553,-0.1186446696519851,0.0616555625398999,0.3545890094068704,1.2026438699176665,0.8756865660027476
315,315,78,10000000,-0.7624697731726706,-0.7655391662213125,-0.9567568871909982,0.1612495271224722,-0.1186446696519851,0.0040255930879331,0.2548128737089343,1.2114831732299445,0.8328424071253582
316,316,79,10,0.7656414635965506,-2.790753119634435,0.7873029060501001,0.5750548398769015,0.4335493445396423,4.644986919236394,0.0282918878920118,0.248924114982463,0.2224846477970402
317,317,79,1000,0.7656414635965506,-0.2322275492696649,0.4135134519528393,,0.4000865817070007,1.303311093130708,0.4599124112082606,,0.5326287868384801
318,318,79,100000,0.7656414635965506,-0.0888918814765009,0.3274057326496634,-0.0888918814765009,0.3801353573799133,1.1161011853497813,0.5723772180366298,1.1161011853497813,0.3991659093098726
319,319,79,10000000,0.7656414635965506,-0.0847077844614198,0.2912976818166166,0.0,0.3801353573799133,1.1106363598224038,0.619537739703562,1.0,0.3261848073475409
320,320,80,10,0.8451480061173298,0.6554489134770323,4.2130905517187,-0.7215729215630757,1.3527833223342896,0.2244566528788119,3.9850328241013537,1.8537829070650396,0.630431478947846
321,321,80,1000,0.8451480061173298,0.8085904024786288,0.8684365300504321,0.0,0.8088847994804382,0.0432558597714135,0.0275555568545815,1.0,0.02463542331794016
322,322,80,100000,0.8451480061173298,0.8414022085470833,0.8541209699835163,0.8165285654175413,0.8802347779273987,0.0044321202240717,0.0106170325212135,0.0338632292718387,0.0009670728785032627
323,323,80,10000000,0.8451480061173298,0.8454991504564016,0.8505718353388134,0.8268957408632834,0.8802347779273987,0.0004154826569194,0.0064176087291516,0.0215965311660599,0.027743511639901512
324,324,81,10,0.8268015167638386,1.4452695698649696,0.9875970558462296,0.678814169000771,0.8573299646377563,0.7480248167926203,0.1944790083498595,0.1789877555405327,0.11240172281136357
325,325,81,1000,0.8268015167638386,0.5804164916886898,0.8430337295877594,0.0,0.9138273596763612,0.2979977903759995,0.0196325387590661,1.0,0.06874695158695801
326,326,81,100000,0.8268015167638386,0.8134912497462455,0.8497138335873001,0.7792683044882409,0.8734009265899658,0.0160985033865085,0.0277119917645313,0.0574904754186302,0.1652610260674824
327,327,81,10000000,0.8268015167638386,0.8326586276099757,0.8482948223626557,0.0,0.8734009265899658,0.0070840591452495,0.0259957258943397,1.0,0.01984299259599518
328,328,82,10,-0.5788278373763002,-1.4504338095846143,2.2747810902448147,-0.9365379391790832,-0.3460253477096557,1.5058121187797622,4.929978731769189,0.6179904951085361,0.5630411878413315
329,329,82,1000,-0.5788278373763002,-0.4841352049047068,-0.7019282792942667,0.0,-0.7329954504966736,0.1635937775570959,0.2126719448669813,1.0,0.23155819571110955
330,330,82,100000,-0.5788278373763002,2.0211900339179163,-0.6021225573769193,-0.5859768498512895,-0.7666100263595581,4.491867362633298,0.0402446435648448,0.0123508442638043,0.2553078773344555
331,331,82,10000000,-0.5788278373763002,0.1918673559733958,-0.592618335245804,-1.7238233480369956,-0.7666100263595581,1.3314756885969556,0.0238248698127808,1.9781279280739317,0.246286260557277
332,332,83,10,-0.6691590902682112,-0.7715877292175095,0.0174789838006835,0.0,-0.6642084717750549,0.1530706829496152,1.0261208194805778,1.0,0.08403979558385376
333,333,83,1000,-0.6691590902682112,-0.6926258593118619,-0.8181338297049268,0.0,-0.7527572512626648,0.0350690431990467,0.2226297775869767,1.0,0.125804701185657
334,334,83,100000,-0.6691590902682112,-0.667615707997696,-0.8531947127474512,0.0,-0.6662404537200928,0.0023064504285469,0.2750252147145982,1.0,0.07533995974447136
335,335,83,10000000,-0.6691590902682112,-0.6692082715249885,-0.8531053003708061,-0.6712525274131838,-0.6662404537200928,7.349710628248079e-05,0.2748915957024,0.0031284595478385,0.08216755018398662
336,336,84,10,-0.7523209247166907,-0.6221407565714479,-1.2557992803395883,-2.1867084401814,-0.623559296131134,0.173038079718793,0.6692334867762687,1.906616536027988,0.11338532631834473
337,337,84,1000,-0.7523209247166907,-0.7559025945696612,-0.7742233977450095,0.0,-0.8129720687866211,0.0047608271088822,0.0291132046294829,1.0,0.060665061378089066
338,338,84,100000,-0.7523209247166907,-0.7462236518405999,-0.7756824418066607,-1.0332955404057038,-0.7765634059906006,0.0081046168938965,0.0310525951391921,0.3734770713639564,0.10274898508362794
339,339,84,10000000,-0.7523209247166907,-0.7533759344846128,-0.7781925881434232,-1.957107767533478,-0.7765634059906006,0.001402340056299,0.0343891317877078,1.6014267358979637,0.0920666371710837
340,340,85,10,0.7323702872149267,0.035105228437629,16.47474248237816,0.035105228437629,1.3084053993225098,0.9520662852515114,21.495099500866782,0.9520662852515114,0.2714516960202423
341,341,85,1000,0.7323702872149267,0.847712601124023,0.714094174258988,0.0,1.0771403312683103,0.1574917987835395,0.0249547438979801,1.0,0.49340206206122156
342,342,85,100000,0.7323702872149267,0.7365837277267051,0.6904728656146704,0.0,1.0375711917877195,0.0057531559995441,0.0572079757080052,1.0,0.493000666601624
343,343,85,10000000,0.7323702872149267,0.7324594870714685,0.6935510785970261,0.932821346654104,1.0375711917877195,0.0001217961161163,0.0530048928739628,0.2737017912092759,0.5038230434539038
344,344,86,10,0.7950529542247704,1.9971162457197225,7.842845780765493,0.0,1.441864252090454,1.5119285892938337,8.86455774938009,1.0,1.3029745735493683
345,345,86,1000,0.7950529542247704,0.5300510288217049,0.973272769869043,1.985073768248928,0.9585336446762084,0.3333135535122438,0.2241609375793701,1.496781827802284,0.2364836217245448
346,346,86,100000,0.7950529542247704,0.7914996723262159,0.8941538208149541,2.1385818024253576,0.8974465131759644,0.0044692392873619,0.1246468754861915,1.6898608338744143,0.13863753122039724
347,347,86,10000000,0.7950529542247704,0.7952557953681908,0.907258270710031,2.364669264466722,0.8974465131759644,0.0002551290984361,0.1411293623764573,1.9742286371005715,0.15700548460040667
348,348,87,10,-0.5875021310515688,-0.6331860028333093,-7.300209687112728,-1.883633460926604,-0.5638102889060974,0.0777594996974241,11.425843756593869,2.206172984521933,0.15432313508988138
349,349,87,1000,-0.5875021310515688,-0.5940657141220679,-0.4627467553560924,0.0,-0.6257210969924927,0.0111720157657146,0.2123488053944195,1.0,0.05608364285030085
350,350,87,100000,-0.5875021310515688,-0.628112652031181,-0.4723577826903083,-0.9282954014231722,-0.5743533372879028,0.0691240402939876,0.1959896692717758,0.580071547590165,0.013488370901598294
351,351,87,10000000,-0.5875021310515688,-0.5893482707600635,-0.4849346289884081,0.0,-0.5743533372879028,0.003142354062938,0.1745823489688033,1.0,0.005791536904092174
352,352,88,10,-0.7291224363854145,-1.9544583074606856,-25.197691049309817,0.0,-0.8350886106491089,1.6805625638813255,33.55892973781746,1.0,0.07404452786070036
353,353,88,1000,-0.7291224363854145,0.2222054140617953,-5.285171290472352,0.0,-0.7958009839057922,1.3047573397458,6.248674607619135,1.0,0.09178762487662624
354,354,88,100000,-0.7291224363854145,-0.7191008114536749,-9.889708070010276,-0.6424068835851324,-0.7026190161705017,0.0137447765034104,12.563850975479474,0.1189314009183009,0.06243863287987906
355,355,88,10000000,-0.7291224363854145,-0.7148070279908993,-10.949967305709466,-0.6927626609794333,-0.7026190161705017,0.0196337510411598,14.01800899173168,0.0498678597606087,0.020416222523099235
356,356,89,10,0.6972339693403234,0.7233169167463557,-2.7667468800275445,0.7037019102442628,0.6556037068367004,0.0374091747576644,4.968175679457008,0.0092765716938015,0.1595213328092508
357,357,89,1000,0.6972339693403234,0.6989791877082324,0.7021512225771733,0.6482845376786068,0.593133270740509,0.0025030598689277,0.0070525153005701,0.0702051733194085,0.13215325978530276
358,358,89,100000,0.6972339693403234,0.6937111159358023,0.6942343591173623,-0.694647995122639,0.6584256291389465,0.0050526129813415,0.0043021573171473,1.9962910954838715,0.04964400191821327
359,359,89,10000000,0.6972339693403234,0.6969658705965461,0.6971242547863732,-0.6792227264990858,0.6584256291389465,0.0003845176161324,0.0001573568683896,1.9741675769781,0.04006429584071137
360,360,90,10,-0.7133480541692642,-0.8209912196663577,-0.704493873839892,-0.9072021750105668,-0.8715760111808777,0.150898519829076,0.0124121461853335,0.2717525052578397,0.14781955561407376
361,361,90,1000,-0.7133480541692642,-0.6902168407212007,-0.7395051581199644,0.0,-0.7644383907318115,0.0324262655696189,0.0366680806064043,1.0,0.09710036405013266
362,362,90,100000,-0.7133480541692642,1.4045208012971893,-0.7248807431705829,-0.7328183460665313,-0.7336792945861816,2.9689137624870043,0.0161669873968455,0.0272942384625152,0.060520801442735396
363,363,90,10000000,-0.7133480541692642,-0.7158048848831876,-0.716751792935824,-0.7124553673789532,-0.7336792945861816,0.0034440841319523,0.0047714979338153,0.0012514042550386,0.09249198956297511
364,364,91,10,-0.7420594503557629,-1.1483815475514785,-28.383085250117517,0.0,-1.1504075527191162,0.5475600330956152,37.24907187221982,1.0,0.5311347850746461
365,365,91,1000,-0.7420594503557629,0.7220760118356395,-1.0104899923699884,-1.34885586897764,-1.3545037508010864,1.9730702998115008,0.3617372461000702,0.8177194136277933,0.8802144338320372
366,366,91,100000,-0.7420594503557629,0.0691561482012532,-1.1611885301616982,0.0,-1.4079333543777466,1.093194889126603,0.5648187346781901,1.0,0.932105196786294
367,367,91,10000000,-0.7420594503557629,-0.2603309675898995,-1.1618999267162748,-1.5304495801248486,-1.4079333543777466,0.6491777478676541,0.5657774133315454,1.0624352663268564,0.937925581888382
368,368,92,10,-0.7149938783528129,-0.0365753351639964,0.2239452365744124,0.0,-0.1594498008489608,0.9488452471114048,1.313212802731028,1.0,0.8400763260874271
369,369,92,1000,-0.7149938783528129,-0.6230788740013311,-0.6291208081178671,-0.5481746810179426,-0.6275438070297241,0.1285535542810989,0.1201032244258906,0.2333155602942848,0.1615509559861511
370,370,92,100000,-0.7149938783528129,0.1394996764030766,-0.5563390682391591,0.0,-0.5632877349853516,1.1951061129704394,0.2218967391429409,1.0,0.17590896252915839
371,371,92,10000000,-0.7149938783528129,-0.0722421419565245,-0.5644765517659437,0.0,-0.5632877349853516,0.8989611741530509,0.2105155458584173,1.0,0.009712450430300699
372,372,93,10,-0.542351968887503,-0.2187145639195617,0.4310845255637678,-0.3344842014682136,-0.3076422810554504,0.5967294737249705,1.794842741048821,0.3832709740976457,0.40125019044271387
373,373,93,1000,-0.542351968887503,-0.0845025363701556,-0.5352155336519847,-0.5229393551573327,-0.4990550279617309,0.8441924410388129,0.0131583098152236,0.0357933866636279,0.1431530695191653
374,374,93,100000,-0.542351968887503,-0.5432210258774155,-0.5498001560981113,-0.5426997406883578,-0.4833839535713196,0.0016023856089157,0.0137331246826416,0.000641228981925,0.09777037092604582
375,375,93,10000000,-0.542351968887503,-0.3666939231999453,-0.5441785367485141,-0.5424098873677422,-0.4833839535713196,0.3238820097728702,0.0033678643497097,0.0001067913155325,0.0638343953822966
376,376,94,10,-0.8563265577695816,-0.7090696901573147,0.0902736301407079,0.0,-0.9284772872924804,0.171963448145083,1.105419631473112,1.0,0.07028977134709873
377,377,94,1000,-0.8563265577695816,-0.9783252494185825,-0.6288454536899423,0.0,-1.119037389755249,0.1424674857296999,0.2656476107340926,1.0,0.3508775041044956
378,378,94,100000,-0.8563265577695816,-0.8769841575181532,-0.820583276461234,-2.569523403285451,-1.035820245742798,0.0241235070442952,0.0417402461526427,2.000634956339697,0.3519385633426006
379,379,94,10000000,-0.8563265577695816,-0.8577616099430955,-0.8169157520181017,-2.373907855648326,-1.035820245742798,0.0016758235050559,0.0460231034456418,1.772199266867876,0.34574635972542034
380,380,95,10,-0.8604144823118661,-1.2618545743622738,-1.2361866262011414,0.0,-1.308340549468994,0.4665659403730277,0.4367338667750048,1.0,0.5398277968995527
381,381,95,1000,-0.8604144823118661,-0.7180000507724692,-0.946011208306242,0.0,-1.1320863962173462,0.165518403591651,0.0994831302285664,1.0,0.3180078987846098
382,382,95,100000,-0.8604144823118661,-0.8951547671804025,-0.8514785996393739,0.0,-1.1966670751571655,0.040376220510831,0.0103855558642878,1.0,0.3916616232529889
383,383,95,10000000,-0.8604144823118661,-0.8633084984933874,-0.8332408608821213,-1.7476633690490444,-1.1966670751571655,0.0033635140284311,0.0315820130743631,1.0311877647075514,0.49089212652963715
384,384,96,10,-0.8206226672380201,3.962891576605788,-1.7895874319041003,0.0,-0.1260841786861419,5.829127606167328,1.1807677308346076,1.0,0.8639588254856191
385,385,96,1000,-0.8206226672380201,-1.939429985994939,-17.54288298319303,0.0,-1.1830543279647827,1.36336389844373,20.37752670449298,1.0,0.42922891238340827
386,386,96,100000,-0.8206226672380201,-0.734149055644064,0.5519310869044937,0.0,-1.1366255283355713,0.1053756068973837,1.6725759705884495,1.0,0.4651948113668805
387,387,96,10000000,-0.8206226672380201,-0.7943528973022633,-0.1319105770688277,-1.0978023962738477,-1.1366255283355713,0.0320119964808835,0.8392555039787033,0.337767575892992,0.4946751254966011
388,388,97,10,-0.5929953673523434,-1.6083559058392272,1.470246142751502,-3.2246476566277287,-1.2936052083969116,1.7122571176573482,3.4793551917884,4.437896877719994,1.211899411145989
389,389,97,1000,-0.5929953673523434,-0.5766917449918966,-0.3200165272816009,0.0,-0.5076864361763,0.0274936757655302,0.46033890836207,1.0,0.09197474265944233
390,390,97,100000,-0.5929953673523434,-0.5997843241210427,-0.4271447710366289,-1.6485931163007517,-0.5662199854850769,0.0114485831466292,0.2796827858136875,1.780111291023287,0.016542716414089057
391,391,97,10000000,-0.5929953673523434,-0.5917664422598953,-0.4177232187470079,-3.6686954557448193,-0.5662199854850769,0.0020724025179743,0.2955708564603221,5.186718577794504,0.06665513504436345
392,392,98,10,-0.82699339222606,-0.7028027347203785,1.761575298357333,-0.7742062626495201,-1.0023133754730225,0.1501712815037026,3.1300959776904764,0.0638301709212575,0.2861963474326906
393,393,98,1000,-0.82699339222606,-0.7880177651768386,-0.9704513810334928,0.0,-1.0477954149246216,0.0471293089105691,0.1734693289643822,1.0,0.27348553735595793
394,394,98,100000,-0.82699339222606,-0.8288361368074308,-0.9590652969568926,0.0,-1.031983494758606,0.0022282458344807,0.1597012817422009,1.0,0.3838997356544827
395,395,98,10000000,-0.82699339222606,-0.8260569296954877,-0.9535056096518668,-1.1336132161249484,-1.031983494758606,0.0011323700278325,0.1529785106084915,0.3707645390896585,0.373139245499026
396,396,99,10,0.7773905569711579,0.3373531990565588,0.3714498494665078,-3.823466490934204,0.5818997025489807,0.5660441253995383,0.5221837387455054,5.918334107158519,0.2311742390919883
397,397,99,1000,0.7773905569711579,0.462827855576595,1.262123096952284,0.3795436332758893,0.7952598333358765,0.4046392107207361,0.6235379831081617,0.5117722618671185,0.0016872374846285977
398,398,99,100000,0.7773905569711579,0.7010995017105734,1.0154983833939977,-0.4747478404865078,0.7292007207870483,0.0981373578267106,0.3062911226379534,1.6106941179427288,0.0454870306522889
399,399,99,10000000,0.7773905569711579,0.7802902634096957,1.0124950264699957,-0.485283118879562,0.7292007207870483,0.0037300510181593,0.3024277403302192,1.6242462228642258,0.04990816485676889
