,Unnamed: 0,Seed,Sample Size,True Effect,Cumulant Estimate,Cumulant Minimization Estimate,Cross Moment Estimate,Relvlingam Estimate,GRICA Estimate,Cumulant Error,Cumulant Minimization Error,Cross Moment Error,Relvlingam Error,GRICA Error
0,0,0,10,-0.5561403121650581,-0.6216329525132418,-0.6172002153289761,-1.1401057324146382,-1.2395948180602123,-1.0150717496871948,0.1177627999905642,0.1097922625429027,1.0500325322151145,1.2289245914119429,1.3253013472522057
1,1,0,1000,-0.5561403121650581,-0.2020853090731134,-0.0911683111630299,-1.1595763236861327,-1.0588475232228929,-0.9881702661514282,0.6366289142277891,0.8360695868132432,1.0850427460866738,0.9039215465262568,1.1074475324843742
2,2,0,100000,-0.5561403121650581,-0.3172196609931197,-0.5287521569454445,-1.105724507934926,-1.1944501181323577,-1.0107544660568235,0.4296049862701349,0.0492468440437113,0.988211398721184,1.1477495732728942,1.0284848730185319
3,3,0,10000000,-0.5561403121650581,-0.783036324673413,-0.7940935324118109,-1.1118089488047127,-0.6976842562961258,-1.0107544660568235,0.407983394739085,0.4278654415832567,0.999151876756484,0.2545112106332234,1.0187198941526163
4,4,1,10,0.8756511157694503,-0.1286107503717189,-0.9345143356328326,19.04487383613576,0.0,0.6680033802986145,1.146874420708876,2.0672222290399964,20.74938567788004,1.0,0.26333388425816706
5,5,1,1000,0.8756511157694503,0.2511069041877938,-0.2134406842806538,-18.13986395456784,1.3478906223622655,1.209106206893921,0.7132340727195423,1.243750827740452,21.715857751894735,0.5393009819645463,0.021898180835624476
6,6,1,100000,0.8756511157694503,0.8378699366062062,0.0182925101599434,-22.793107414480392,-1.3204327315726574,1.1760848760604858,0.0431463838540822,0.9791098191614026,27.029895930015098,2.507943869188552,0.02043531120889841
7,7,1,10000000,0.8756511157694503,-0.0508055565052887,-0.3780832556313236,-21.13723991975714,0.2540954169603712,1.1760848760604858,1.058020318355496,1.4317738524196306,25.13888309978737,0.7098211692026533,0.016073329550269272
8,8,2,10,0.5707938494671746,-0.2648764032585146,0.7991640072168182,2.7113760183016455,-6.570303078454744,1.4897881746292114,1.464049154534114,0.4000921838292808,3.7501843631157983,12.510816180987232,1.7431343036160798
9,9,2,1000,0.5707938494671746,0.553376150015963,0.1570601009255839,0.0640918947904088,0.485328790993233,0.6564362645149231,0.0305148688400737,0.7248391848086719,0.887714461446567,0.1497301671237726,0.10331259761719136
10,10,2,100000,0.5707938494671746,0.5550702998165431,0.1299858320717472,0.0829825692250805,0.3692168031833729,0.6467950940132141,0.0275468098776977,0.7722718417637356,0.8546190199797297,0.3531520994347961,0.08406514403082996
11,11,2,10000000,0.5707938494671746,0.5825700607812373,0.1405757153246873,0.0853982463226018,0.4175705781638432,0.6467950940132141,0.0206312862779715,0.7537189381842285,0.8503868841573546,0.2684388968913426,0.10554153043403644
12,12,3,10,0.6609442574235832,-3.381747746733103,-1.5481835328409694,0.9311115019522962,0.0,1.054352879524231,6.116540023988472,3.3423813966943596,0.4087595005089352,1.0,0.5416388566433155
13,13,3,1000,0.6609442574235832,0.5730733317420649,0.6416139317513204,0.6710125742907049,0.657939306792459,0.6747735142707825,0.1329475590332635,0.0292465294238488,0.0152332314775967,0.0045464509258885,0.02825060422393306
14,14,3,100000,0.6609442574235832,0.3523559855313337,0.4823254680130895,0.6694431469748859,-19.40173173612511,0.6842651963233948,0.4668900114135991,0.2702478876308947,0.0128587085156502,30.35456586271694,0.018049787916988264
15,15,3,10000000,0.6609442574235832,0.6588107989742543,0.6636255287701072,0.6694111272890546,0.9741983990413584,0.6842651963233948,0.0032278946754833,0.0040567284100111,0.012810263150596,0.4739494111634565,0.08744861220771159
16,16,4,10,-0.7575657068391233,0.66155263583681,-0.1408286811841305,-1.2576979619410704,-0.6556846894265178,-0.420583426952362,1.873261064834997,0.8141036745555366,0.6601833353686313,0.1344847271897973,0.5114385160557733
17,17,4,1000,-0.7575657068391233,5.447442132544017,2.1759481542084975,-1.1334250891066406,0.0,-0.8431697487831116,8.190719014028492,3.8722896701428726,0.4961409668816158,1.0,0.3424217224161336
18,18,4,100000,-0.7575657068391233,-0.8043541544735023,-0.7754660815176533,-1.1491355266627674,-0.7692338804041282,-0.8675961494445801,0.0617615702664258,0.0236288080584029,0.5168790195868752,0.0154021934462812,0.4303028989381316
19,19,4,10000000,-0.7575657068391233,-0.7475361997646054,-0.7380474404115306,-1.1153988495682332,-0.6756186980478444,-0.8675961494445801,0.0132391249814687,0.0257644535007147,0.4723460150039492,0.1081714867126122,0.3529340469795937
20,20,5,10,-0.7094701158399517,0.6888821681100865,0.9150390490535248,0.7323740628211548,0.2061364952957937,-0.135370597243309,1.970981233359645,2.2897499536963544,2.0322831736951836,1.2905499339485862,0.8291545717974748
21,21,5,1000,-0.7094701158399517,0.0180936190461516,-0.1051311677938161,-0.3432146621351069,-3.035078141775463,-0.2470679581165313,1.0255030037801245,0.8518173416376391,0.5162380282518733,3.277950647973652,0.7939682033062254
22,22,5,100000,-0.7094701158399517,-1.0046662214636584,-0.7297519663468238,-0.4770619754845143,-0.5011097416845813,-0.1684006154537201,0.4160796896627842,0.0285873217970008,0.3275798869699904,0.2936844970681951,0.32252380625497795
23,23,5,10000000,-0.7094701158399517,-0.1234382700111553,-0.1123634806570195,-0.4704530337726596,0.0,-0.1684006154537201,0.8260134327645146,0.841623377576671,0.3368952077485552,1.0,0.39151150650114597
24,24,6,10,0.8206883633844835,0.6960266823389525,1.0601098174813703,1.626591331807281,0.0,1.1111315488815308,0.15189892608131,0.2917324830944636,0.9819841542522776,1.0,0.28559738148432784
25,25,6,1000,0.8206883633844835,-0.9110376729804908,-0.343516678195408,1.5714801845509148,-9.245893673209672,0.5569357872009277,2.1100896681700356,1.4185714011817592,0.9148318102990984,12.266022628955048,0.21933025959343552
26,26,6,100000,0.8206883633844835,-0.0901844825024927,-0.2734764870111402,1.794484406551066,-13.212016524764577,0.515403687953949,1.1098888281181127,1.333228176750716,1.1865600715363986,17.098700937197144,0.13995596655665504
27,27,6,10000000,0.8206883633844835,-0.0768416102484018,-0.2560468627389959,1.8183281058547256,0.8718794389379309,0.515403687953949,1.0936306808732006,1.31199036584736,1.2156133643177525,0.0623757784773962,0.3233884301152397
28,28,7,10,0.6050335080173588,0.0216307138204391,0.0322902852310931,0.2722469569673452,0.0,0.0953939259052276,0.9642487341051224,0.9466305835904764,0.550029951465871,1.0,0.5943957388945282
29,29,7,1000,0.6050335080173588,0.5772174985458798,0.4331246217458476,-0.5294581034477187,-0.3726264922351949,0.0418457277119159,0.0459743288642468,0.2841311828081081,1.875088894138617,1.6158774469471269,1.1060890126629974
30,30,7,100000,0.6050335080173588,0.5960090525526358,0.5957298203576799,-0.8688399714382291,-0.0921586280786959,-0.119916558265686,0.0149156292091909,0.0153771444662069,2.436019592179846,1.152319874614369,1.3705922644675577
31,31,7,10000000,0.6050335080173588,0.6062801277512857,0.6008821366803881,-0.871337843500226,0.0,-0.119916558265686,0.0020604143694652,0.006861390785734,2.440148077675107,1.0,0.9725790472337189
32,32,8,10,0.5215243137443097,0.9462944231918458,1.0760364993322,2.72905547598702,-0.6141578435261889,0.6964542865753174,0.8144780564454951,1.063252797567083,4.23284419166123,2.1776207308856073,0.8841035576637061
33,33,8,1000,0.5215243137443097,0.5149443214159155,0.4586807246090265,1.3335918463763108,-20.859158220422408,0.6524065136909485,0.0126168467221649,0.120499826142514,1.557103880357412,40.99652110303936,0.7192190812867394
34,34,8,100000,0.5215243137443097,0.5281674904691862,0.4748786428456775,1.5773186848759342,0.5053503732868524,0.7527334690093994,0.012738000031449,0.0894410282882831,2.0244394044670635,0.0310128215141797,0.8824633920287996
35,35,8,10000000,0.5215243137443097,0.5229110399365519,0.4734171608748612,1.545588519780536,0.5014924782080632,0.7527334690093994,0.0026589866583324,0.0922433558735944,1.963598204432515,0.0384101661386158,0.9073953725823214
36,36,9,10,-0.7212222746086938,-1.2553096657698344,-1.6826007111938888,-1.5713120036682469,-1.4034378828247542,-1.4117286205291748,0.7405309153144429,1.3329849485123018,1.1786792490855575,0.9459158878394364,1.3023963157084237
37,37,9,1000,-0.7212222746086938,-0.7083800993335142,-0.8004056886435189,-1.0370321118493853,-4.890508978685718,-0.8046751618385315,0.017806126803484,0.109790583045687,0.4378814248520501,5.780862364988812,0.5179146567835505
38,38,9,100000,-0.7212222746086938,-0.7706180288172407,-0.7437625630525285,-1.0349768851597394,-0.796620175499379,-0.735776424407959,0.0684889470938027,0.0312529011337928,0.4350317809045432,0.104541836192723,0.3636205840786187
39,39,9,10000000,-0.7212222746086938,-1.375721430563336,-0.9330280997410636,-1.0418649044048292,-0.6726112600933811,-0.735776424407959,0.9074860538795022,0.2936762113278978,0.4445822613702594,0.0674008779632978,0.4411784434181301
40,40,10,10,0.7163523725109571,3.274601027489971,3.613136124308124,3.175695388417888,0.0,0.3630323410034179,3.571215442494935,4.043797246937796,3.433147024119493,1.0,0.8877243941395447
41,41,10,1000,0.7163523725109571,0.060381890289835,0.1500035901434836,10.04331294851448,0.1959238583018909,0.105441614985466,0.9157092338813864,0.7906008329145455,13.020073547478702,0.7264979278073178,0.988513345795288
42,42,10,100000,0.7163523725109571,0.9852521248372867,0.9466342391805714,-1.920466032711677,0.8265282469700767,0.1525806188583374,0.3753735768107848,0.3214645131451589,3.680895752435443,0.1538012278411688,0.7167347210160706
43,43,10,10000000,0.7163523725109571,-0.1993733641461664,-0.1090609108398624,-3.908528695882588,0.0,0.1525806188583374,1.278317447944401,1.1522447820722397,6.456153767150125,1.0,0.6656340689009599
44,44,11,10,-0.8112412785229454,0.120058552016718,0.134084871140781,0.1903453617145291,0.0,-1.1468425989151,1.147993642822654,1.1652835903332162,1.2346347094924677,1.0,0.4548874193773488
45,45,11,1000,-0.8112412785229454,-0.514539573720703,-0.6509520070906346,-0.9017638799797733,0.0,-1.080617904663086,0.3657379286005481,0.1975852014386581,0.1115853000252223,1.0,0.23508602668298745
46,46,11,100000,-0.8112412785229454,-0.3362644028346472,-0.5716003139499134,-0.9313120140691332,0.0,-1.1040916442871094,0.5854939686416164,0.2954003585830277,0.1480086612022563,1.0,0.12772098201134882
47,47,11,10000000,-0.8112412785229454,-0.7831030615905268,-0.7872682399801132,-0.9333599433027866,0.0,-1.1040916442871094,0.0346853860588193,0.0295510585783808,0.150533100339996,1.0,0.17434374044028725
48,48,12,10,0.8830914919397734,0.8231223722597562,0.7856236927256856,0.6716776569220184,0.7324382312623344,0.6884292364120483,0.0679081615295498,0.1103711224756484,0.2394019611188524,0.1705975678086518,0.4743027229963245
49,49,12,1000,0.8830914919397734,0.0334737172668588,0.3335842652394055,-2.552219089636752,0.3207974677606033,0.4325677454471588,0.9620948479603948,0.6222540152587543,3.8900958880609537,0.6367335993058332,0.9516862611015052
50,50,12,100000,0.8830914919397734,0.2325265361410452,0.3315079108558424,13.262583375239348,0.8323667165961869,0.3856742978096008,0.7366903222787436,0.6246052488540437,14.018357096960743,0.0574400000527306,0.8959533733186711
51,51,12,10000000,0.8830914919397734,-0.0095086589034099,0.3241664534164683,28.2341761205427,0.0,0.3856742978096008,1.010767467459712,0.632918608801888,30.97197162269599,1.0,0.942235166351929
52,52,13,10,-0.7457816402862483,-0.6317197685081233,-0.7061002122972379,-0.7546988257156512,5.289641388346754,-0.3973070383071899,0.1529427189094456,0.0532078370470205,0.0119568315277649,8.092748202163394,0.27533742617316265
53,53,13,1000,-0.7457816402862483,-0.6559056216462783,-0.7262806327945184,-0.8213361534644742,-1.8963129109083805,-0.4104236364364624,0.1205125116856905,0.0261484145469777,0.1013091622223716,1.542718683957588,0.08118989709555047
54,54,13,100000,-0.7457816402862483,-0.4757685956522474,-0.3676892516397049,-0.7310282244131906,-0.7795231918474704,-0.4158912599086761,0.3620537568213178,0.5069746534674986,0.019782487361039,0.0452432048987842,0.08165432605448388
55,55,13,10000000,-0.7457816402862483,-0.7459155459292541,-0.7468598384762499,-0.7352324296256109,-0.1694743457025339,-0.4158912599086761,0.0001795507368007,0.0014457290603021,0.0141451734539729,0.7727560769161792,0.05007230454141864
56,56,14,10,0.5906339012477964,-0.0523211938268326,0.082330531910253,0.3632570864096508,0.0,0.6626091599464417,1.088584813225751,0.8606064912015409,0.38497081586035,1.0,0.49101705506490423
57,57,14,1000,0.5906339012477964,0.538409922218242,0.5997693173433051,0.504461914660385,0.0,0.7192500829696655,0.0884202192241656,0.0154671380633737,0.1458974610251138,1.0,0.09213813685032748
58,58,14,100000,0.5906339012477964,0.4790754705492716,0.5619758124880273,0.5420314128040284,0.6204578979179693,0.6369245648384094,0.1888791524882706,0.0485209005091391,0.082288687359612,0.050494894734565,0.013498025963458223
59,59,14,10000000,0.5906339012477964,0.0280897877271107,0.2326322090730732,0.5399479296541619,0.0,0.6369245648384094,0.9524412877964386,0.6061312962537279,0.0858162247147568,1.0,0.040112396677376524
60,60,15,10,-0.5466396337754452,-0.2712582261315105,-0.1854491187120775,0.8776735840203664,0.0,-0.3422399759292602,0.5037713890995672,0.660747031035334,2.605579855157204,1.0,0.35569564573193635
61,61,15,1000,-0.5466396337754452,0.264837782431889,0.149335211911337,-6.591081656064205,-0.4381684415082223,-0.4596857726573944,1.4844833160061022,1.273187677373358,11.05745293392276,0.198432725263719,0.15686957822871
62,62,15,100000,-0.5466396337754452,0.3641332665400075,0.1910524938273632,16.273954259960547,-0.5259238057216676,-0.4611716866493225,1.6661303792135758,1.349503552290623,30.770900707587085,0.0378966814219099,0.22897931793755408
63,63,15,10000000,-0.5466396337754452,0.2359068071440964,0.16194182262014,-41.26419685069011,-0.5441883002393777,-0.4611716866493225,1.431558183066186,1.296249691047218,74.48701978613042,0.0044843684661813,0.14615455013121098
64,64,16,10,-0.6232592566216775,-1.2302308295002653,-0.7101384951648274,-0.1732617593655481,0.0,0.1028568893671035,0.9738669204347232,0.1393950232108405,0.7220069216385194,1.0,1.270705835081076
65,65,16,1000,-0.6232592566216775,-0.6325313053682355,-0.6572298873495837,-0.4387372886776066,-0.8376503794530984,-0.681903064250946,0.0148767124564124,0.0545048153990379,0.2960597311370169,0.3439838567236198,0.2936162647964937
66,66,16,100000,-0.6232592566216775,-0.6148584268209422,-0.727449109474336,-0.522313264977899,-0.905802572463737,-0.7129480838775635,0.0134788688839878,0.1671693629027038,0.1619646889657884,0.4533319206096688,0.17708759164197052
67,67,16,10000000,-0.6232592566216775,-0.3385023436893569,-0.3298447254067579,-0.5290048798207054,-0.7536683311650589,-0.7129480838775635,0.4568835679646711,0.4707744459430052,0.1512282020677393,0.2092372847380599,0.0987481207073393
68,68,17,10,0.6511416235059146,1.3479109408576242,1.2461353669969828,1.3006675032388817,1.2528742272899345,1.1409047842025757,1.0700733791216166,0.9137700954939236,0.997518598543512,0.9241193959374552,1.070667739448244
69,69,17,1000,0.6511416235059146,0.2010405650236678,0.3029196090579515,0.9714450238863443,0.0,1.002443552017212,0.6912490957939172,0.5347869063769044,0.4919104981429901,1.0,0.30477184151363196
70,70,17,100000,0.6511416235059146,0.6578202090102053,0.928544670716684,1.0797500558542728,0.9162425345519288,1.2129430770874023,0.0102567325804353,0.4260256712159788,0.6582414898323035,0.4071324908069036,0.6359697707653125
71,71,17,10000000,0.6511416235059146,0.6500781550009408,0.94593265888864,1.0782235217375729,0.644054298120166,1.2129430770874023,0.0016332368667324,0.4527295211070892,0.655897093372927,0.0108844606609367,0.516349586690689
72,72,18,10,-0.656953205636707,-0.550488887471734,-0.1691557658091798,0.8392245318903288,-0.15303462206053,-0.1217562854290008,0.1620576888148217,0.7425147417535818,2.2774494814694872,0.7670539990558207,0.4521019354129986
73,73,18,1000,-0.656953205636707,-0.1672776496471084,0.0792087577146404,-0.7578414804369837,-0.765439891009787,-0.6732290983200073,0.7453735696669811,1.120569862564066,0.1535699558730331,0.1651360925591903,0.030313903152632642
74,74,18,100000,-0.656953205636707,-0.6547688503969967,-0.6624985480252641,-0.948743171418666,-0.6604611312259578,-0.6333313584327698,0.0033249784322054,0.0084410005780893,0.4441563923859104,0.0053396886705972,0.12422312813146463
75,75,18,10000000,-0.656953205636707,-0.1387306188300666,0.1524774957686863,-0.9642634284923718,-0.6740435556688473,-0.6333313584327698,0.788827244254617,1.2320979553192195,0.4677809929518882,0.026014562202458,0.11149132239511148
76,76,19,10,-0.5726071646461707,-1.72042364375677,-0.7180181062086142,1.7149982699619166,-0.2715077998855936,0.0386338755488395,2.004544389205933,0.2539453757137265,3.9950695273288455,0.525839324673198,1.3716825910837214
77,77,19,1000,-0.5726071646461707,-0.2387748622208134,-0.0319289565228676,-1.0292737884063226,0.0,-0.3093999326229095,0.5830040611378678,0.9442393345836017,0.7975216727201422,1.0,0.2899571030901013
78,78,19,100000,-0.5726071646461707,0.0137082667366885,0.0279129145533271,-1.134700801397468,0.0,-0.2922773957252502,1.0239400894418764,1.04874705780284,0.9816391960422466,1.0,0.18438715812344883
79,79,19,10000000,-0.5726071646461707,-0.5547656279213314,-0.9453354394011464,-1.112013661530759,-0.593703036599689,-0.2922773957252502,0.0311584238312211,0.6509319089384685,0.942018420635554,0.0368417883254291,0.07272550939444744
80,80,20,10,-0.6898097522700012,0.7361570746181627,0.6016200934467347,0.5755214185875667,-4.698275352059527,0.0503600388765335,2.06718855770833,1.8721536502882783,1.8343190520192871,5.8109726436870615,0.9208493068304543
81,81,20,1000,-0.6898097522700012,-0.9863516617326882,-1.2123489220637058,-1.9008370856192307,0.0,-0.4478806257247925,0.4298894129676153,0.757512006860082,1.7555961326496534,1.0,0.023325341611798136
82,82,20,100000,-0.6898097522700012,-0.401967760264538,-0.2972429322961761,-1.9877279088730069,0.0,-0.3910109400749206,0.4172773595302807,0.5690943317080981,1.8815595928179665,1.0,0.18038481645953064
83,83,20,10000000,-0.6898097522700012,-0.4699419238113108,-0.3142388041745974,-1.9290355855189856,-0.7968146717173825,-0.3910109400749206,0.3187369093219647,0.5444558399754256,1.796474794928579,0.1551223639492677,0.14716567683559537
84,84,21,10,0.6997907888419928,0.5938962003177358,1.0768385652537278,-1.075211376310874,0.0,1.118439793586731,0.1513232100403755,0.5388007136185233,2.5364754630310635,1.0,0.004337382601167505
85,85,21,1000,0.6997907888419928,0.7228007475426688,0.7325397141205742,0.7794553501859994,1.1492028622253176,0.9103702306747437,0.0328811968770733,0.0467981656814517,0.1138405400788925,0.642209186729948,0.11176135378156865
86,86,21,100000,0.6997907888419928,0.701140743857525,0.698199068103141,0.7083926156127007,0.0,0.9415032267570496,0.0019290837162434,0.002274566576513,0.012291997705403,1.0,0.040273252481218484
87,87,21,10000000,0.6997907888419928,0.193938626550934,0.5032334230125308,0.7055883852191991,0.7121978926403927,0.9415032267570496,0.7228619901215594,0.2808801844258671,0.0082847566296208,0.0177297329376556,0.04180873863031559
88,88,22,10,-0.5001063117312737,25.810092022528483,13.03557353833804,0.2610567929475214,0.0,0.1139954328536987,52.609210715975195,27.065604917505127,1.522002595895645,1.0,6.876285998714223
89,89,22,1000,-0.5001063117312737,0.7441820765788298,0.5475045730950947,-0.2648418646321219,0.0,0.2162306904792785,2.4880477592906436,2.094776371047462,0.4704288699830856,1.0,0.020306515202076447
90,90,22,100000,-0.5001063117312737,-0.5002687200065468,-0.4868609715443333,-0.3158897808716784,0.0,-0.0156038701534271,0.0003247475016078,0.02648504903105,0.3683547408587435,1.0,0.0010097996932453863
91,91,22,10000000,-0.5001063117312737,1.0181838998903086,1.353229635157681,-0.3012701875769117,-0.3533928662613482,-0.0156038701534271,3.0359349122500534,3.7058839359036577,0.3975877118327677,0.293364514760934,0.0767486363493424
92,92,23,10,-0.6579763927696182,-0.6267825618881744,-1.2054543892409166,-3.251852883169025,0.0,-0.5233936905860901,0.0474087387089066,0.8320632814299019,3.94220297096224,1.0,0.12933122341698433
93,93,23,1000,-0.6579763927696182,-0.3926044156131874,-0.2996888782619318,-3.990757164743927,,-0.8439310789108276,0.4033153469828928,0.544529436686243,5.06519809615911,,0.3382847952170761
94,94,23,100000,-0.6579763927696182,-0.6930038947527457,-0.6117766940589898,-1.939060714431972,-0.6486341357254052,-0.8828800320625305,0.0532351956210562,0.0702148271857597,1.9470065123003713,0.0141984684357574,0.21542588428480347
95,95,23,10000000,-0.6579763927696182,-0.6594870111978077,-0.5941186059473432,-2.0060711872516337,-0.6660202691738114,-0.8828800320625305,0.0022958550561835,0.0970517901918616,2.0488497905030965,0.0122251747822352,0.24572270777308158
96,96,24,10,0.8823642101688611,2.6008506954374595,1.6581683626067742,5.844706164362803,0.9957829004478742,1.511960506439209,1.9475931429037967,0.8792334769442255,5.62391572210786,0.128539540670295,4.5881042778521675
97,97,24,1000,0.8823642101688611,0.9156996100984264,0.9189038587353636,0.9774938941919936,,0.9891022443771362,0.0377796374166011,0.0414110728261628,0.1078122649658776,,0.08241467100349664
98,98,24,100000,0.8823642101688611,0.8835101889301036,0.8801151986227209,0.9775602688333264,0.0,0.9659574627876282,0.001298759342271,0.0025488471996272,0.1078874885986674,1.0,0.09203070063761183
99,99,24,10000000,0.8823642101688611,0.69545179610034,0.8425566331853571,0.9767016751794204,0.6766151173778208,0.9659574627876282,0.2118313638681594,0.0451146777314164,0.1069144282183719,0.2331793271076412,0.07689291160178931
100,100,25,10,-0.8628513867747024,-2.7113708916853754,-1.8912730743881108,-1.2237592103044683,-1.7305631136849795,-0.4342850148677826,2.1423382209772543,1.1918873903159612,0.4182734466926248,1.0056328821046951,0.8544252406471243
101,101,25,1000,-0.8628513867747024,-0.9008025041171088,-0.9579060476457506,-0.9626323722033544,-2.8097776673227637,-1.099535346031189,0.0439833764239121,0.1101634213353449,0.1156409863367417,2.2563865694480474,0.07982726050014334
102,102,25,100000,-0.8628513867747024,-0.860646883462393,-0.86479491124925,-0.9082135343432008,-1.2239739028497454,-1.1147408485412598,0.0025549049883893,0.0022524440527498,0.0525723760357619,0.4185222642162074,0.015512304625215924
103,103,25,10000000,-0.8628513867747024,-0.8644818223026798,-0.8662096023299745,-0.9070930410437484,-1.233341922512365,-1.1147408485412598,0.0018895902040232,0.003891997633364,0.0512737824232042,0.4293793130732959,0.05143848688207448
104,104,26,10,-0.842845796005405,0.3627194421472741,-0.8802010011144499,-2.0988792865018695,0.0,-1.428523063659668,1.4303508943941483,0.044320331531683,1.4902292880255523,1.0,0.11680362052937722
105,105,26,1000,-0.842845796005405,-0.9305526179938618,-0.8481515173279627,-0.7906623517396427,0.0,-1.257396936416626,0.1040603422406989,0.0062950083487438,0.0619133944940832,1.0,0.02934471312476193
106,106,26,100000,-0.842845796005405,-0.848908712530268,-0.844337737096454,-0.8411200852273789,0.0,-1.046354055404663,0.0071933876322308,0.0017701234295999,0.0020474810293946,1.0,0.07616830761601322
107,107,26,10000000,-0.842845796005405,-0.8432319196526809,-0.8359827430267173,-0.8336326297171738,-0.8617371352671293,-1.046354055404663,0.0004581189692181,0.0081427148491628,0.010931022414653,0.0224137551035529,0.007685312388473612
108,108,27,10,-0.5679248606262883,-0.4167831287100652,-0.521029284055539,-0.6170461922509983,-0.9477855986236492,-0.5971238017082214,0.2661298041250547,0.0825735582679624,0.0864926595580631,0.6688573864832459,0.07381888340110819
109,109,27,1000,-0.5679248606262883,-0.1144923232913553,-0.0393657960638271,-0.5243599217993465,-0.8027321400229948,-0.5475643277168274,0.7984023394131804,0.9306848514776837,0.0767089836125501,0.4134477915577932,0.0025019482540956633
110,110,27,100000,-0.5679248606262883,-0.5499291108811325,-0.5697933435783581,-0.5410726613451784,-1.800193665307608,-0.5421061515808105,0.0316868497802873,0.0032900178907633,0.0472812534593013,2.16977436649351,0.002486730266485646
111,111,27,10000000,-0.5679248606262883,-0.5682485356040772,-0.5701496009115139,-0.5403237857873529,-10.464955990332363,-0.5421061515808105,0.0005699257071294,0.0039173144890544,0.0485998707795569,17.426655911473862,0.0035812586276410333
112,112,28,10,0.5646464601477078,2.884714926118936,1.8118757104661305,0.3060108602919105,0.3084738493244735,0.4410269260406494,4.10888694027111,2.2088675628855547,0.4580487404244772,0.4536867383463649,1.05768684301843
113,113,28,1000,0.5646464601477078,0.3402363272111025,0.3865947751657346,0.3860751337985686,0.0606301122387588,0.3264448642730713,0.3974347645390375,0.3153330403158749,0.3162533354099591,0.8926228772905114,0.4142435964223522
114,114,28,100000,0.5646464601477078,0.0100557616033719,0.2167213290230612,0.4038776238676981,1.664610843922545,0.5067644715309143,0.9821910481812964,0.6161822586005969,0.2847247749289947,1.9480585842813816,0.5109037453516037
115,115,28,10000000,0.5646464601477078,0.5655775766138181,0.5656692844787762,0.4037875271212581,0.5568220593954442,0.5067644715309143,0.0016490255971263,0.001811442031888,0.2848843380411348,0.0138571678111943,0.3845338225376658
116,116,29,10,0.6256854409252208,-0.2249274517712247,-0.0407811684931457,0.343213067309995,1.156281312865597,1.191622614860535,1.3594896685443367,1.0651783880936103,0.4514606783842133,0.8480233632346753,0.9406616971143683
117,117,29,1000,0.6256854409252208,0.0479130293289478,-0.1504814062277834,-0.6807229027748799,0.0,0.8746439218521118,0.9234231353408237,1.2405064851840917,2.087963468940996,1.0,0.18217537221291866
118,118,29,100000,0.6256854409252208,0.7215620519191694,1.0287887492519727,-0.9339401154387892,0.0,0.9225426316261292,0.1532345244475768,0.644258731241485,2.492667168438093,1.0,0.12398361434528113
119,119,29,10000000,0.6256854409252208,0.6586856439343645,1.1565821471531876,-0.988881606218572,0.0,0.9225426316261292,0.0527424818457421,0.8485041707905383,2.5804772518859984,1.0,0.1839143974789785
120,120,30,10,-0.5240246660679172,-0.6055200923690597,-1.2319432423623118,-168.00960096283598,0.0,-0.925071895122528,0.1555183020537054,1.3509260577490516,319.6139173247634,1.0,0.24634020082715583
121,121,30,1000,-0.5240246660679172,-0.520676723872469,-0.3773693601589256,0.2155587313815265,-0.1435486047202246,-0.6184016466140747,0.0063889019205334,0.2798633640844381,1.411352261333417,0.726065175906014,0.46890615341743286
122,122,30,100000,-0.5240246660679172,0.2720239767852085,-0.2044186708595214,0.2861554097794579,-0.4608837912814525,-0.5595629215240479,1.5191052910283278,0.6099063954500428,1.5460724051916486,0.1204921807598293,0.5657493316335055
123,123,30,10000000,-0.5240246660679172,0.0360444092161811,-0.3197382088293886,0.26103005934428,-0.0970912570583931,-0.5595629215240479,1.068783802653117,0.3898413003559867,1.498125520126659,0.8147200631089959,0.4493363331310649
124,124,31,10,-0.7076844809759584,-0.7874106745260703,-0.4957625371435238,-0.8394559420095109,0.0,-1.0800508260726929,0.1126578237806805,0.2994582324882633,0.186200862921041,1.0,0.3725771725146965
125,125,31,1000,-0.7076844809759584,0.5779518142924698,0.024641094494773,-0.4611966267047274,0.0,-0.6845873594284058,1.8166800740005264,1.0348193229570202,0.3483019069901078,1.0,0.2498653705528421
126,126,31,100000,-0.7076844809759584,-0.214366396450283,-0.3575747450240755,-0.5656676659996374,-1.4219782920084525,-0.7428829669952393,0.6970876114809623,0.4947257504771775,0.200678153603803,1.0093393740207792,0.12070448638525308
127,127,31,10000000,-0.7076844809759584,-0.713185273769636,-0.7946201532992007,-0.5564204509043512,-1.0242905935262243,-0.7428829669952393,0.0077729453471857,0.1228452434103831,0.2137450150991031,0.4473831503463784,0.18813762535984047
128,128,32,10,0.6459952407072737,-0.219061738184731,-0.1460957915715817,-3.710116525443877,0.0,0.4249582886695862,1.3391073561856113,1.2261561422830725,6.7432567481175605,1.0,1.1527918197120162
129,129,32,1000,0.6459952407072737,-0.0032505840994634,0.3788407247493575,-1.358780767055714,0.3015928029130125,0.3653074502944946,1.005031901002714,0.4135549290818608,3.1033912967656554,0.5331346364366231,1.0004142628299126
130,130,32,100000,0.6459952407072737,0.6417924477721519,0.6797302950951675,-0.896443449137914,0.0,0.3664389252662658,0.0065059193478271,0.0522218311561532,2.3876935813899105,1.0,0.9028582685002885
131,131,32,10000000,0.6459952407072737,0.3978427996875165,0.5343480172272793,-0.9772139456189856,0.6560388920382945,0.3664389252662658,0.384139735686079,0.1728297926123362,2.512726230845098,0.0155475624248011,0.95218513731562
132,132,33,10,-0.6454105480053767,0.3818104771684917,0.3789287899674203,0.1478970677450852,-0.6823943351312287,-0.4547910392284393,1.5915776839229951,1.5871127937690035,1.229151922295285,0.0573027311687876,0.8992145934789474
133,133,33,1000,-0.6454105480053767,-0.3596854144532827,-0.4363992092436582,-0.1701121924836033,-3.5356436769525885,-0.4467845559120178,0.4427029189949242,0.3238424587383366,0.7364279325627225,4.4781312265183715,0.69170440025453
134,134,33,100000,-0.6454105480053767,-0.5667944455961424,-0.5780907626587666,-0.1633094369898408,-0.1652368550112128,-0.4397071897983551,0.1218078983248648,0.1043053689696581,0.7469681313784783,0.7439817872176514,0.6471041112770561
135,135,33,10000000,-0.6454105480053767,-0.6452471546478542,-0.6456271803446114,-0.1591326679152221,0.0,-0.4397071897983551,0.0002531618952113,0.000335650447462,0.7534396231871059,1.0,0.634567300160612
136,136,34,10,-0.6582717363187927,-0.0515526584703766,-0.3876012793360718,-1.058180921653488,0.0,-0.4406552016735077,0.921684836783862,0.4111834703649474,0.6075138324654186,1.0,1.176911485346292
137,137,34,1000,-0.6582717363187927,-0.502205376576252,-0.5288280023279428,-1.0393352059783514,0.0,-0.7805933356285095,0.2370850078043753,0.1966417922098996,0.5788847502257252,1.0,0.5173786591148642
138,138,34,100000,-0.6582717363187927,0.0280287652860382,-0.4166579204875415,-0.815247279533864,0.0,-0.6845556497573853,1.042579323613044,0.3670426702237154,0.238466175219545,1.0,0.257405048889045
139,139,34,10000000,-0.6582717363187927,-0.7323512969360543,-0.715088575332297,-0.8195031082512538,0.0,-0.6845556497573853,0.1125364443436864,0.0863121350633056,0.2449313300827773,1.0,0.2761496719032129
140,140,35,10,0.6373485989045681,0.2503316482049493,0.3454586272062354,0.3460763140406341,,0.5250222682952881,0.6072296249882678,0.4579753877234743,0.4570062370334745,,1.272270052118108
141,141,35,1000,0.6373485989045681,-0.2966475452650017,-0.3603929514221357,-0.2766646743859774,0.0,0.3312136828899383,1.4654400210102598,1.5654565681034756,1.4340868950861272,1.0,1.032549727589581
142,142,35,100000,0.6373485989045681,0.6075749815523608,0.6049471470313493,-0.0219299494117717,0.0,0.3618498146533966,0.0467148078828135,0.0508378804455021,1.0344080922896255,1.0,0.7056888995120277
143,143,35,10000000,0.6373485989045681,0.6374150315145466,0.6298425062362611,-0.0302365611019029,0.0,0.3618498146533966,0.0001042327700926,0.0117770599656261,1.047441166661183,1.0,0.8474976717754248
144,144,36,10,-0.6988864309968924,0.2349637310773658,0.0478188960401128,-10.05766572022805,0.0,-0.0423991903662681,1.3361972999564655,1.0684215545176687,13.39098725365405,1.0,1.1697243550118943
145,145,36,1000,-0.6988864309968924,-0.3575615942143901,-0.5965021553329558,-0.7721815238353804,-0.7311228449849514,-0.7630752325057983,0.4883838369785433,0.1464962991453354,0.104874110567492,0.0461253968575079,0.05179345808018148
146,146,36,100000,-0.6988864309968924,-0.6896102473585608,-0.708198814509582,-0.8385185778743804,-0.8120083407358145,-0.7842197418212891,0.0132728054615397,0.0133246019663114,0.199792327743889,0.1618602175142603,0.015854564444898158
147,147,36,10000000,-0.6988864309968924,-0.0884385022155838,0.2416237233928414,-0.8334400252999048,-70.93960328096719,-0.7842197418212891,0.8734579778728353,1.3457267342394803,0.1925256927811361,100.50376389448404,0.03786640974664562
148,148,37,10,0.7691521463670195,0.643773657200967,0.681651186725552,0.5409103739728568,0.7185132969078567,0.7318039536476135,0.1630086969896136,0.1137628752058558,0.2967446342992477,0.0658372335023026,0.2353635904080486
149,149,37,1000,0.7691521463670195,0.8530305909021195,0.7750383297583189,0.7206982269350863,0.112988292100387,0.7532697319984436,0.1090531241852316,0.0076528206013621,0.0629965341198075,0.8531002056822292,0.05725755037904463
150,150,37,100000,0.7691521463670195,0.7860793493816479,0.791012460977654,0.7159125500075253,0.4173249713351289,0.7522402405738831,0.0220076133110746,0.0284213139284452,0.0692185500761634,0.457422080525545,0.04999814879640909
151,151,37,10000000,0.7691521463670195,0.7698384834272236,0.7775912293322852,0.7091623961679184,0.4449414646237153,0.7522402405738831,0.0008923293830043,0.0109719292926978,0.077994647070094,0.4215169693989246,0.07120313073074618
152,152,38,10,-0.6772104824280016,-0.1743895050997411,-0.4918326470723196,-0.9765110893500342,0.1170632869483587,-0.6136308312416077,0.742488473488327,0.2737373979963321,0.4419609776992089,1.1728610084838793,0.2512768173072384
153,153,38,1000,-0.6772104824280016,-0.5439800852267458,-0.5696976298327908,-0.2190916620820339,-4.280405026535672,-0.731640636920929,0.1967341035885698,0.1587583999139309,0.6764792220927753,5.320642012493876,0.16129518347618588
154,154,38,100000,-0.6772104824280016,-0.6888880634408009,-0.706360181628098,-0.2090211876424743,-2.24981547915359,-0.7774091362953186,0.0172436507050683,0.0430437802669356,0.6913497456609486,2.3221805295856175,0.21971976939515103
155,155,38,10000000,-0.6772104824280016,-0.0475683107246987,-0.1587375732832647,-0.2052539075596474,-2.620923056604715,-0.7774091362953186,0.9297584547803333,0.7656008325297281,0.6969126838914972,2.8701749671799583,0.23378631823805926
156,156,39,10,0.6423703755748386,-1.648378744316772,-0.4264124561332875,9.524073566951827,0.0,0.0855157896876335,3.566087738466591,1.6638108984271005,13.826452042451386,1.0,4.548057356840015
157,157,39,1000,0.6423703755748386,0.8892698765827037,0.8386698982598072,0.5277581138300595,0.0,0.6759809255599976,0.3843569230397993,0.3055862009659239,0.1784208396008546,1.0,0.3495978313060116
158,158,39,100000,0.6423703755748386,0.6147880581829107,0.5873194783378447,0.6333540458471961,0.6347127844700454,0.6397371292114258,0.0429383396879802,0.0856996202350247,0.0140360297897828,0.011920834764431,0.1439163598763462
159,159,39,10000000,0.6423703755748386,0.6431037065747047,0.6593354806046923,0.6417395827770478,0.6956042537606684,0.6397371292114258,0.001141601524214,0.0264101609833301,0.0009819767874978,0.0828710043457286,0.09374231882755271
160,160,40,10,0.8254504865474945,0.8840385466186165,1.0172632378576028,0.9573319527722148,0.0200614463904091,1.4465866088867188,0.0709770737626803,0.2323734184377051,0.1597690817002529,0.9756963661450884,1.7701233124735885
161,161,40,1000,0.8254504865474945,-0.2324538853887601,0.0956932735423466,12.10605300678721,0.0,1.5698524713516235,1.2816085145954847,0.8840714554029877,13.665995361419728,1.0,1.076710239372925
162,162,40,100000,0.8254504865474945,0.7965936197958361,0.8103645151367458,-7.442920692283218,1.3140278119075468,1.5548372268676758,0.0349589311799358,0.0182760464214478,10.01679847983828,0.5918917407191335,1.0846804830013896
163,163,40,10000000,0.8254504865474945,0.9939533651769352,0.9031366130625385,-8.695487190414578,1.2380674465807615,1.5548372268676758,0.2041344470389932,0.0941136116352316,11.534232315718986,0.499868819217815,0.9800130699039422
164,164,41,10,0.6583004277891302,1.1182470273743057,0.9831569323266848,0.5901943383984642,-0.8580150043520959,0.535720705986023,0.6986879852560383,0.4934775838268392,0.1034574588070631,2.303379077594856,0.6230945392011087
165,165,41,1000,0.6583004277891302,0.5996329093420565,0.5894807610367504,0.5874051337238101,0.0483864253423572,0.5281664133071899,0.0891196723722415,0.1045414279670261,0.1076944371788098,0.9264979585310908,0.06992114382302772
166,166,41,100000,0.6583004277891302,0.6591967204326391,0.6588899579947799,0.5739511264778309,0.7460102143196158,0.4830926060676574,0.0013615252332723,0.0008955336815283,0.1281319254106857,0.1332367150740803,0.09227708134880601
167,167,41,10000000,0.6583004277891302,1.718781952591944,1.1440001035788323,0.5738794766693145,0.6855249805324715,0.4830926060676574,1.6109385320686924,0.7378085373890777,0.1282407660030532,0.0413558180947467,0.03598264512649364
168,168,42,10,-0.5092249700165663,-0.3365303900195325,-0.1623804220822033,1.583727411619661,0.0,-0.4431413114070892,0.339132191399443,0.6811224279184095,4.110074141824071,1.0,1.2085817246960107
169,169,42,1000,-0.5092249700165663,0.2168312581073855,0.7640195725898139,2.4943733879602914,-1.013405439638027,-0.3061237335205078,1.4258064134214223,2.5003576367532774,5.898372104335621,0.9900937685853436,1.2200523494140563
170,170,42,100000,-0.5092249700165663,-0.5078320310733456,-0.5353712884240291,1.0093359873807424,,-0.364510715007782,0.0027354097407583,0.0513453187627704,2.9821023060748697,,1.1803330893947628
171,171,42,10000000,-0.5092249700165663,-0.5157542134961264,-0.5440322743514051,1.0409063384097388,-0.5060068196898893,-0.364510715007782,0.012821923244156,0.0683534908622144,3.044099169716433,0.0063197025208177,1.2050935549824704
172,172,43,10,-0.666347509155347,-0.7745374001153164,-0.6734835357908215,-0.6003278867927085,-0.8054154382063075,-0.6142728924751282,0.1623625652883573,0.0107091668197575,0.0990768652325631,0.2087018067002922,0.026881906390057334
173,173,43,1000,-0.666347509155347,-0.4566887877832115,-0.7627943517312287,-0.6641920527065079,0.8832868556800302,-0.6535705924034119,0.3146387110201643,0.1447395559385167,0.0032347332573829,2.3255648795020973,0.02797006308567062
174,174,43,100000,-0.666347509155347,0.1508840071554505,-0.1797010975762771,-0.6388266374479316,63.37637634698626,-0.7225839495658875,1.2264344130988185,0.730319247678942,0.04130107988593,96.11009717335222,0.040668802526093166
175,175,43,10000000,-0.666347509155347,-0.6662153186304218,-0.6662016148661585,-0.6392690900275109,-36.810137722066976,-0.7225839495658875,0.000198380759452,0.0002189462512938,0.0406370831372362,54.24165276572731,0.05792563491664858
176,176,44,10,-0.5163942790443444,1.196963296465635,1.3039139785421037,3.0555719369172003,-4.055079094062451,-0.5100642442703247,3.317925168886017,3.5250356780775496,6.917129722219112,6.85268012954541,1.7190136938297955
177,177,44,1000,-0.5163942790443444,-0.5008192458023959,-0.5419124492633868,-0.455827367400265,0.0,-0.6085286736488342,0.0301611266313255,0.049416059113333,0.117288115112674,1.0,0.08360658171583855
178,178,44,100000,-0.5163942790443444,-0.5573664075777933,-0.5415197669764388,-0.5537331081253388,-0.1030596928831822,-0.5781389474868774,0.0793427235663284,0.0486556279798303,0.0723068217372485,0.800424410057548,0.06603880433520595
179,179,44,10000000,-0.5163942790443444,-0.5283589683990081,-0.5282061525964986,-0.5576004622096081,-0.0899334936987032,-0.5781389474868774,0.0231696783643805,0.0228737498293234,0.0797959714842719,0.8258433577824738,0.15267160640937683
180,180,45,10,-0.502056030302308,-0.0315243866939232,-0.0402316742694107,4.055341473196677,0.021291579382605,0.1302298456430435,0.9372094252608796,0.9198661666404332,9.077467908820442,1.0424087713273449,1.92324093560413
181,181,45,1000,-0.502056030302308,0.2897639412648004,0.9090427380677254,2.061320099776242,-0.5832604412002361,-0.3100259304046631,1.5771545878859814,2.810640014662017,5.105757077621474,0.1617437218093599,1.5653821759951165
182,182,45,100000,-0.502056030302308,-0.4613533003666671,-0.6000325586951097,2.1157272165469605,-0.5301769748344913,-0.2810739278793335,0.0810720865380944,0.1951505857499731,5.2141256928494535,0.0560115661099629,1.2458307534226059
183,183,45,10000000,-0.502056030302308,-0.160883157348276,-0.2098601872079064,2.043812212778928,-0.5473308621119899,-0.2810739278793335,0.6795513894108556,0.5819984731952303,5.070884700953133,0.0901788427527103,1.2219911407802713
184,184,46,10,-0.5643067527644875,-0.5029428354219837,-0.8110015964187709,-1.1088985505088151,0.0,-1.0257102251052856,0.1087421283581802,0.4371644366220106,0.9650634075818196,1.0,0.3021923255714267
185,185,46,1000,-0.5643067527644875,-0.4995970566271956,-0.1375028567533623,-16.82704522985083,-1.0126807106858104,-1.0481839179992676,0.1146711355486798,0.756333136047463,28.81896840223277,0.7945571370974734,0.17885380340104817
186,186,46,100000,-0.5643067527644875,-0.6617746434387259,-1.0321251101293256,8.344120400090958,-0.8035550717850395,-0.9670531153678894,0.1727214678838275,0.8290142818122209,15.786497519680331,0.4239685558404116,0.07198510549735877
187,187,46,10000000,-0.5643067527644875,-0.3590756864930431,0.2097746066184629,7.984870392351734,-0.8411217058028941,-0.9670531153678894,0.3636870642891229,1.3717386077533118,15.14987567175934,0.4905398556411302,0.1518502543737748
188,188,47,10,0.7787585445450184,1.2842334101959212,1.1432895040643838,0.9065722519056996,0.7779339074513714,0.8399611115455627,0.6490777779474911,0.4680924043438122,0.1641249502249186,0.0010589124182628,0.5825998058669628
189,189,47,1000,0.7787585445450184,0.6141839430541415,0.3438790383158988,0.7442031126248688,0.0,1.0450769662857056,0.2113294327794861,0.5584266256535181,0.0443724594255825,1.0,0.014132187448501959
190,190,47,100000,0.7787585445450184,0.7881036960105463,0.614319890380325,0.9068263624198052,0.0,1.0825772285461426,0.0120000628320396,0.2111548634895107,0.164451252280781,1.0,0.2518411688372131
191,191,47,10000000,0.7787585445450184,0.7800802346850596,0.6063684712644167,0.8928654414481527,1.083185376337295,1.0825772285461426,0.0016971757797064,0.2213652414964111,0.146524102627728,0.39091299084254,0.15989756426641005
192,192,48,10,-0.7060052675272084,-0.2633198502894902,-0.250388161307727,-0.7057080337708779,-0.5720503521181719,-0.6848315000534058,0.6270284905780221,0.6453451938330228,0.0004210078451278,0.1897364248827988,0.4315663102505573
193,193,48,1000,-0.7060052675272084,-0.0915670984346779,-0.3728982232600522,-0.6219024932721546,,-0.5271782875061035,0.8703025279749077,0.4718194885908819,0.1191248537700358,,0.06997540436152894
194,194,48,100000,-0.7060052675272084,-0.740706387853895,-0.7141548451807465,-0.6873098544429836,0.0,-0.5773372054100037,0.049151361785483,0.0115432249989891,0.0264805575030702,1.0,0.04584532781012912
195,195,48,10000000,-0.7060052675272084,-0.3262161699521503,-0.5017261708325531,-0.6837173187631311,0.0,-0.5773372054100037,0.5379408837915243,0.2893450036288612,0.031569096987252,1.0,0.054819727904643775
196,196,49,10,-0.7457832584147577,1.3134139083832048,1.0677505885079306,11.035335149784974,0.0307202586742292,-0.9119830131530762,2.7611201291579093,2.4317170256376484,15.796973551326108,1.0411919392499216,1.6354253812269939
197,197,49,1000,-0.7457832584147577,-0.5132190621013651,-0.5597564175580062,-8.653813261096655,-1.0144860277891803,-1.5071496963500977,0.3118388535668294,0.2494382097717928,10.603657179823616,0.3602960596696407,1.1676827363080198
198,198,49,100000,-0.7457832584147577,-0.5747717152125228,-0.6003290224258471,29.907616308599383,-0.7134260667127048,-1.2402557134628296,0.2293046153459361,0.1950355339138199,41.10228973518557,0.0433868571558331,0.7463889606028908
199,199,49,10000000,-0.7457832584147577,-0.8663560555388206,-0.8391120840267587,38.64505166143835,-0.7371100150935804,-1.2402557134628296,0.1616727055262051,0.1251420229121011,52.818073448822865,0.0116297104062286,0.8106793438638096
200,200,50,10,0.6058634888860209,0.6997616545702862,0.7012847931372475,1.2650808416054942,0.0,0.2877680957317352,0.1549823803657691,0.1574963766618024,1.0880625170722074,1.0,1.183000656253488
201,201,50,1000,0.6058634888860209,0.7519096919997789,0.6591427996635492,-0.2092277057914735,0.0,0.2638419270515442,0.241054636552349,0.0879394645079058,1.345338033450692,1.0,0.6969373954852549
202,202,50,100000,0.6058634888860209,0.5634073498792418,0.5371435395098304,-0.1913732543403046,0.4472077604841791,0.2745386958122253,0.0700754209250035,0.1134248071336059,1.3158686038205996,0.261867122400058,0.7778780319990332
203,203,50,10000000,0.6058634888860209,0.6002655872971133,0.5529686556712533,-0.2029194804830285,0.482724532095892,0.2745386958122253,0.0092395427214144,0.0873048701317576,1.3349260752717234,0.2032453829104968,0.7796142116651309
204,204,51,10,0.7924294175513829,-2.1248545706219795,0.9358317175679371,23.58935747800965,-1.2620650939547815,0.8210470080375671,3.681443322974818,0.1809653917943496,28.76840202487821,2.5926530060615103,1.47367332914484
205,205,51,1000,0.7924294175513829,0.3540333735918861,0.5588377610719557,1.9182173951581936,-2.3679096248032243,0.500579833984375,0.5532304003984937,0.2947791327601496,1.4206791831195646,3.9881647151869952,0.05248650769711765
206,206,51,100000,0.7924294175513829,-1.230304185704484,-0.8361004253164851,1.2952348426492204,0.8046616006516261,0.598980724811554,2.5525725805411663,2.0551102808626744,0.6345113065735404,0.0154363061609206,0.21278433027276514
207,207,51,10000000,0.7924294175513829,0.7906648747327901,0.792913846571286,1.3022952378140953,0.8205303032424445,0.598980724811554,0.0022267507736464,0.0006113213482155,0.6434211160890574,0.0354616891658233,0.21687586724172417
208,208,52,10,0.6345984782544072,2.4731111903891736,2.2074492799665135,-0.4506037209120362,0.0,1.2863082885742188,2.8971275146955464,2.4784975943190943,1.7100611431523032,1.0,2.4554246073872807
209,209,52,1000,0.6345984782544072,0.8281204743248559,0.7618135879458342,2.0749565132225833,1.0034636769876628,0.9738567471504213,0.3049518754012309,0.2004655133138014,2.2697155513674967,0.5812576162298636,1.0941726072629276
210,210,52,100000,0.6345984782544072,0.0784255181699426,0.144897583449467,2.667447922130044,1.0282108048390382,0.9980010986328124,0.8764171033222958,0.7716704523968645,3.2033632502041365,0.6202541292997458,1.229370655084382
211,211,52,10000000,0.6345984782544072,0.6070502191026085,0.5990131198523747,2.776369209491404,0.6365813939605663,0.9980010986328124,0.0434105345281883,0.0560753919547952,3.3750013664205043,0.0031246776885024,1.2376059966948467
212,212,53,10,-0.6986293871770899,0.0666126286341446,-0.3082077946257108,-0.742842422578825,-2.0392819804156934,-0.6798332333564758,1.0953475903773564,0.5588393499004276,0.063285393104324,1.9189753792861457,3.231140900519199
213,213,53,1000,-0.6986293871770899,-0.5701442384638087,-0.5583881666159043,-0.5379574411019928,1.009224032589081,-0.359719842672348,0.183910312207798,0.2007376487952359,0.229981659838723,2.4445771264604153,0.24496863594291318
214,214,53,100000,-0.6986293871770899,-0.3582814131114195,-0.3645656430058451,-0.5773081989270676,-0.7899288172692723,-0.3598418831825256,0.487165270045244,0.4781701862286043,0.1736560048529271,0.1306836382321256,0.18012584435479176
215,215,53,10000000,-0.6986293871770899,-0.698051171502084,-0.6948898790814221,-0.5841929812942352,-0.8625759432699128,-0.3598418831825256,0.0008276429328893,0.0053526349797248,0.1638013057899711,0.2346688517573988,0.1353588033933716
216,216,54,10,-0.7782495438961907,-0.1268637311979535,-0.1088776977625919,-0.2345099179450464,-0.4045081977915575,-0.6353200674057007,0.8369883642169207,0.8600992462937891,0.6986700219944783,0.4802332992494318,0.7286836145811624
217,217,54,1000,-0.7782495438961907,-0.7277635515247561,-0.7395363542003237,-0.7296004346988425,-0.6863052944182677,-0.8173659443855286,0.0648712135681878,0.0497439285374395,0.0625109382702541,0.1181423750248767,0.009864369606805557
218,218,54,100000,-0.7782495438961907,-0.680892424755681,-0.720462933479116,-0.7734278697094992,-0.501188933318434,-0.8362278342247009,0.1250975601644502,0.0742520324879017,0.0061955374397684,0.3560048479960476,0.004416628275187051
219,219,54,10000000,-0.7782495438961907,-0.7801591686197248,-0.7778847532427602,-0.7759440439319754,-0.5696182495415788,-0.8362278342247009,0.0024537434535121,0.0004687322418517,0.0029624173663799,0.2680776313855968,0.12254578929303957
220,220,55,10,0.799321156344071,1.1933419512303591,1.0872275029300316,1.7910157064019463,0.2847304500906187,0.8517077565193176,0.4929442837325331,0.360188572892008,1.2406709645891028,0.6437846692399377,0.8764626408467718
221,221,55,1000,0.799321156344071,0.5228592558874738,0.4818018674893069,0.7880960354027127,1.1683030639203824,0.7302747368812561,0.3458708658745835,0.3972361876508203,0.0140433176981073,0.4616190934617045,0.09540052862083709
222,222,55,100000,0.799321156344071,0.8409773260012603,0.832894373579077,0.8005826903065919,0.0,0.6390658020973206,0.0521144340126264,0.042002162670838,0.001578256690078,1.0,0.015606138603585631
223,223,55,10000000,0.799321156344071,0.1051995118751386,0.454381145623512,0.7972511404789744,0.0,0.6390658020973206,0.8683889309820105,0.4315411996577732,0.002589717347861,1.0,0.0015016950376841858
224,224,56,10,-0.656692376377837,-1.0073129618358685,-0.9621094389202944,-0.9445348220273918,-0.9609523562929074,-0.8455499410629272,0.5339190739383534,0.4650839168060199,0.4383215886214899,0.4633219310284947,0.3073596028752721
225,225,56,1000,-0.656692376377837,-0.4549712956950046,-0.5020392825968487,-0.6856467858710485,-1.667594283396217,-0.5870217084884644,0.3071774364055802,0.2355031051738698,0.0440912831254679,1.539384258721383,0.01739375361751722
226,226,56,100000,-0.656692376377837,-0.6214140797841993,-0.6358312455485451,-0.6359512860579635,-1.4151119849865668,-0.5129099488258362,0.0537211910213189,0.0317669758012983,0.0315841801518643,1.1549085018955096,0.12057394872402344
227,227,56,10000000,-0.656692376377837,-0.6476043278858379,-0.6521388696234194,-0.6351057559826305,-4.144551133557129,-0.5129099488258362,0.013839125927008,0.0069340027663084,0.0328717389933369,5.311252090998091,0.12520967731897023
228,228,57,10,0.6769022082119788,-0.4050161967949416,0.6493978022929047,1.5921566638973328,-44.97331339757453,1.2647086381912231,1.5983378276528044,0.0406327614024577,1.352122130171472,67.43989759816337,2.492014205327415
229,229,57,1000,0.6769022082119788,1.2958298141103,1.1740772804147557,1.6154966720304773,0.4786711350067927,1.14456045627594,0.9143530607370952,0.7344858181450654,1.3866027506362752,0.2928503863635026,0.9686679845616741
230,230,57,100000,0.6769022082119788,0.7080575184102893,0.7469636279112574,1.277815096269848,-1.608723811964687,1.1538629531860352,0.0460263090005372,0.1035030154272124,0.887739588921074,3.3765970807128745,0.8235698481911864
231,231,57,10000000,0.6769022082119788,0.6856904596643172,0.7463653963034765,1.2761448563381823,0.6276628040138728,1.1538629531860352,0.0129830444423462,0.1026192369426347,0.8852721129527544,0.0727422714843415,0.8496017330490949
232,232,58,10,0.7940040884874917,1.837841182694799,0.8927828908928801,-0.0588240913015668,0.2342936943463615,0.2595061659812927,1.314649520502754,0.1244059115533691,1.0740853758242248,0.7049212998478753,0.3312372273054791
233,233,58,1000,0.7940040884874917,0.9971049894696076,1.076245895401872,0.8799426217159078,0.2300825815248926,0.2708976864814758,0.255793268481785,0.3554664402950696,0.1082343711757472,0.7102249410791072,0.3097617243201219
234,234,58,100000,0.7940040884874917,0.6526882890676867,0.6927898781321087,0.6913311352023592,-0.1425624514747547,0.3324643969535827,0.1779786797937013,0.127473160180053,0.1293103584399867,1.179548762458294,0.2479856566194517
235,235,58,10000000,0.7940040884874917,0.7925653169283565,0.7918365276519657,0.6871159331505046,0.8324807011354783,0.3324643969535827,0.0018120455297351,0.0027299114286112,0.1346191498089131,0.0484589603578505,0.23162741875144258
236,236,59,10,-0.7394569465102165,-0.885462571423839,-0.46317593358578,-0.7164496857912365,,-0.6423276662826538,0.1974497982643607,0.3736269085418881,0.0311137258599844,,0.1143205529742558
237,237,59,1000,-0.7394569465102165,-0.0156009359792422,-0.0464242486910766,-2.2471775240488214,0.0,-0.5835570096969604,0.9789021713125164,0.9372184561789964,2.0389565405452226,1.0,0.08795901518814214
238,238,59,100000,-0.7394569465102165,-0.7983958381672817,-1.3639494708731124,-2.087914055548743,-1.2338919027009223,-0.537239670753479,0.0797056433579,0.8445285791283964,1.823577580009786,0.6686460361541477,0.0644790602394493
239,239,59,10000000,-0.7394569465102165,0.0072964107365884,-0.0095567576035956,-2.1825992673494556,0.0,-0.537239670753479,1.0098672556543329,0.9870759783261248,1.9516245369659264,1.0,0.009296212873137288
240,240,60,10,0.632553981650062,0.6585153863509804,0.7293500854843437,0.9137549634553814,-0.5109947950372555,0.8891125321388245,0.041042196324804,0.1530242582329212,0.4445485918399985,1.8078279638747816,0.5115383639580461
241,241,60,1000,0.632553981650062,0.6454744766309344,0.6488982634538282,1.3160781772179044,0.1155793196044626,0.8014088273048401,0.0204259167686658,0.0258385565151782,1.0805784413605632,0.8172814922404475,0.8723567274747722
242,242,60,100000,0.632553981650062,0.6417541476636673,0.648670240957565,1.3935643272617966,0.0,0.7438061237335205,0.0145444756977199,0.0254780774052872,1.2030757337525328,1.0,0.9083999018521931
243,243,60,10000000,0.632553981650062,0.6345556102886422,0.6432068757214424,1.3858212761207367,0.5391843011141041,0.7438061237335205,0.0031643601916135,0.0168410829437695,1.1908348003845035,0.1476074505015311,0.9528460014449844
244,244,61,10,0.8822162321806951,0.6486499878148322,0.7004818212932032,0.7572922115756026,0.0,0.6270579099655151,0.2647494297271374,0.2059975822914456,0.1416024961321565,1.0,0.3054617848580157
245,245,61,1000,0.8822162321806951,0.3674808448381481,0.3674821411751653,0.416371927160015,0.6267560113270675,0.7459137439727783,0.5834571713447222,0.5834557019351037,0.5280386916812773,0.2895664481508932,0.3636206461779788
246,246,61,100000,0.8822162321806951,0.8364129629060502,0.9537073061840688,0.3755776171278231,0.0,0.7788034677505493,0.0519184159210341,0.0810357726321349,0.5742794074424856,1.0,0.41744416350127433
247,247,61,10000000,0.8822162321806951,0.3130418236124715,0.3904081971493861,0.3927738202798769,0.0,0.7788034677505493,0.6451642894410556,0.5574688121705033,0.55478735716639,1.0,0.4056272972899362
248,248,62,10,0.6540736617081844,0.0009376846720744,0.3045942416934578,0.7557031289977163,0.0,-0.4290730357170105,0.9985663928591384,0.5343120209152332,0.155379238210136,1.0,1.5242386292405918
249,249,62,1000,0.6540736617081844,0.1543450342544613,-0.1543860219705642,-13.334037364928408,0.0,0.8736231327056885,0.7640249970448703,1.2360376682457574,21.38614019421776,1.0,0.05781681943795208
250,250,62,100000,0.6540736617081844,0.7119948295368955,1.4126103024661194,-12.016328707540607,3.0866918139064383,0.8735406398773193,0.0885545026800861,1.1597113370639849,19.371522063980777,3.719180720173332,0.10203966972931768
251,251,62,10000000,0.6540736617081844,0.7200328010828448,1.3979026409012845,-9.873432902546282,0.0,0.8735406398773193,0.1008435948978606,1.1372250905968448,16.095291984026293,1.0,0.053682691321833606
252,252,63,10,-0.7808540003832559,-1.1526443640917736,-0.7846383069813182,-0.4200275091212876,-0.2451422397021676,-0.2135641872882843,0.4761330076122257,0.004846368970646,0.4620921338494375,0.6860588028212088,1.1745939416644988
253,253,63,1000,-0.7808540003832559,0.1683103621315732,-0.1206588438148138,-0.855718697247847,-2.7999368287410142,-0.2444841265678405,1.21554651964255,0.8454783560619623,0.0958754092670925,2.58573667723641,0.9490704353813281
254,254,63,100000,-0.7808540003832559,-0.2479290195682323,-0.2548595714543324,-0.6260324904836971,-0.4574921935035786,-0.23854561150074,0.6824899155968405,0.6736143103201838,0.1982720327021054,0.4141130182095066,0.8154694955113294
255,255,63,10000000,-0.7808540003832559,-1.34944498698186,-0.9806215581765968,-0.6306296384542275,-0.963440484151446,-0.23854561150074,0.7281655550455401,0.2558321500501908,0.1923846991310742,0.2338292224648572,0.8793024053808824
256,256,64,10,-0.6215030205199417,-1.4418754116662913,-1.5155232286535634,-1.61865231892634,-0.917909239566276,-1.064921498298645,1.319981342101984,1.4384808739717718,1.6044158523512817,0.476918388583799,1.2500330442315415
257,257,64,1000,-0.6215030205199417,-0.6423622087140837,-0.7164445553955376,-1.378553518515688,-1.7001583362273684,-1.0492020845413208,0.0335624888462995,0.1527611801406356,1.2180962489328004,1.7355592492616323,1.0258295602438245
258,258,64,100000,-0.6215030205199417,-0.8764386924423151,-0.8917603502997834,-1.283195695782496,-1.257617439325381,-0.9397188425064088,0.4101921688314522,0.434844756753954,1.064665260530819,1.0235097783970124,0.9596678629517058
259,259,64,10000000,-0.6215030205199417,-0.6290814944648498,-0.6856667246035355,-1.258986181284433,-1.2784242423792609,-0.9397188425064088,0.0121937845749617,0.1032395691816836,1.025712087820878,1.0569879794143993,0.8014056887935024
260,260,65,10,-0.745204332255088,-0.1780224973016999,-0.3883730921581713,1.3002604132070812,-2.52526666656344,-1.1102533340454102,0.761109148731087,0.478836776239743,2.744837431731401,2.3886902655566224,0.765592892252425
261,261,65,1000,-0.745204332255088,-0.4029676197572853,-0.4444129387092754,-1.0897452706196915,-0.9435397118296948,-0.760643720626831,0.4592521778049097,0.4036361310938405,0.4623442503641609,0.2661489889282011,0.10502529733359658
262,262,65,100000,-0.745204332255088,-0.836260969549409,-0.7432246257004503,-1.0382501638556494,-7.422332690333104,-0.8302232027053833,0.1221901609438735,0.0026565956059954,0.3932422543945303,8.960130891714133,0.3512348805546948
263,263,65,10000000,-0.745204332255088,-0.74607050461788,-0.7451286692405357,-1.0406839225874664,-0.7469382401798708,-0.8302232027053833,0.0011623286732256,0.0001015332456848,0.3965081488968505,0.0023267550250758,0.37273305995234973
264,264,66,10,0.8564637530864976,0.197498970918642,-0.535674938348106,-1.5037342926758144,0.0,1.0306452512741089,0.7694018337531492,1.6254496310178417,2.755747732763591,1.0,0.55831440450856
265,265,66,1000,0.8564637530864976,0.5055459575727561,0.6292362353890838,0.9041027954323037,0.0,1.137208104133606,0.4097287179394513,0.2653089717790604,0.0556229521379345,1.0,0.017513832768248354
266,266,66,100000,0.8564637530864976,0.8489967537630785,0.847663956457265,0.9088324127522064,0.8305576480254547,1.090256929397583,0.0087184067002365,0.0102745698198203,0.0611452142335088,0.03024775417253,0.06986994304697566
267,267,66,10000000,0.8564637530864976,0.856592518750795,0.8563176574439628,0.9066650343995196,0.8108484408122918,1.090256929397583,0.000150345725471,0.0001705800648401,0.0586146011808533,0.0532600616311183,0.038075834917128584
268,268,67,10,0.583779428637786,0.2208195162289156,-0.7242653903884889,3.8136845853878674,0.943433128830922,1.205305576324463,0.6217415253151611,2.240649044586101,5.53274918283241,0.6160780639913371,1.169836428776085
269,269,67,1000,0.583779428637786,0.6914632337857669,0.6837279121016414,18.742403226387992,1.059740074527218,1.032065987586975,0.1844597460367087,0.1712093276343758,31.105282075667272,0.815309040608124,1.2420729018352692
270,270,67,100000,0.583779428637786,0.5499983005242143,0.5747241056919588,10.192073332525316,0.0,1.096441388130188,0.0578662529996953,0.0155115485431839,16.458774380433212,1.0,1.1578499391122243
271,271,67,10000000,0.583779428637786,0.5837909787676514,0.5981485387415642,9.265486667386313,0.0,1.096441388130188,1.978509227770249e-05,0.0246139370434953,14.871553900086486,1.0,1.343921205404952
272,272,68,10,0.5791729992133094,0.0004600114561373,0.2156289766787191,0.4045005081476108,-0.0180926778385514,0.8323410153388977,0.9992057442996096,0.627695046261466,0.3015894927818738,1.0312388144183633,1.363472679579289
273,273,68,1000,0.5791729992133094,0.2163680781856252,0.3925172784353841,0.3308641006039323,0.0,0.9474309086799622,0.6264189137278188,0.3222797351248413,0.4287301012765703,1.0,0.09442975624449783
274,274,68,100000,0.5791729992133094,-10.056414694428916,-4.780003815173585,0.4612370572740132,0.4687294425588514,0.91810542345047,18.36340386739116,9.253153758317918,0.2036281768996286,0.190691825766176,0.05248556013243199
275,275,68,10000000,0.5791729992133094,0.2930555844360823,0.4425470294157782,0.4697695991024987,0.6544264067904151,0.91810542345047,0.4940102787351281,0.2358983757583835,0.1888958916583012,0.1299325204719873,0.005493669081350806
276,276,69,10,0.8235266371217553,0.7532179958498582,0.7480838358511234,0.9995737190706452,0.5301765464708967,0.5674121975898743,0.0853750663337709,0.0916094244799491,0.2137721768954293,0.3562120245146216,0.24015228528798635
277,277,69,1000,0.8235266371217553,0.8092826375420396,0.7750621870205916,0.8668088242722644,0.0,0.5269250869750977,0.0172963434789418,0.0588498876861446,0.0525571186158364,1.0,0.03554809729878569
278,278,69,100000,0.8235266371217553,0.8607029470918919,0.8785270722797467,0.8786179434893042,0.8295199512075534,0.4697107374668121,0.0451428142021836,0.0667864677094345,0.0668968116928121,0.0072776201954375,0.03538278751701252
279,279,69,10000000,0.8235266371217553,0.7858852032426793,0.787592841973363,0.8782919797309128,0.827759417917671,0.4697107374668121,0.0457076094230949,0.0436340411209791,0.0665009972240407,0.0051398225693213,0.017413277357388308
280,280,70,10,0.6673963401494807,-0.164204107372996,0.1720394503716426,0.5413478373380552,0.0,0.5627602934837341,1.246036871188443,0.7422229640439593,0.1888660384070934,1.0,1.4831771997852492
281,281,70,1000,0.6673963401494807,0.5748988043274726,0.5588688584396759,0.6379683663446103,1.1647335812577877,0.5346739292144775,0.1385946105147817,0.1626132407101561,0.0440936997021578,0.7451902433221543,0.07976148649896503
282,282,70,100000,0.6673963401494807,-0.1825803696502284,0.2030372324200849,0.617673652439973,0.0,0.4325429797172546,1.2735711280786088,0.6957771264154528,0.0745024878296021,1.0,0.04899097807563637
283,283,70,10000000,0.6673963401494807,0.6663479002059716,0.6666811306823703,0.6164940615728054,0.6290211809791422,0.4325429797172546,0.0015709405048195,0.0010716412783296,0.0762699396362803,0.0574998046314479,0.06896150146790529
284,284,71,10,-0.7684154493632742,-0.7429796059830173,-0.7706480946880281,-1.0414593224178954,-1.824072302306888,-0.5241315364837646,0.0331016813903646,0.0029055185272548,0.3553336587400361,1.373810031823741,1.5798197556566447
285,285,71,1000,-0.7684154493632742,-0.8816796202633657,-0.7954777269536478,-0.853089142728396,0.0,-0.738036572933197,0.1473996533957569,0.0352182892897299,0.1101925962515254,1.0,0.18313399586011364
286,286,71,100000,-0.7684154493632742,-0.7617100987221082,-0.7844588579527045,-0.8470120843627647,-0.6916820679529506,-0.6653844714164734,0.0087262048761802,0.020878560683188,0.1022840379701076,0.099859238220557,0.01133768847659123
287,287,71,10000000,-0.7684154493632742,-0.7685638129927148,-0.7845712105452332,-0.8473532522556564,-0.6903377373585137,-0.6653844714164734,0.0001930773640268,0.0210247740273129,0.1027280268216779,0.1016087222991904,0.07524803460850764
288,288,72,10,0.5246947873466213,0.4922098068870244,0.548190529268167,0.0899386545850297,0.5579364035966371,0.4572515189647674,0.0619121463429687,0.0447798272217712,0.8285886257040039,0.0633541957184641,0.13403035765098195
289,289,72,1000,0.5246947873466213,0.4798900391995458,0.4134692692301577,-0.5910457333916003,0.0,-0.014420598745346,0.0853920207091305,0.2119813666892526,2.1264562706645425,1.0,1.4837269989051773
290,290,72,100000,0.5246947873466213,-0.0475503850492023,0.0633166304159531,-0.7387179995520821,0.0,0.0131944790482521,1.0906248474273288,0.8793267401489826,2.407900397272431,1.0,1.4077139920116302
291,291,72,10000000,0.5246947873466213,0.5248969231839931,0.4609990186645235,-0.768088440345092,-16.755936271343,0.0131944790482521,0.0003852446074296,0.1213958480590345,2.46387663622372,32.93463452548801,1.376131764742872
292,292,73,10,0.5702004584818271,0.956799132937037,0.9481639870037644,1.491877014467574,0.9348952726961232,1.0366339683532717,0.6780048467244985,0.6628607937781645,1.6164079531604263,0.6395905313463007,1.716135902112774
293,293,73,1000,0.5702004584818271,1.184621181307897,1.2103095388513736,1.7323004065700132,0.0,0.8699275255203247,1.0775521374745654,1.122603587646795,2.0380550923833107,1.0,1.0982429986471698
294,294,73,100000,0.5702004584818271,0.6297426484425432,0.6409827971547718,1.8881545978059375,0.1811372337355741,0.7599500417709351,0.1044232586540682,0.1241358852313174,2.3113873721413625,0.6823270991085195,0.9870916105323017
295,295,73,10000000,0.5702004584818271,0.5338899651541397,0.5215768712104242,2.0417577138577774,0.1125386024462591,0.7599500417709351,0.0636802247131912,0.0852745495871126,2.5807717855822285,0.8026332655959345,0.9623842402916298
296,296,74,10,0.8909593546535957,0.0383634213606599,-0.0978010404764159,9.65868441373222,0.0,0.1923282146453857,0.9569414461386112,1.1097704850009025,9.840768844598427,1.0,0.1350919982002282
297,297,74,1000,0.8909593546535957,1.0363162239811927,1.123070272225183,1.1711890709825998,-0.3428529749657278,0.6097764372825623,0.1631464651764184,0.2605179645505063,0.314525814073704,1.38481326131766,0.011064254651941718
298,298,74,100000,0.8909593546535957,0.0547983906672025,0.222160945833474,1.040305197146795,0.9463195615874882,0.6331661939620972,0.9384950723273924,0.7506497410088364,0.1676236314408133,0.0621355021918104,0.03206498466773206
299,299,74,10000000,0.8909593546535957,0.4179531437593526,0.4321798981792982,1.0318616900536082,0.9014256528630896,0.6331661939620972,0.5308953864434675,0.5149274813469696,0.1581467601906433,0.0117472229847829,0.08102999230376008
300,300,75,10,0.6866758695988338,1.835101656327008,1.8122273947855887,-0.8826512480114165,-0.5873205548298708,-0.2171425819396972,1.6724423233324068,1.6391307384142082,2.2853972115360257,1.8553097332122537,1.0817254770109326
301,301,75,1000,0.6866758695988338,-0.138821624295939,-0.5724767323254416,0.8515263379714618,-0.2414610782181185,0.4212196469306946,1.202164704545451,1.8336928056899553,0.2400702801293078,1.35163763415654,0.12374673188924253
302,302,75,100000,0.6866758695988338,0.5687772963020741,0.3243914919714007,1.1199076853702747,0.6378876607258664,0.4707286953926086,0.1716946502949605,0.5275915372402484,0.6309116643701801,0.0710498373875728,0.028689476755430644
303,303,75,10000000,0.6866758695988338,0.7640421148887271,1.005945324120707,1.1257856433062972,0.204869519882659,0.4707286953926086,0.1126677792465488,0.4649492848909853,0.6394716825625427,0.7016503288482426,0.011273165916393187
304,304,76,10,-0.7165572076668081,-1.6674103572245556,-1.339631571748976,-1.0754664747780112,-2.424152903070611,-1.0880706310272217,1.326974510037843,0.8695388971258401,0.5008801296966261,2.38305564040578,0.970326984416235
305,305,76,1000,-0.7165572076668081,-0.7890142837209547,-0.6559597779027065,-1.4445062383100185,-1.1830965315618711,-0.942891240119934,0.1011183409766753,0.0845674694438057,1.0158979951000635,0.6510845455231247,0.7675467940387988
306,306,76,100000,-0.7165572076668081,-0.6766657881569371,-0.5797123545462104,-1.832064782898569,-0.7759567392013632,-0.9140636920928956,0.0556709486459036,0.1909754750303609,1.5567599673778745,0.0828957282112432,0.5450306815641632
307,307,76,10000000,-0.7165572076668081,-0.7263272036428652,-0.6088998822168521,-1.7749603383447754,-89.22821209604218,-0.9140636920928956,0.0136346349900928,0.1502424709403182,1.477067175312141,123.52350090313011,0.6421943837112792
308,308,77,10,0.6271846167654612,-0.2952537242563092,0.1426242167187652,0.465839462519308,0.0,0.671701967716217,1.4707604688696003,0.7725961177837685,0.2572530478796628,1.0,0.14757128106485431
309,309,77,1000,0.6271846167654612,-0.0766684511280281,-0.2200379243402368,-0.1367756322539915,0.0,0.6217097640037537,1.1222422378970731,1.3508343770850506,1.218078742044688,1.0,0.45110312001448216
310,310,77,100000,0.6271846167654612,0.6285549486972407,1.2039253666982423,-0.9910328364462346,0.616116482759509,0.5097344517707825,0.0021848940410028,0.9195709437313196,2.580129374915514,0.0176473301641758,0.4738570289888302
311,311,77,10000000,0.6271846167654612,0.6260526516483212,-0.1711535475905802,-1.1722443346434392,0.552518227391655,0.5097344517707825,0.0018048355888857,1.272891813694761,2.8690578552276667,0.1190500968580485,0.3894314222027635
312,312,78,10,-0.7624697731726706,1.893417932496104,0.9268959018098452,-0.078331799735024,-0.2629904171377626,-0.2192341536283493,3.4832695001370455,2.215649373158742,0.8972656982727566,0.6550808617062315,0.41493762485425173
313,313,78,1000,-0.7624697731726706,-1.6220021308176709,-0.7416229141258712,0.0902152300072945,,-0.3180328607559204,1.1273002391536755,0.0273412268660234,1.1183197461479752,,0.8088903766462814
314,314,78,100000,-0.7624697731726706,-0.8086580733154399,-0.7941450233375773,0.9837215570071052,-0.7107733477943938,-0.2462611496448516,0.0605772212458701,0.0415429585268732,2.2901777770334375,0.0678012784207374,0.9630432985605367
315,315,78,10000000,-0.7624697731726706,-0.7657976677452386,-0.7764487936422488,1.054030224898956,-0.2515628554617529,-0.2462611496448516,0.0043646249197794,0.0183338683859045,2.382389521505999,0.6700684219716819,1.0194942801001448
316,316,79,10,0.7656414635965506,0.8596852584683077,0.7872239745007791,0.7496434293463408,0.8828381322493555,0.6056825518608093,0.1228300703961257,0.028188795840348,0.0208949423599136,0.1530699083384032,0.32951084043804457
317,317,79,1000,0.7656414635965506,0.5650943367226351,0.9067525858107648,-0.8787587512690634,0.0,0.6779226064682007,0.2619334720090243,0.1843044413391013,2.147741851833823,1.0,0.8228507085522339
318,318,79,100000,0.7656414635965506,0.2722693813532854,0.2907931577106171,-0.0968778177143329,-1.6782408448101171,0.5782493948936462,0.6443904956840794,0.6201966957946148,1.1265315716566024,3.1919409078587395,0.4478688147397141
319,319,79,10000000,0.7656414635965506,0.5881230792833974,0.5900361913682265,-0.1055707799565201,-1.779368715297043,0.5782493948936462,0.2318557611538856,0.2293570562433098,1.1378854006424997,3.3240234494858405,0.4734959837792787
320,320,80,10,0.8451480061173298,0.3967198940719897,0.8078780297043091,13.16714135363178,0.6263957493451519,1.0148658752441406,0.5305912204720813,0.0440987568369729,14.579686940424278,0.2588330744305265,0.6105047278453065
321,321,80,1000,0.8451480061173298,0.813856971978695,0.5574197077036676,0.9132621967042728,0.8267099118047296,0.762122631072998,0.0370243246297036,0.3404472309359239,0.0805943930458576,0.0218164086989994,0.0731477874193665
322,322,80,100000,0.8451480061173298,0.8425879680524838,0.8463530498728314,0.9689262196769513,0.8560276169735535,0.8524284958839417,0.0030291002834011,0.0014258375418025,0.1464574401923604,0.0128730243430442,0.11785775904065363
323,323,80,10000000,0.8451480061173298,0.8448230555928536,0.8447738459796907,0.9651826899637084,0.8404628880067733,0.8524284958839417,0.0003844894883784,0.0004427155183835,0.1420280033527221,0.0055435474930364,0.06453011252493691
324,324,81,10,0.8268015167638386,0.8694866499327393,0.9112404283843164,0.9502131176368572,0.8732955116962192,1.2286605834960938,0.0516268201054751,0.1021271851931016,0.1492638781748496,0.0562335626987738,0.08438477962413855
325,325,81,1000,0.8268015167638386,0.7469430872130091,0.781633462330634,0.8448284243161014,0.0,1.2072806358337402,0.0965871831771684,0.0546298640210478,0.0218031863594317,1.0,0.026482592402775305
326,326,81,100000,0.8268015167638386,0.7970151798574491,0.8000829413248395,0.8554551881863375,0.0,1.1890205144882202,0.0360259824183383,0.0323155859021371,0.0346560460298275,1.0,0.10279276232806892
327,327,81,10000000,0.8268015167638386,0.8264363076401419,0.8247590737262687,0.8541728787695992,0.0,1.1890205144882202,0.0004417131757646,0.002470294255826,0.0331051182790449,1.0,0.13714430944407405
328,328,82,10,-0.5788278373763002,1.2301378491722088,0.8513434779575387,-20.122191360854067,-0.1116994744926004,-0.3960775136947632,3.125222336831888,2.470806037623367,33.763689756290155,0.8070247018545105,0.2588347621035271
329,329,82,1000,-0.5788278373763002,-0.5048813476075082,-0.5142485189990953,-1.1752072856781968,-0.9243857023607156,-0.6447848081588745,0.1277521311068506,0.1115691302441996,1.0303226793741538,0.5969959332826035,0.6344924750963753
330,330,82,100000,-0.5788278373763002,-0.2825657802409044,-0.1193392734927242,-1.276819538757338,-0.5984211548120693,-0.6349173188209534,0.5118310454422627,0.7938259603517636,1.2058709970565364,0.0338499916047253,0.4713784309531694
331,331,82,10000000,-0.5788278373763002,-0.5339384105905087,-0.5705484039012794,-1.2629474905181963,-0.6136036771217331,-0.6349173188209534,0.0775522942871327,0.0143037928385574,1.181905238426094,0.0600797637913619,0.6487709522373817
332,332,83,10,-0.6691590902682112,-0.6444841917170444,-0.741042456747281,-0.9600455484680198,0.0,-0.4507448673248291,0.0368744875621081,0.1074234326701855,0.4347044857198547,1.0,0.004526150733984796
333,333,83,1000,-0.6691590902682112,-0.733802594758176,-0.7022980124644018,-0.7286726584937807,-0.6841792859936986,-0.4553245902061462,0.0966040892668057,0.0495232339784967,0.0889378461581018,0.0224463747768367,0.060699480684791716
334,334,83,100000,-0.6691590902682112,-0.1921983540299826,-0.2944219587483592,-0.7615997418763746,-0.6941249266267496,-0.4411923289299011,0.712776293671889,0.5600120165290596,0.1381445054734465,0.0373092687846946,0.03619756944134493
335,335,83,10000000,-0.6691590902682112,-0.6339680305987165,-0.6942544163635282,-0.7595848245406366,-0.6943718911182386,-0.4411923289299011,0.0525899747627868,0.0375027799222728,0.1351333869441736,0.0376783357152357,0.01049944996397148
336,336,84,10,-0.7523209247166907,-0.4163885363967079,-0.9504361294260782,-1.162766804131617,-0.6917674330355037,-0.8156114220619202,0.4465280404722071,0.2633386872550353,0.5455728611689118,0.0804889106387546,0.25255049693962645
337,337,84,1000,-0.7523209247166907,-0.7207380740283709,-0.73279612476452,-0.7645533766737671,0.0,-0.5275223255157471,0.0419805559711279,0.025952754084998,0.0162596194724783,1.0,0.07077261244046154
338,338,84,100000,-0.7523209247166907,-0.4501991524371682,-0.4089853340164222,-0.7495714471491122,-1.0275586946940678,-0.6747564077377319,0.4015862942976039,0.4563685249477301,0.003654660500921,0.3658515414562293,0.1180961005970561
339,339,84,10000000,-0.7523209247166907,-0.0928801882116761,-0.0811501201246575,-0.752515300146736,-0.977444465249747,-0.6747564077377319,0.8765417986391207,0.8921336394368972,0.0002583677040732,0.2992387066966581,0.00944808712804299
340,340,85,10,0.7323702872149267,0.966717897365279,0.9236691406996358,-0.096636564050375,0.1148642408385786,0.968490719795227,0.3199851417259627,0.2612050991475698,1.131950415981329,0.843160976293308,0.3043439053454268
341,341,85,1000,0.7323702872149267,1.6647412302554327,1.4280779105432972,1.2280801055022446,0.0,1.054285168647766,1.273086796825341,0.949939716934752,0.676856812654721,1.0,0.5166325394346374
342,342,85,100000,0.7323702872149267,0.7294728187397792,0.7164921100933375,1.2214325160235024,0.7514520831868338,1.050739049911499,0.0039562889507247,0.0216805315545652,0.6677799978319601,0.0260548472610374,0.4970448967675449
343,343,85,10000000,0.7323702872149267,1.3719736510970002,1.266901248532046,1.2235625294897152,0.7627890555744801,1.050739049911499,0.8733333056347368,0.7298643468317716,0.670688381068414,0.0415346838758717,0.5377126374825287
344,344,86,10,0.7950529542247704,-0.559358148631328,-0.1365557937692454,-0.4449094120669158,-0.36102173626835,1.403370976448059,1.703548292801125,1.1717568534820382,1.559597206327888,1.454085145335219,1.3900384896452713
345,345,86,1000,0.7950529542247704,0.6575904379704675,0.6387838953039382,0.9648461375574204,0.8291434195392975,0.8853521943092346,0.1728973089450853,0.1965517618549131,0.2135621060589726,0.0428782323660032,0.21448864866124245
346,346,86,100000,0.7950529542247704,0.7989301266871581,0.7968183970312284,0.9219504382177288,1.3068318328073805,0.8520872592926025,0.0048766216662489,0.0022205348676169,0.159608845321117,0.6437041405394545,0.19935315100021897
347,347,86,10000000,0.7950529542247704,0.7985753551511963,0.7949013596387638,0.9234668727168738,1.30764799376908,0.8520872592926025,0.0044303978844534,0.0001906723133358,0.1615161830538891,0.6447306897238362,0.16099505631322425
348,348,87,10,-0.5875021310515688,-0.1905388558627169,0.3505733727454408,-1.1652131155484355,-4.792946976257102,-0.3674289882183075,0.6756797196264261,1.596718469970399,0.9833342790822276,7.158178026823864,0.04822836823140842
349,349,87,1000,-0.5875021310515688,0.3454503220379747,0.0346727796661332,-1.43055367851615,-0.6249014201595231,-0.5884727239608765,1.5879984152902629,1.0590172832293774,1.4349761522662143,0.0636581335305344,0.13759602155091796
350,350,87,100000,-0.5875021310515688,0.9831213400421032,0.3769268800540066,-1.786228828144661,0.0,-0.5682612061500549,2.673391955672427,1.6415753409767997,2.040378466283167,1.0,0.12450496140415458
351,351,87,10000000,-0.5875021310515688,-0.5878528426765692,-0.9408352029657756,-1.629190136977214,0.0,-0.5682612061500549,0.000596953792104,0.6014158132188844,1.7730795360029248,1.0,0.0723378466123578
352,352,88,10,-0.7291224363854145,-0.7330911856791511,-0.7810724462997939,-1.2150248991173829,-0.6078957570351871,-0.5176986455917358,0.0054431863507197,0.0712500498159386,0.6664209445272369,0.1662638170225596,0.04133941683228934
353,353,88,1000,-0.7291224363854145,-0.139449229591637,-0.1232737795360206,-2.389238588715885,0.0,-0.309838056564331,0.8087437409237479,0.830928560987447,2.276868835034631,1.0,0.07960301518636038
354,354,88,100000,-0.7291224363854145,-0.6027700709359386,-0.2177031601048856,-2.41956375256643,-0.4659280802498504,-0.3899811804294586,0.1732937558139906,0.701417554527416,2.318460154046676,0.3609741560557868,0.035638523669122145
355,355,88,10000000,-0.7291224363854145,-0.5930252111558476,-0.210946789622241,-2.424391504986302,0.0,-0.3899811804294586,0.1866589456556317,0.7106839961365083,2.3250814732915,1.0,0.025005598997147178
356,356,89,10,0.6972339693403234,0.6924021790780316,0.7586615842542767,1.17401953969413,0.7186448691358623,0.6621472835540771,0.0069299409879059,0.0881018676873588,0.6838243564135428,0.0307083428763467,0.13236612314540433
357,357,89,1000,0.6972339693403234,0.5450411894737478,0.9931640011539214,0.4876808053593188,0.0,0.6695727109909058,0.2182807874529842,0.4244343288287967,0.3005492749862287,1.0,0.32832163542060744
358,358,89,100000,0.6972339693403234,0.0593659166027698,0.1811572221903056,0.5394709315682188,0.0,0.6833018064498901,0.914855099990412,0.7401772860239375,0.226269867375179,1.0,0.17261371176489435
359,359,89,10000000,0.6972339693403234,0.0021123223784615,0.1681628199467211,0.5397230125101392,0.697443758167954,0.6833018064498901,0.9969704253215602,0.758814361690057,0.2259083231116961,0.0003008872729322,0.12957906641205863
360,360,90,10,-0.7133480541692642,0.6407404189188087,-0.0293268904247512,-0.7841730760424099,-0.9549646939788248,-0.8323105573654175,1.8982156959339975,0.9588883851952128,0.0992853649199697,0.338707925811808,0.19230888128879794
361,361,90,1000,-0.7133480541692642,-0.7065084476082665,-0.7254071183301772,-0.5139237643116741,0.0,-0.8199549913406372,0.0095880356314461,0.0169048812713964,0.2795609922702199,1.0,0.1347263656471297
362,362,90,100000,-0.7133480541692642,0.2109382184444462,-0.2098197195365901,-0.5202283995076931,-0.7456978637142024,-0.7466713190078735,1.295701680563349,0.7058662762023826,0.2707229010198539,0.0453492644381171,0.12868416695821297
363,363,90,10000000,-0.7133480541692642,-0.7061756827975724,-0.7053599665612329,-0.5430978996319146,-0.7096975703392855,-0.7466713190078735,0.0100545187300531,0.0111980225660443,0.2386635157162038,0.0051173950901567,0.13162701593175366
364,364,91,10,-0.7420594503557629,-0.949714640579608,-1.043479105500354,-1.299562538093504,-1.1420599358759582,-1.0947061777114868,0.2798363259497465,0.4061934053937088,0.7512916754452214,0.5390410233687132,0.4649919422688271
365,365,91,1000,-0.7420594503557629,1.1335679144567066,1.4959082994705035,-2.703628963777553,-1.1177528339768252,-1.1452584266662598,2.527597167468515,3.0158874046457136,2.6434128862335244,0.5062847504212027,0.906335883926424
366,366,91,100000,-0.7420594503557629,-0.7865737003450295,-0.8147327310909128,-3.909814819466765,-1.187594373153819,-1.1731486320495603,0.0599874443589732,0.0979345801745512,4.268870058311765,0.600403273059126,0.9464829022388562
367,367,91,10000000,-0.7420594503557629,-0.8235571804623869,-0.8343476981766433,-3.5659425934579834,-1.195418321664658,-1.1731486320495603,0.1098264162898967,0.1243677279180731,3.805467529250353,0.6109468332915142,0.9111583326686498
368,368,92,10,-0.7149938783528129,-0.0377672869030291,-0.2139642126010925,3.644509070828259,-0.748794396707471,-0.308171808719635,0.9471781674690188,0.7007467908760022,6.0972591251052375,0.0472738569909535,0.7552357446633576
369,369,92,1000,-0.7149938783528129,-0.638348708475004,-0.6575950412380722,-0.5933222347847881,0.0,-0.5773240327835083,0.1071969595801048,0.0802787811931689,0.1701715878299955,1.0,0.09647396428467617
370,370,92,100000,-0.7149938783528129,-0.7231672584329856,-0.7110601366913778,-0.5748554302397652,-0.5357566919075131,-0.7274819016456604,0.011431398684143,0.005501783694285,0.1959995076264088,0.2506835259320297,0.20503962742141754
371,371,92,10000000,-0.7149938783528129,-0.359868757987242,-0.5319851005626689,-0.5779824130109965,-1.2490666556778005,-0.7274819016456604,0.4966827424924257,0.2559585240250666,0.1916260677048877,0.7469613286135713,0.17388555508220066
372,372,93,10,-0.542351968887503,-0.2686343536356986,-0.0098383582802798,0.1759736494451105,0.0,-0.2712090313434601,0.5046863124942026,0.9818598274835054,1.3244639266380385,1.0,0.4378687510254451
373,373,93,1000,-0.542351968887503,-0.5243732888739205,-0.5124685164312792,-0.4703646080413682,0.0,-0.5075141787528992,0.0331494694311909,0.0550997399668744,0.132731814348897,1.0,0.01364048140015676
374,374,93,100000,-0.542351968887503,-0.54323610734905,-0.5444836850141663,-0.49747978429918,-0.5620755457448047,-0.5535200238227844,0.0016301931444272,0.0039305031583751,0.0827362804275734,0.0363667470365407,0.03353949813467046
375,375,93,10000000,-0.542351968887503,-0.3675671590884563,-0.374571099598708,-0.4966779067123666,0.0,-0.5535200238227844,0.3222719190225735,0.3093579057764918,0.084214799236048,1.0,0.05447297781977332
376,376,94,10,-0.8563265577695816,-0.836913236524777,-0.7840574372759158,-1.2482229099377402,0.0,-0.9805351495742798,0.0226704649863589,0.0843943468037479,0.4576482518408699,1.0,0.3432696731726618
377,377,94,1000,-0.8563265577695816,-0.9883837502627872,-0.8099950791107771,-1.3971380199425036,-1.0278505753890883,-0.9607842564582824,0.1542135897748709,0.0541049185482242,0.6315481602970936,0.2003021114588157,0.3285399937020963
378,378,94,100000,-0.8563265577695816,-0.8755151950061224,-0.8014977990994293,-1.3772666130855966,-1.2891296697723285,-0.92486834526062,0.0224080837648201,0.0640278620027401,0.608342752644358,0.5054182987504687,0.45715827577684903
379,379,94,10000000,-0.8563265577695816,-0.8577772493818933,-0.7913180216878536,-1.3630565722959584,-0.7273364679352863,-0.92486834526062,0.0016940869101271,0.0759155902522181,0.5917485682637519,0.1506318923125161,0.2758086070841763
380,380,95,10,-0.8604144823118661,-1.1058000530082062,-1.1606982796665692,-1.2432504277782923,0.0,-1.2394986152648926,0.2851946076465476,0.3489990040007975,0.4449436327916937,1.0,0.5195038141420835
381,381,95,1000,-0.8604144823118661,-0.8300361161924475,-0.8883980559809526,-1.0904910111668586,0.0,-1.3208562135696411,0.0353066652688066,0.032523364313786,0.2674019714740214,1.0,0.31837394439340394
382,382,95,100000,-0.8604144823118661,-0.9526111511760764,-0.7423368224947685,-1.1323752207793785,0.0,-1.2862697839736938,0.1071537854831141,0.1372334639229133,0.3160810795940756,1.0,0.44732424761373835
383,383,95,10000000,-0.8604144823118661,-0.863639559444305,-0.7243228076780364,-1.1331601514567526,-1.4199670017190154,-1.2862697839736938,0.0037482831806519,0.1581699023337707,0.3169933500096841,0.6503290343320065,0.443045171675961
384,384,96,10,-0.8206226672380201,0.077526438066214,-0.2182222579039775,-1.0121907972052735,-0.2731604106093462,-0.3352692127227783,1.0944726987948623,0.7340772237763662,0.2334424061329144,0.6671303127310318,0.9268670492671454
385,385,96,1000,-0.8206226672380201,-1.4364473809467326,-1.470273813443969,-1.3273501294066814,-0.913259126699662,-0.974293291568756,0.7504359047031949,0.7916563508932647,0.6174914274232275,0.1128855723342734,0.44595595711652974
386,386,96,100000,-0.8206226672380201,-0.7266777195776725,-0.7362461379399174,-1.3004617609425189,-1.2412869507856583,-0.908849835395813,0.1144800788607745,0.102820129965566,0.5847256149034965,0.5126159687539136,0.5431957140600018
387,387,96,10000000,-0.8206226672380201,-0.7784091842478991,-0.7781013511616298,-1.3072302401141809,-0.886411189648268,-0.908849835395813,0.0514407957218626,0.0518159170761207,0.5929735946899221,0.0801690290029072,0.6221966339132993
388,388,97,10,-0.5929953673523434,0.1768919523369994,0.2626360656868651,-0.4932583152798804,-3.2246476566280333,-1.2586495876312256,1.2983024186627323,1.4428973313223428,0.1681919582572416,4.437896877720507,1.1960452558894332
389,389,97,1000,-0.5929953673523434,-0.4961609913399483,-0.4270520269995301,-0.8671149261224947,-0.474998226268391,-0.4686976373195648,0.1632970194096953,0.2798391850744658,0.4622625636926371,0.1989849290236382,0.15473422687812874
390,390,97,100000,-0.5929953673523434,-0.6841624378966367,-0.5614316392573822,-0.8050423683559382,-2.6369238111880047,-0.5337929129600525,0.1537399372129058,0.0532276132879244,0.3575862690974476,3.4467865288080892,0.08058001460197586
391,391,97,10000000,-0.5929953673523434,-0.4417793004746269,-0.5270799138129946,-0.8143811763568681,-0.5447356620297656,-0.5337929129600525,0.2550037912654848,0.1111567765422077,0.3733348035971801,0.0813829381805321,0.005383493877234459
392,392,98,10,-0.82699339222606,0.4688719657154863,0.1135256158091997,-0.8471674017195608,-0.8842053130664577,-0.8245254755020142,1.5669597485578448,1.1372751183701928,0.0243944022807696,0.0691806263244708,0.18149069085791827
393,393,98,1000,-0.82699339222606,-0.8375906581700724,-0.8624468292716269,-1.1094158587125442,-0.7832766725875346,-1.1433594226837158,0.012814208727215,0.0428702785038402,0.3415051064994283,0.0528622357197448,0.2807988766912082
394,394,98,100000,-0.82699339222606,-0.8285401123526099,-0.8945587405026022,-1.1015847286047764,-0.8472134136330709,-1.178531050682068,0.0018702932104288,0.0816999856488249,0.3320357078544302,0.0244500398637812,0.3556200967959813
395,395,98,10000000,-0.82699339222606,-0.2080630681731961,-0.6188607571605355,-1.0952192165418513,-0.8385647680247215,-1.178531050682068,0.7484102410865192,0.2516738791652052,0.324338533822857,0.0139921018806621,0.36152496784218585
396,396,99,10,0.7773905569711579,0.4018824104917184,0.3461229853530254,0.2289972294156596,0.0,0.8845633864402771,0.4830366707083262,0.5547630695418043,0.705428336680766,1.0,0.3321209225452485
397,397,99,1000,0.7773905569711579,0.1558474818182586,0.2251037205343544,1.042611083002654,1.0827339326020489,0.4037008583545685,0.7995248586174416,0.7104367701462753,0.3411676713244873,0.3927798876546163,0.01811551680738978
398,398,99,100000,0.7773905569711579,0.3596607568272907,0.3025328732073669,0.9235390934819117,0.1742815030386877,0.4238011837005615,0.5373486935208108,0.6108354153591922,0.1879988574599781,0.7758121687022836,0.02736114074223975
399,399,99,10000000,0.7773905569711579,0.555812849839157,0.7980228277875459,0.9203592272416284,0.1796566943577184,0.4238011837005615,0.2850275259263558,0.0265404186240371,0.1839084215629014,0.7688977660628004,0.026677865604860355
