Seed,Sample Size,True Effect,Effect Estimate,Cross Moment Effect Estimate,GRICA Effect Estimate,Error,Cross Moment Error,GRICA Error
0,10,-0.5561403121650581,-0.735248150069015,-1.2683800016347744,-1.210663914680481,0.3220551252734923,1.280683442451712,1.1769037205149864
0,1000,-0.5561403121650581,0.16348129994817406,-0.5520096403448495,-1.0290400981903076,1.2939569320406576,0.007427391487101374,0.850324595575975
0,100000,-0.5561403121650581,0.34835881000304963,-0.4010317674269301,-1.1488860845565796,1.626386547392845,0.27890181910081174,1.0658205482065453
0,10000000,-0.5561403121650581,-0.7779462589873208,-0.41302701572133393,-1.1488860845565796,0.39883091006075544,0.2573330746095048,1.0658205482065453
1,10,0.8756511157694503,-0.19798170305531976,3.6013996324554625,0.7012159824371338,1.2260965577384662,3.11282480841796,0.19920620232298483
1,1000,0.8756511157694503,0.21178451441775706,-3.8083869534361767,0.8162979483604431,0.7581405303964488,5.34920584791316,0.0677817527324824
1,100000,0.8756511157694503,-0.36788865883035443,305.3908933645013,0.7612598538398743,1.420131548061906,347.7586412724991,0.13063566056106535
1,10000000,0.8756511157694503,0.5413372730171621,71.60994519415325,0.7612598538398743,0.38178886171865456,80.77908290704148,0.13063566056106535
2,10,0.5707938494671746,1.8504715816510737,1.0201642309689813,1.5210455656051636,2.2419262810530536,0.7872726412894702,1.6647896907526794
2,1000,0.5707938494671746,0.5680054319013823,3.790584381210376,0.551795244216919,0.004885156993887066,5.640899135035908,0.03328453042721202
2,100000,0.5707938494671746,0.5556867356588213,-173.3784197728845,0.5291367173194885,0.026466847571072268,304.749628582596,0.07298104593553736
2,10000000,0.5707938494671746,0.5707316731365158,-27.105962199779775,0.5291367173194885,0.00010892957363991912,48.488181985637524,0.07298104593553736
3,10,0.6609442574235832,0.6005752158411917,1.1334190424483277,1.2114872932434082,0.09133756879546118,0.7148481580980691,0.8329643984893499
3,1000,0.6609442574235832,-0.6047517424043559,0.6597771753767512,0.6496444344520569,1.914981461162443,0.0017657798425867396,0.01709648407503227
3,100000,0.6609442574235832,-0.23486771420785,0.670400238217365,0.6560817360877991,1.3553517737235274,0.014306775023119294,0.007356931059116319
3,10000000,0.6609442574235832,0.6588100371259719,0.6710358197276185,0.6560817360877991,0.0032290473419509177,0.015268401519022288,0.007356931059116319
4,10,-0.7575657068391233,0.14411418134392714,-1.042621272534955,-0.34608402848243713,1.1902332431931628,0.37627833879281736,0.5431630215596183
4,1000,-0.7575657068391233,-0.8100697807984552,-0.5588964633650493,-0.9452674388885498,0.06930629711104604,0.2622468806078935,0.24776957345732506
4,100000,-0.7575657068391233,0.0036774120942164074,-0.5075600148211056,-0.9881904125213623,1.0048542483655447,0.3300118917224284,0.3044286503470444
4,10000000,-0.7575657068391233,-0.7552385397767067,-0.6016643318346893,-0.9881904125213623,0.0030719012772191558,0.20579254524986207,0.3044286503470444
5,10,-0.7094701158399517,-0.07221245557183632,0.3327613927144021,-0.17984412610530853,0.8982163533606444,1.469028060921835,0.7465092297899136
5,1000,-0.7094701158399517,-2.8026105794341656,-0.7659164636231138,-0.3180249333381653,2.9502870055578243,0.07956127611708426,0.5517430174466883
5,100000,-0.7094701158399517,-0.9252656630201749,-0.6890164375138892,-0.5557523369789124,0.3041643930621938,0.02882951356146564,0.21666561484277697
5,10000000,-0.7094701158399517,0.13456838305441396,-0.6691669305434329,-0.5557523369789124,1.1896744909334152,0.056807446003279874,0.21666561484277697
6,10,0.8206883633844835,-0.7165340452275862,5.748573273105066,1.230366826057434,1.8730890764341177,6.004575097663377,0.49918882848960383
6,1000,0.8206883633844835,0.0023494770666928587,0.7052425323312087,0.5978114008903503,0.9971371873033466,0.14066951135651679,0.27157319688925297
6,100000,0.8206883633844835,0.821127050272807,0.8060523091117702,0.6429570317268372,0.0005345352851286522,0.017833875714229515,0.21656372819116132
6,10000000,0.8206883633844835,0.8218012781419104,0.8072201306162324,0.6429570317268372,0.001356074738086095,0.01641089769167511,0.21656372819116132
7,10,0.6050335080173588,4.532597851934627,0.14064022867877765,0.2665736973285675,6.491482359030905,0.7675496863972985,0.5594067207912072
7,1000,0.6050335080173588,0.033270759840309506,0.4318567540576688,-0.20015782117843628,0.9450100541549594,0.2862267158180624,1.3308210512742273
7,100000,0.6050335080173588,0.5710209679555399,1.472048606671283,-0.07506011426448822,0.05621596095276598,1.4330034405781193,1.1240594335187377
7,10000000,0.6050335080173588,0.6065845480880722,2.075896904301388,-0.07506011426448822,0.0025635606130245646,2.4310445236395557,1.1240594335187377
8,10,0.5215243137443097,0.9265953909020307,1.187394835643082,1.0631450414657593,0.7767060259367258,1.2767775237900638,1.038533992466922
8,1000,0.5215243137443097,0.5568585878935741,0.7853330978701409,0.8390332460403442,0.06775192108605675,0.5058417741481752,0.6088094532284858
8,100000,0.5215243137443097,0.5287680571501182,-0.5422042528000174,0.8309653401374817,0.01388956030410481,2.0396528762144093,0.5933395974801725
8,10000000,0.5215243137443097,0.5212270966625812,-0.8509620557577434,0.8309653401374817,0.0005699007196705746,2.631682422720082,0.5933395974801725
9,10,-0.7212222746086938,-0.23185128416978082,-1.1424042376892118,-1.642972469329834,0.678530056083509,0.5839835760882932,1.278039000142147
9,1000,-0.7212222746086938,-1.360034721957197,-0.7407010336482013,-0.9188600778579712,0.8857358817641859,0.027007983149266786,0.2740317516628389
9,100000,-0.7212222746086938,-0.787807873897392,-0.7192423222886661,-0.9438654184341431,0.09232327069324765,0.0027452733917597326,0.3087025341060722
9,10000000,-0.7212222746086938,-0.7480203814359748,-0.7222548199003153,-0.9438654184341431,0.03715651577985522,0.0014316602911102025,0.3087025341060722
10,10,0.7163523725109571,-2.8456479865942277,1.4910269622372168,1.3110336065292358,4.97241371117355,1.0814155427598735,0.8301518314705976
10,1000,0.7163523725109571,0.29210391563121496,0.24842629782379708,0.1409664750099182,0.5922343153449289,0.6532065679450273,0.8032162935179473
10,100000,0.7163523725109571,-0.23397260663544722,0.8265390601295984,0.28310495615005493,1.3266166423311014,0.15381632259053626,0.6047965121442734
10,10000000,0.7163523725109571,-0.13585871442831896,0.8182817516711196,0.28310495615005493,1.189653471729433,0.14228944172109023,0.6047965121442734
11,10,-0.8112412785229454,-1.2656233040140137,-0.3834406404742418,-0.6392983198165894,0.5601071315285844,0.5273408163199175,0.21195045575025276
11,1000,-0.8112412785229454,-0.6333481076319929,-0.7648194852592258,-0.9269793629646301,0.21928515671052715,0.05722316466469911,0.14266789364122723
11,100000,-0.8112412785229454,-0.8219271573584435,-0.8116730296103216,-1.00553297996521,0.01317225727832075,0.000532210451818178,0.2394992791737843
11,10000000,-0.8112412785229454,-0.8136469235438282,-0.80496538559102,-1.00553297996521,0.002965387837836417,0.007736160742895199,0.2394992791737843
12,10,0.8830914919397734,0.9359437346937638,0.5465718164988139,0.3739105761051178,0.05984911329843824,0.38107000068789026,0.5765890855954273
12,1000,0.8830914919397734,0.029103038107553495,0.6816784441906923,0.1153891384601593,0.9670441416623473,0.22807721463453687,0.8693350128346284
12,100000,0.8830914919397734,0.19624800959122926,1.2743111014538164,0.1391034722328186,0.7777715996785831,0.4430114128431939,0.8424812451456554
12,10000000,0.8830914919397734,0.8740734966428636,1.2719220137875233,0.1391034722328186,0.010211847106692378,0.44030604461340234,0.8424812451456554
13,10,-0.7457816402862483,-0.4163667764902125,-0.7141211707944061,-0.9610350728034973,0.4417041745216452,0.04245273385878765,0.28862795876099845
13,1000,-0.7457816402862483,0.3062345287834933,-0.9067496956462988,-0.862657368183136,1.4106222414726561,0.215838050529465,0.1567157483952382
13,100000,-0.7457816402862483,0.47269181263690946,-0.7452787949491116,-0.7594048380851746,1.633820661575256,0.0006742527704806762,0.01826700613559941
13,10000000,-0.7457816402862483,-0.7458215338656095,-0.7478431673224082,-0.7594048380851746,5.349230553043801e-05,0.0027642501836980782,0.01826700613559941
14,10,0.5906339012477964,0.5355486066932632,0.5357385717337985,0.2775343358516693,0.09326470159968434,0.09294307251585773,0.5301076770816247
14,1000,0.5906339012477964,-0.37978679104618274,0.6334774380499308,0.5847470760345459,1.6430155638608455,0.07253822835367484,0.009966961261136076
14,100000,0.5906339012477964,0.5818641484232404,0.5870401541365481,0.4996960163116455,0.014848034977383823,0.006084559493886107,0.15396658529764698
14,10000000,0.5906339012477964,0.5906139521490043,0.5908743195463916,0.4996960163116455,3.3775742892440585e-05,0.0004070513021472472,0.15396658529764698
15,10,-0.5466396337754452,0.07808201162353577,-0.5088808738714736,-0.35558223724365234,1.1428400115890813,0.06907431801676232,0.3495125210958955
15,1000,-0.5466396337754452,0.7495786940867537,-0.5039132448389495,-0.5405240654945374,2.3712483467575898,0.07816189368011933,0.01118756837785401
15,100000,-0.5466396337754452,-0.5236912934837311,-0.5420659651178411,-0.5120989084243774,0.04198074723052571,0.008366880802285434,0.06318737833279174
15,10000000,-0.5466396337754452,-0.5425044382906234,-0.543159924075485,-0.5120989084243774,0.007564756064724857,0.006365637405263022,0.06318737833279174
16,10,-0.6232592566216775,-0.3498603192472696,-0.07267742515799577,0.12194795161485672,0.43866005112598405,0.8833913425499086,1.1956616774147326
16,1000,-0.6232592566216775,-0.6570319950958784,-28.166677267992867,-0.48848840594291687,0.054187303462227124,44.192553449856305,0.21623561823898815
16,100000,-0.6232592566216775,-0.16798254988781514,-2.591517354886205,-0.5717505216598511,0.7304772482668771,3.1580086093438853,0.08264415556541432
16,10000000,-0.6232592566216775,-0.623709356181466,-3.128142822473461,-0.5717505216598511,0.0007221706777821486,4.019007402199346,0.08264415556541432
17,10,0.6511416235059146,1.3474410223214575,1.1112880571363999,1.3394242525100708,1.0693516950528934,0.7066764234068436,1.0570398269093362
17,1000,0.6511416235059146,0.6559088489833891,0.7637724518908164,0.9131653308868408,0.007321334261825349,0.17297439499946007,0.4024066315560091
17,100000,0.6511416235059146,0.647142716252619,0.7225280786235928,1.0769792795181274,0.006141378632446362,0.10963276273649203,0.6539862307056841
17,10000000,0.6511416235059146,0.6518735754318896,0.7298149123360057,1.0769792795181274,0.0011241055702044566,0.12082362114480373,0.6539862307056841
18,10,-0.656953205636707,-0.6270756810464184,5.432454959602668,-0.38515013456344604,0.04547892351226422,9.269165768568909,0.4137327723514712
18,1000,-0.656953205636707,-0.822186458407153,-0.7326238066253681,-0.698208212852478,0.2515144935023263,0.11518415670918679,0.06279748216737512
18,100000,-0.656953205636707,0.7235418594924351,-0.6654535395506922,-0.7391411066055298,2.101359812669141,0.01293902494279912,0.12510465016936445
18,10000000,-0.656953205636707,-0.6598739174519113,-0.6532077298953092,-0.7391411066055298,0.004445844529175495,0.005701282388549705,0.12510465016936445
19,10,-0.5726071646461707,-0.46893153533861415,-3.5582374866001247,0.1863279938697815,0.18105891038164093,5.214098785855841,1.3254028335201125
19,1000,-0.5726071646461707,-0.4497558195132779,-3.208468627680866,-0.5137373805046082,0.21454734190901348,4.603263154528401,0.10281007255286395
19,100000,-0.5726071646461707,-0.5679292033618005,-3.1752014469485847,-0.5174732208251953,0.00816958217290345,4.54516541704578,0.09628580853514836
19,10000000,-0.5726071646461707,-0.5758522896756572,-2.965138937982736,-0.5174732208251953,0.005667279820872891,4.178312674126205,0.09628580853514836
20,10,-0.6898097522700012,-0.11915529874299152,99.32722133654057,-0.033972129225730896,0.827263534110848,144.99219641310972,0.9507514512313915
20,1000,-0.6898097522700012,-1.1497630158899934,9.935121827904222,-0.6336237788200378,0.6667827790291374,15.402698418237899,0.08145140492007913
20,100000,-0.6898097522700012,-0.5416619252777319,-13.231471760656092,-0.5338567495346069,0.21476621127020848,18.181334733402128,0.22608117995170365
20,10000000,-0.6898097522700012,-0.7041771479027601,-12.828673458279313,-0.5338567495346069,0.02082805525071108,17.597408076738805,0.22608117995170365
21,10,0.6997907888419928,0.7797048759127483,0.7839634371790126,0.6893460750579834,0.11419711197256056,0.12028258970985883,0.014925480515816972
21,1000,0.6997907888419928,0.7495455087591874,0.7873963318436317,0.7301831245422363,0.07109942101342638,0.12518819109723886,0.043430602667029285
21,100000,0.6997907888419928,0.7000190842217053,0.6937797286893986,0.7394057512283325,0.00032623375922161715,0.008589796048246308,0.056609722531350035
21,10000000,0.6997907888419928,0.6996493372173673,0.6901547367096482,0.7394057512283325,0.00020213416192501536,0.013769904214215478,0.056609722531350035
22,10,-0.5001063117312737,0.8438020149284915,0.6644567218289641,-3.8541698455810547,2.6872452819229737,2.328630945545839,6.706701065696702
22,1000,-0.5001063117312737,-0.6228254539184989,-0.694204759263802,-0.5331252813339233,0.2453861095301809,0.38811437284323813,0.06602390097486305
22,100000,-0.5001063117312737,-0.5150391556830767,-0.4838624445998956,-0.5079207420349121,0.029859339107535462,0.032480828076624245,0.015625538251229608
22,10000000,-0.5001063117312737,-0.5006597604443233,-0.4694689196084316,-0.5079207420349121,0.001106662123766415,0.06126175855845777,0.015625538251229608
23,10,-0.6579763927696182,0.9887601648685025,-0.7988771325202669,-0.6291373372077942,2.5027289363779714,0.2141425456885401,0.04382992441481346
23,1000,-0.6579763927696182,-0.7379418581684635,-0.7604623522568607,-0.8773080706596375,0.12153242316528545,0.15575932603880913,0.3333427768841175
23,100000,-0.6579763927696182,-0.6899543413547509,-0.6879227891798594,-0.8356112837791443,0.04860044970690819,0.04551287362178442,0.2699715262759019
23,10000000,-0.6579763927696182,-0.6587659009530378,-0.6909735807068436,-0.8356112837791443,0.0011999035103620248,0.050149501258442454,0.2699715262759019
24,10,0.8823642101688611,1.1240506480618646,3.6713156821833843,4.696025848388672,0.27390779805852633,3.1607713004143627,4.322094656910412
24,1000,0.8823642101688611,0.914314597591137,0.9221092519459335,1.0938819646835327,0.03620997662196815,0.04504380540260834,0.2397170602309365
24,100000,0.8823642101688611,0.8850299113837732,0.8926313929320837,0.9851431846618652,0.0030210894596483105,0.011635991855628093,0.11648135011429683
24,10000000,0.8823642101688611,-0.21277572799797287,0.904167109280028,0.9851431846618652,1.2411427453038393,0.024709636746252824,0.11648135011429683
25,10,-0.8628513867747024,0.7681778716158257,-1.0282831142175148,-0.12676697969436646,1.8902783067745168,0.19172679093811087,0.853083646109424
25,1000,-0.8628513867747024,-1.0097133949566965,-0.6185599155338404,-0.9065830707550049,0.17020544955135014,0.28312114343816724,0.05068275331140097
25,100000,-0.8628513867747024,-0.8520370706162881,-0.8422475476473353,-0.9477970004081726,0.012533231474353573,0.023878780799534028,0.09844755995698504
25,10000000,-0.8628513867747024,-0.8644799149897019,-0.8482742613368959,-0.9477970004081726,0.001887379727216806,0.016894132247147614,0.09844755995698504
26,10,-0.842845796005405,-0.21180833223999077,-6.949241142650635,-0.9707162380218506,0.7486985955867158,7.2449733694893705,0.15171273633027124
26,1000,-0.842845796005405,-1.0119868556709948,-0.7401848033611051,-0.8700760006904602,0.20067853510952924,0.12180281746774176,0.03230745744252439
26,100000,-0.842845796005405,-0.8450985972720081,-0.8289872997086499,-0.8351783156394958,0.0026728510449717576,0.016442505096942065,0.009097133072560252
26,10000000,-0.842845796005405,-0.842197883038944,-0.8199009914047111,-0.8351783156394958,0.0007687206479900204,0.02722301601246497,0.009097133072560252
27,10,-0.5679248606262883,-0.5709082127537668,-0.8285661229444007,-0.5493342280387878,0.0052530754230207975,0.4589361734062601,0.03273431729507204
27,1000,-0.5679248606262883,-0.6829592611775713,-0.6460630519109112,-0.5080007314682007,0.20255214822683928,0.13758543902877343,0.1055141856125216
27,100000,-0.5679248606262883,-0.5522007164269486,-0.5834093110800747,-0.5575264096260071,0.02768701511323119,0.027264963250086635,0.018309554170272087
27,10000000,-0.5679248606262883,-0.5700245719112623,-0.5833614317914344,-0.5575264096260071,0.0036971638865368603,0.027180657575234766,0.018309554170272087
28,10,0.5646464601477078,2.4631684367385227,0.6949967920140477,0.9733967781066895,3.3623198064398987,0.2308530046079473,0.723904862260281
28,1000,0.5646464601477078,0.5302066146578484,0.6362865248006904,0.4114695191383362,0.06099364455565739,0.12687596524423794,0.27127937890428205
28,100000,0.5646464601477078,0.5546119475035942,0.575763675820919,0.45137539505958557,0.017771319493420056,0.019688807878655668,0.20060528681697795
28,10000000,0.5646464601477078,0.5655864614777578,0.5500415938789625,0.45137539505958557,0.0016647608661251728,0.025865505762534696,0.20060528681697795
29,10,0.6256854409252208,2.2090330962900673,0.7729813476695786,1.1770577430725098,2.53058094659115,0.23541526957467104,0.8812292345047334
29,1000,0.6256854409252208,-0.8813585845172996,-4.971324075069384,0.6965768337249756,2.408628884210582,8.945404751176772,0.11330196958862494
29,100000,0.6256854409252208,0.7251680147411559,-24.654868040554163,0.7120363712310791,0.1589977444078402,40.40457365301042,0.13801013202124127
29,10000000,0.6256854409252208,-0.5502359894116452,-26.176440444901058,0.7120363712310791,1.8794131258640026,42.83642247803166,0.13801013202124127
30,10,-0.5240246660679172,0.06831737083655721,1.9027120836992517,-0.7461380958557129,1.1303705250159022,4.630959011865764,0.4238606389551294
30,1000,-0.5240246660679172,-0.5340685080494533,-0.5472329328458293,-0.31788182258605957,0.01916673514035372,0.04428850067699704,0.3933838554369502
30,100000,-0.5240246660679172,-0.2734341477774456,-0.5533094798003135,-0.3870585560798645,0.4782036696303019,0.05588441848002784,0.2613734025457133
30,10000000,-0.5240246660679172,-0.5297547131753275,-0.5328231972376936,-0.3870585560798645,0.010934689678648954,0.016790299654780006,0.2613734025457133
31,10,-0.7076844809759584,-0.5489716315437044,-0.07292494861630741,-1.0052562952041626,0.22427063712542508,0.8969527373049957,0.4204865617765517
31,1000,-0.7076844809759584,-0.2568972664575432,-1.8894886385451184,-0.69475257396698,0.6369889783321806,1.669959126331765,0.01827354895665392
31,100000,-0.7076844809759584,-0.09331287264539774,-1.2070921435580042,-0.7364342212677002,0.8681433956037707,0.7056925452050599,0.04062508231365118
31,10000000,-0.7076844809759584,-0.11544671235198516,-1.168725770126327,-0.7364342212677002,0.836866971856195,0.6514785918642056,0.04062508231365118
32,10,0.6459952407072737,0.0373086796857363,6.96239464349377,0.045652031898498535,0.9422462003823922,9.777780089944518,0.929330699327574
32,1000,0.6459952407072737,-0.18497021370969008,-0.6501839173273207,0.0022824807092547417,1.2863337096836407,2.0064840673059154,0.9964667220972777
32,100000,0.6459952407072737,0.6335811112270161,-0.4578572239514194,0.11001168191432953,0.0192170602784408,1.7087625343030861,0.829702024129648
32,10000000,0.6459952407072737,-0.18519115315224388,-0.4771575168088044,0.11001168191432953,1.286675723724351,1.7386393687457886,0.829702024129648
33,10,-0.6454105480053767,-0.29727344804887834,2.71569620555786,-0.11869271844625473,0.5394041064751829,5.207703474866724,0.8160973370933102
33,1000,-0.6454105480053767,0.2590043586897191,0.23341782816489615,-0.24507716298103333,1.4013017132895718,1.3616579073370703,0.6202771030959481
33,100000,-0.6454105480053767,0.27719309924641244,-0.5332215597535469,-0.23521211743354797,1.4294833731848202,0.17382577430528012,0.6355620183765752
33,10000000,-0.6454105480053767,-0.6452146082362837,-0.5125765045945908,-0.23521211743354797,0.0003035893505280952,0.20581325145878973,0.6355620183765752
34,10,-0.6582717363187927,-0.6367797273673659,4.888476635823795,-0.08806534111499786,0.03264914436645123,8.426228966112511,0.8662173442118607
34,1000,-0.6582717363187927,0.43267470534476143,-0.9826648600329666,-1.0028058290481567,1.6572888998157178,0.492795157100706,0.523391896872374
34,100000,-0.6582717363187927,0.35825415052554554,-0.8069016502309765,-0.8283773064613342,1.5442344411275886,0.2257880837226228,0.2584123861884321
34,10000000,-0.6582717363187927,-0.6173666692428049,-0.8117203350447223,-0.8283773064613342,0.062140093245896144,0.23310828987440596,0.2584123861884321
35,10,0.6373485989045681,0.23187671123810258,0.6174920961285425,-0.12132982164621353,0.6361854224883577,0.03115485436094721,1.190366499361177
35,1000,0.6373485989045681,-0.3375211025013168,0.24222753389128107,0.06476039439439774,1.529570635412748,0.6199449809608032,0.8983909362855688
35,100000,0.6373485989045681,-0.3002714219642739,0.2867292158209308,0.2207953929901123,1.4711258838261514,0.550121838639417,0.6535720116595525
35,10000000,0.6373485989045681,0.6366160875030333,0.2999030479418675,0.2207953929901123,0.001149310444541233,0.5294520950429314,0.6535720116595525
36,10,-0.6988864309968924,0.351044195575502,-0.02543722656691118,0.00021994858980178833,1.5022907585639804,0.9636032044138738,1.000314712920507
36,1000,-0.6988864309968924,0.8352523380009893,-0.7418384292251887,-0.728159487247467,2.195118836131336,0.06145776527243423,0.04188528343413323
36,100000,-0.6988864309968924,-1.1054543883847094,-0.7313828714041902,-0.7858421802520752,0.5817368020836919,0.04649745504565722,0.12442042855396264
36,10000000,-0.6988864309968924,-0.6582512557028813,-0.7307701934616537,-0.7858421802520752,0.05814274464600636,0.04562080625786694,0.12442042855396264
37,10,0.7691521463670195,0.48197275827440744,0.6049546415329328,0.9386113286018372,0.3733713667043158,0.2134785758703921,0.2203194556957736
37,1000,0.7691521463670195,0.4536638305096637,0.7099150738787607,0.7335866093635559,0.41017673466494226,0.07701606602550169,0.046239924274348435
37,100000,0.7691521463670195,0.8168197373101261,0.7097808885625022,0.7222330570220947,0.06197420259211101,0.07719052476801751,0.06100105104892492
37,10000000,0.7691521463670195,0.7760546179707778,0.7021090911809639,0.7222330570220947,0.008974130328259737,0.08716488084018734,0.06100105104892492
38,10,-0.6772104824280016,-0.22293052257333368,0.3956769892012242,-0.8267026543617249,0.6708105849542357,1.5842747557341466,0.22074698459738717
38,1000,-0.6772104824280016,-1.564724117113843,-0.7404918795118308,-0.6717286109924316,1.310543261976454,0.0934442078583109,0.008094782313344961
38,100000,-0.6772104824280016,0.3155752187944055,-0.7610163393474008,-0.5209969878196716,1.4659928146164751,0.12375156482949012,0.23067199735045155
38,10000000,-0.6772104824280016,-0.6875865881964938,-0.7816059172848236,-0.5209969878196716,0.01532183277980384,0.15415507817087123,0.23067199735045155
39,10,0.6423703755748386,0.6441512108072242,-3.058258296570847,-2.039769411087036,0.0027722872973274548,5.76089560299866,4.175379015979225
39,1000,0.6423703755748386,-0.2848688977532543,0.5060606603372759,0.5311874747276306,1.4434651854832712,0.21219800977836661,0.17308223584830418
39,100000,0.6423703755748386,0.65678092241496,0.6709603080187002,0.7239190936088562,0.022433392615943508,0.04450692860528843,0.1269496868703543
39,10000000,0.6423703755748386,0.6431064834455014,0.685004257635562,0.7239190936088562,0.0011459243742429498,0.06636962674776475,0.1269496868703543
40,10,0.8254504865474945,1.1075902002589308,0.5673486338439552,2.2961227893829346,0.34180089334189595,0.31267999342161484,1.781660228933454
40,1000,0.8254504865474945,1.4830417762813013,2.113135251542261,1.7476634979248047,0.7966453475413519,1.5599782009707206,1.1172238994425114
40,100000,0.8254504865474945,-1.0546515397617533,1.9981672475013792,1.7138205766677856,2.277667839500475,1.4206990971182973,1.0762245641600652
40,10000000,0.8254504865474945,1.004060868388825,2.0119508489561904,1.7138205766677856,0.21637927986254044,1.437397374821739,1.0762245641600652
41,10,0.6583004277891302,1.1279461492474017,0.7262827529122282,0.9112750887870789,0.7134215650376434,0.10326945305415235,0.3842845155783229
41,1000,0.6583004277891302,0.596439894657839,0.6481590467945185,0.7210631370544434,0.09397006369728002,0.015405399368599889,0.09534052632488577
41,100000,0.6583004277891302,0.6593904155748477,0.6515040349670302,0.6341750025749207,0.0016557604092376495,0.010324150699590666,0.03664804729845556
41,10000000,0.6583004277891302,1.7076951984706716,0.6552971912309165,0.6341750025749207,1.5940970511076265,0.0045621063445150664,0.03664804729845556
42,10,-0.5092249700165663,0.16037885855530623,0.13490021397646915,-0.06924121081829071,1.3149469645019345,1.2649128026303984,0.8640262852466992
42,1000,-0.5092249700165663,-0.15680085536196375,-1.1861680379520032,0.08198210597038269,0.6920794057744996,1.3293595322189609,1.160993884427379
42,100000,-0.5092249700165663,-0.4943110847569433,-0.47128973470125224,0.05368255823850632,0.029287419387815608,0.07449602346499218,1.1054201215560184
42,10000000,-0.5092249700165663,-0.5189278482537665,-0.46765268760601475,0.05368255823850632,0.01905420748885216,0.08163834230124085,1.1054201215560184
43,10,-0.666347509155347,-0.5030312074181961,-1.2400714698203175,-0.6407682299613953,0.24509178693286998,0.8609981320290595,0.038387296181801145
43,1000,-0.666347509155347,-0.37585886793112133,-0.6579128462234013,-0.6606112718582153,0.435941662920666,0.012658054267565865,0.00860847713590595
43,100000,-0.666347509155347,-0.6677912272452201,-0.6734115707970239,-0.6982744932174683,0.0021666143716859224,0.010601167625930111,0.047913413982129914
43,10000000,-0.666347509155347,-0.6678200901538885,-0.669669876948213,-0.6982744932174683,0.0022099294711976215,0.004985938638950382,0.047913413982129914
44,10,-0.5163942790443444,0.005282703888299275,-1.5609382866579924,0.4637500047683716,1.010229981436037,2.022764484429832,1.8980541101783737
44,1000,-0.5163942790443444,0.25071775707799293,-0.17512041429516778,-0.5118358135223389,1.4855161399967078,0.6608784771604148,0.008827490363451745
44,100000,-0.5163942790443444,0.15530519235853177,-0.4092122341281822,-0.5845580101013184,1.3007492504486,0.20755854444111332,0.1319993923695667
44,10000000,-0.5163942790443444,0.08267651487544307,-0.39101912034124986,-0.5845580101013184,1.1601034678936544,0.2427895966142727,0.1319993923695667
45,10,-0.502056030302308,0.0899229536912953,0.2106266159052987,0.46654489636421204,1.1791093986803607,1.4195281068100547,1.9292685839930788
45,1000,-0.502056030302308,-0.3879639287800628,-1.8152562434522201,0.18925875425338745,0.22724973834802029,2.6156447366226865,1.3769673957295705
45,100000,-0.502056030302308,-0.27876841264980734,-2.4857143592826842,0.08588341623544693,0.4447464111088364,3.951069620229312,1.1710634093643553
45,10000000,-0.502056030302308,-0.5000523308988049,-2.5195240811828956,0.08588341623544693,0.003990987624024141,4.018412147476427,1.1710634093643553
46,10,-0.5643067527644875,-0.5216413775131434,-6.0012312338572995,-0.7414769530296326,0.07560670688828419,9.634696828378916,0.3139608012790993
46,1000,-0.5643067527644875,-0.18625957918945688,-12.528002325395466,-0.7490563988685608,0.6699320391312205,21.200695391330907,0.3273922298448522
46,100000,-0.5643067527644875,-0.37848667188355756,2.966039336322612,-0.6456202864646912,0.32928913214420036,6.256076277294671,0.1440945608073199
46,10000000,-0.5643067527644875,-0.6028445153769034,2.857970811054193,-0.6456202864646912,0.06829222302165078,6.064569575064012,0.1440945608073199
47,10,0.7787585445450184,1.0829081495049997,1.306247616124936,1.178459644317627,0.39055700523668424,0.6773461110312409,0.5132542077032745
47,1000,0.7787585445450184,1.0997039285209966,0.4358826001255977,0.8183449506759644,0.4121243821003432,0.4402853064292763,0.05083270855676318
47,100000,0.7787585445450184,0.012733109152436988,0.5522396145454389,0.995520830154419,0.9836494774386377,0.29087183901387664,0.27834338015005883
47,10000000,0.7787585445450184,0.7849484412287835,0.540339018109958,0.995520830154419,0.007948415753667925,0.30615333610799034,0.27834338015005883
48,10,-0.7060052675272084,2.5403573405950786,-1.196543284148757,-0.4090085029602051,4.598213012620586,0.694807870682982,0.420672165247772
48,1000,-0.7060052675272084,-0.6803637074549138,-0.6191753863193881,-0.5724959373474121,0.03631921920654279,0.12298758267334602,0.18910528904042634
48,100000,-0.7060052675272084,-0.0732730935407098,-0.7032757934937164,-0.6646285057067871,0.8962145228783496,0.003866081683854868,0.05860687408940143
48,10000000,-0.7060052675272084,-0.05913099627202391,-0.6987665361420583,-0.6646285057067871,0.9162456726716347,0.010253084103046168,0.05860687408940143
49,10,-0.7457832584147577,-3.3840669764068254,-38.6441170575928,-1.7966604232788086,3.5376011572048736,50.816820264556505,1.4090919218243154
49,1000,-0.7457832584147577,-0.4721791652729089,-0.6776412851876441,-1.2357949018478394,0.3668681081999932,0.09136967404170032,0.6570429651030971
49,100000,-0.7457832584147577,-0.6280698473523378,-0.714141889297148,-1.0363471508026123,0.1578386343944383,0.04242703058911091,0.3896090306525241
49,10000000,-0.7457832584147577,6.44936237300404,-0.720955158825992,-1.0363471508026123,9.647770381320775,0.033291307237897014,0.3896090306525241
50,10,0.6058634888860209,-0.008134099264304338,-0.2963992097123006,-0.4518859088420868,1.0134256303829434,1.489217810859141,1.7458543337426602
50,1000,0.6058634888860209,0.7167951346182168,0.3253885185284489,0.2284698784351349,0.18309676646163608,0.46293426737642024,0.622902051986638
50,100000,0.6058634888860209,0.6430675091442352,0.26080538297207184,0.20364625751972198,0.061406605515410585,0.5695311109576761,0.6638743524648449
50,10000000,0.6058634888860209,0.6063398289584347,0.26306625926597954,0.20364625751972198,0.0007862168312694429,0.5657994513753092,0.6638743524648449
51,10,0.7924294175513829,-6.7834614371798905,1.125507976784101,1.9624063968658447,9.560335200756269,0.42032583830864734,1.4764431423175908
51,1000,0.7924294175513829,0.6116097284331469,0.4770789270248161,0.6421949863433838,0.22818396832991278,0.39795404302506066,0.18958714540435084
51,100000,0.7924294175513829,0.7844836792302774,0.7797248085537732,0.704066812992096,0.010027061268949214,0.016032480264131305,0.11150848593219632
51,10000000,0.7924294175513829,-0.13432507764137203,0.7874530445735591,0.704066812992096,1.1695104632238897,0.0062798942941830384,0.11150848593219632
52,10,0.6345984782544072,1.1135843700501498,1.6430736353926656,2.162943124771118,0.7547857554170176,1.5891547044239303,2.408364814741969
52,1000,0.6345984782544072,0.8589253098345472,2.7087156337377745,1.1293487548828125,0.3534941215068728,3.268392891815074,0.7796272660301945
52,100000,0.6345984782544072,0.6088633424300638,1.134904488365162,1.3562262058258057,0.040553415594586896,0.7883819883825577,1.1371406523954848
52,10000000,0.6345984782544072,0.6328343971680164,0.9931877962830471,1.3562262058258057,0.002779838191927717,0.5650648879824186,1.1371406523954848
53,10,-0.6986293871770899,-0.20453212569517668,-0.7468898233796945,-3.0776255130767822,0.7072380156786455,0.06907873772331226,3.4052334035250937
53,1000,-0.6986293871770899,0.014184311761950584,-0.6349750468329546,-0.5770662426948547,1.0203030562731754,0.09111317318233578,0.17400233473348165
53,100000,-0.6986293871770899,-0.6821097199440719,-0.6307102528864142,-0.6089836359024048,0.02364582357431033,0.0972176887163485,0.1283166052274316
53,10000000,-0.6986293871770899,0.18861587912135494,-0.6332042565211243,-0.6089836359024048,1.2699798814411227,0.09364783654510295,0.1283166052274316
54,10,-0.7782495438961907,-0.11086851835063155,28.20469158138051,-0.12000541388988495,0.8575411714402238,37.24119256167875,0.8458008554825542
54,1000,-0.7782495438961907,4.309069472624301,-0.709413243471685,-0.7667444944381714,6.536873752667537,0.08845016481460048,0.0147832395768856
54,100000,-0.7782495438961907,-0.6808593749200085,-0.7207332634024322,-0.7110180258750916,0.1251400270517511,0.07390467613487038,0.08638812389727152
54,10000000,-0.7782495438961907,-0.7778526072746745,-0.7226132086096684,-0.7110180258750916,0.0005100377181449821,0.07148906892766978,0.08638812389727152
55,10,0.799321156344071,-1.6814223803517638,1.649538265083995,1.5236603021621704,3.1035629634053987,1.0636739713341763,0.9061928863875895
55,1000,0.799321156344071,0.5443553004873186,0.7959062179943692,0.7705488204956055,0.31897799005210026,0.004272298215301801,0.03599596435062997
55,100000,0.799321156344071,0.8015266408631554,0.8073462847446428,0.8330503106117249,0.002759196978060546,0.010039929929137697,0.04219724950347121
55,10000000,0.799321156344071,0.7998553419282723,0.804477041693271,0.8330503106117249,0.0006682990684803444,0.006450330143620912,0.04219724950347121
56,10,-0.656692376377837,-0.8509432518690311,-0.8434718776987874,-0.8505988121032715,0.2958019347851074,0.28442465306386366,0.29527742775845445
56,1000,-0.656692376377837,-0.010757315288312369,-0.7019260634097033,-0.6740111112594604,0.98361894294,0.06888109053643185,0.026372675402674278
56,100000,-0.656692376377837,-0.028317108904579325,-0.6715288484487433,-0.638090193271637,0.956879187389429,0.022592727743758607,0.028327088565890352
56,10000000,-0.656692376377837,0.0077080592094387074,-0.6709115333659806,-0.638090193271637,1.0117377016799778,0.021652690817842695,0.028327088565890352
57,10,0.6769022082119788,1.8320866448550177,2.8896380230981826,1.9328136444091797,1.706575074846382,3.2689150486465293,1.8553809116898308
57,1000,0.6769022082119788,-1.5473875490509927,0.9426297796014353,1.239194631576538,3.2859838988239978,0.3925641963724268,0.8306848707878225
57,100000,0.6769022082119788,0.6221900374015021,0.8096609396902905,1.116547703742981,0.08082728959475187,0.19612689967283575,0.6494963233940622
57,10000000,0.6769022082119788,0.20582451295964269,0.8123711646032883,1.116547703742981,0.6959316863460628,0.20013076445584005,0.6494963233940622
58,10,0.7940040884874917,-0.41036966499174704,3.0876947717184717,0.5807920098304749,1.5168357077020413,2.888764323116094,0.26852768360823837
58,1000,0.7940040884874917,0.7628449808305289,0.9560972899265716,0.5547783374786377,0.039243006564762414,0.20414655766805087,0.3012903264321449
58,100000,0.7940040884874917,0.3130048838632192,0.8051167029375619,0.6005975008010864,0.605789329801228,0.013995664016338664,0.24358386876171872
58,10000000,0.7940040884874917,-0.09829291304613685,0.7942032199138248,0.6005975008010864,1.1237939633703602,0.0002507939558755005,0.24358386876171872
59,10,-0.7394569465102165,-1.6889843883868252,-0.6589530527624693,-0.7661107778549194,1.2840875271478565,0.10886893973702766,0.036045142953207265
59,1000,-0.7394569465102165,-0.4632900971910804,-42.02493664180995,-0.7967782020568848,0.37347252010069604,55.8321615479331,0.07751804323049423
59,100000,-0.7394569465102165,-0.18090976016685023,25.909850251568066,-0.7880118489265442,0.7553478116330729,36.03902475167307,0.06566292012736782
59,10000000,-0.7394569465102165,-0.7267152604217433,-143.325602610192,-0.7880118489265442,0.017231139890707913,192.82548677999574,0.06566292012736782
60,10,0.632553981650062,0.359546089629564,1.7032392007184283,0.7763792276382446,0.4315961956453701,1.6926384943074861,0.22737228783700672
60,1000,0.632553981650062,0.570493352131277,0.9046441051850652,1.0628215074539185,0.09811119891601255,0.4301453021056586,0.6802068096725483
60,100000,0.632553981650062,0.6412812716603417,0.8938899193938118,1.2919820547103882,0.013796909455085323,0.41314408781687906,1.042485056121473
60,10000000,0.632553981650062,0.6345418136875077,0.909907891782478,1.2919820547103882,0.0031425492449834542,0.43846678414531287,1.042485056121473
61,10,0.8822162321806951,0.6452082602022952,0.7276004104357632,0.7254396080970764,0.2686506587988693,0.17525841863365715,0.17770770743595635
61,1000,0.8822162321806951,-0.07316087805609607,0.7302264740379341,0.5787711143493652,1.082928510480083,0.1722817520224799,0.34395775861124533
61,100000,0.8822162321806951,0.3198798978039995,0.7485475788749536,0.6038987636566162,0.6374132711055334,0.15151461561224547,0.31547534308694747
61,10000000,0.8822162321806951,0.33115717289447205,0.7369183072613894,0.6038987636566162,0.6246303787951109,0.1646964991339514,0.31547534308694747
62,10,0.6540736617081844,-0.09582661271855245,0.8328152055552519,-0.4917004704475403,1.1465073711549412,0.27327433332243434,1.7517509100785547
62,1000,0.6540736617081844,0.14639601366532073,6.41476337578528,0.7430176734924316,0.7761780939428264,8.807402057793352,0.13598470171075278
62,100000,0.6540736617081844,0.4681197272392434,-41.99329560877611,0.6928929686546326,0.2843012115536071,65.20270080759109,0.05935005370047673
62,10000000,0.6540736617081844,0.6782779933703319,-38.81871182376363,0.6928929686546326,0.03700551341409358,60.34914382943405,0.05935005370047673
63,10,-0.7808540003832559,0.47507220106789316,-3.9644173114266006,0.10367312282323837,1.608400803267602,4.077027599885254,1.132768895046134
63,1000,-0.7808540003832559,0.4672849965005477,-1.565054980857377,-0.21037684381008148,1.5984281264758797,1.0042863071575767,0.7305810769915694
63,100000,-0.7808540003832559,0.5737499815307884,-1.8161183417241478,-0.39107608795166016,1.7347724174419066,1.3258103830328936,0.4991687463217021
63,10000000,-0.7808540003832559,-1.137870834071412,-1.802232456816818,-0.39107608795166016,0.457213299173631,1.308027436540317,0.4991687463217021
64,10,-0.6215030205199417,-1.180756212462056,-1.3499774686095405,-1.372520923614502,0.8998398615573102,1.1721173092291108,1.208389787818357
64,1000,-0.6215030205199417,-0.38514324634334285,-0.651556729863728,-1.1770353317260742,0.3803035003415803,0.048356497638006354,0.8938529546346873
64,100000,-0.6215030205199417,-0.7845479000898494,-0.5987153945184106,-1.1687815189361572,0.26233964146064237,0.03666535036702994,0.8805725480760644
64,10000000,-0.6215030205199417,-0.6288937231956394,-0.6452787396915246,-1.1687815189361572,0.011891660107323013,0.03825519488496206,0.8805725480760644
65,10,-0.745204332255088,-1.0809521906849804,-1.1154646850781325,-1.2721441984176636,0.45054469478709885,0.4968574883382483,0.7071078942442338
65,1000,-0.745204332255088,-0.5737007885179499,-0.614338105970172,-0.828263521194458,0.23014297732025443,0.1756111989967869,0.11145827438767274
65,100000,-0.745204332255088,-0.9177406468390386,-0.7700806729281677,-0.8461803793907166,0.2315288668033271,0.03338190560138133,0.1355011542003004
65,10000000,-0.745204332255088,-0.7460741359738625,-0.74020801200305,-0.8461803793907166,0.001167201640042,0.006704631247806178,0.1355011542003004
66,10,0.8564637530864976,0.8450192833731411,-8.720739208510555,0.3611111044883728,0.013362468256377711,11.182263028742343,0.5783696587426943
66,1000,0.8564637530864976,0.8408561781621544,0.8580967831143594,0.827875554561615,0.01822327549542765,0.0019067123646234836,0.03337934433518911
66,100000,0.8564637530864976,0.8796769588121565,0.8562372461333182,0.9024386405944824,0.027103547163559283,0.0002644676466027958,0.053679898702428404
66,10000000,0.8564637530864976,0.8565749355133624,0.8568621414006564,0.9024386405944824,0.00012981568275847395,0.0004651549031971731,0.053679898702428404
67,10,0.583779428637786,-0.0905861514710348,0.9485828170066289,1.2588218450546265,1.1551718800410835,0.6248993549157592,1.1563312842181013
67,1000,0.583779428637786,0.8165088747860669,1.429762072368058,1.2504806518554688,0.3986598957269547,1.4491477469569651,1.142043022607682
67,100000,0.583779428637786,0.560021394658082,1.3138955398784593,1.2540488243103027,0.040696935887483965,1.250671187479756,1.1481552154664818
67,10000000,0.583779428637786,0.5841567047676307,1.2849629018599424,1.2540488243103027,0.0006462648585015732,1.2011102803987557,1.1481552154664818
68,10,0.5791729992133094,0.7149224343522405,0.49393833319099456,-0.23121300339698792,0.2343849511688553,0.14716615957250961,1.399212331567674
68,1000,0.5791729992133094,0.13611537436235407,-0.016213003879049587,0.6430349349975586,0.7649832182314446,1.0279933696858654,0.11026400724998023
68,100000,0.5791729992133094,-1.361723168453072,0.2268578070892035,0.5701282024383545,3.351150986497472,0.6083073496220569,0.015616744543064854
68,10000000,0.5791729992133094,-0.30391735724137875,0.2447584071041491,0.5701282024383545,1.5247436563068195,0.5774001767406209,0.015616744543064854
69,10,0.8235266371217553,0.29369985287626077,0.9694168658154299,0.6440743207931519,0.6433632627807297,0.17715301742219808,0.21790711828799306
69,1000,0.8235266371217553,0.8201624525457766,0.8788792631040224,0.8409684896469116,0.004085095034371517,0.06721412943693697,0.02117946371002153
69,100000,0.8235266371217553,1.571958505766761,0.9123164880687693,0.8690512776374817,0.9088131881936357,0.10781661083524458,0.055280106876489175
69,10000000,0.8235266371217553,0.8248018017851737,0.9051592356009917,0.8690512776374817,0.0015484194511000897,0.09912563212835973,0.055280106876489175
70,10,0.6673963401494807,0.2870039124925039,0.5091128745089516,0.15892869234085083,0.5699648091743776,0.23716561826676696,0.7618675998354222
70,1000,0.6673963401494807,0.5685510092747434,0.6911014018233674,0.5454826951026917,0.14810589289806153,0.03551871691201871,0.18267053280436527
70,100000,0.6673963401494807,-0.187631718805142,0.6666578866663467,0.6492664217948914,1.2811398677480266,0.0011064691828674904,0.027165145002935827
70,10000000,0.6673963401494807,0.6662739835602655,0.6679391935718069,0.6492664217948914,0.001681694252269712,0.0008133898699603264,0.027165145002935827
71,10,-0.7684154493632742,-0.5150978600030337,-1.1848236528080223,-1.96136474609375,0.32966228043715806,0.5419050382053002,1.552479583432347
71,1000,-0.7684154493632742,-0.13387820302084685,-0.6806129768072771,-0.8187553882598877,0.8257736708290011,0.11426432488929289,0.06551135708987403
71,100000,-0.7684154493632742,0.6910819730703809,-0.7313728544920157,-0.8183829188346863,1.8993598106896814,0.04820646813120792,0.06502663307045192
71,10000000,-0.7684154493632742,-0.7685451567506469,-0.7149037190255091,-0.8183829188346863,0.00016879851580314044,0.06963906098205874,0.06502663307045192
72,10,0.5246947873466213,0.5983429702431712,3.6347812032152174,0.5888579487800598,0.14036385470682547,5.9274200751951165,0.12228663783360844
72,1000,0.5246947873466213,0.7371516630981001,0.16307817327250146,-0.25657919049263,0.4049151637771589,0.6891942188006348,1.4890065552016432
72,100000,0.5246947873466213,0.6082586828655685,0.3678426611621755,-0.19185666739940643,0.15926191289516964,0.29893974548069396,1.3656538468194521
72,10000000,0.5246947873466213,0.5248689034568434,0.3166351375819146,-0.19185666739940643,0.0003318426529499471,0.39653462314131854,1.3656538468194521
73,10,0.5702004584818271,1.4120973404356305,1.2766296310779897,1.3681350946426392,1.476492818324585,1.2389137225126894,1.3993931858373683
73,1000,0.5702004584818271,0.2052502598357212,1.1880346546361227,1.1637611389160156,0.6400384166961123,1.0835385818511871,1.0409684376869122
73,100000,0.5702004584818271,0.5360682312064438,1.0183215287842282,1.0545295476913452,0.05986004880855628,0.7859009294652877,0.8494014376962382
73,10000000,0.5702004584818271,-0.4138658503107194,1.0110198821726488,1.0545295476913452,1.7258251798194753,0.7730955265530904,0.8494014376962382
74,10,0.8909593546535957,2.467100744527403,1.1277557482049345,0.7772552967071533,1.769038488278301,0.26577687558306756,0.12761980370097847
74,1000,0.8909593546535957,0.19977232475006176,1.2965814779535942,0.8978272080421448,0.7757784081769553,0.45526445306554325,0.007708380132805647
74,100000,0.8909593546535957,0.21269107672652535,1.2635599672564386,0.876808226108551,0.7612785862614132,0.41820158311005085,0.01588302369926469
74,10000000,0.8909593546535957,5.560513774839278,1.2564885536884496,0.876808226108551,5.241040902478881,0.41026472995165014,0.01588302369926469
75,10,0.6866758695988338,0.043161391878919216,2.272706098819443,0.2950431704521179,0.9371444464705965,2.3097218053507427,0.5703312384859446
75,1000,0.6866758695988338,0.9546159403258326,2.0094475555331335,0.5344809889793396,0.3901987569237484,1.9263407154631524,0.22164005953552535
75,100000,0.6866758695988338,0.7465006792498757,2.3858677567577034,0.6452264785766602,0.08712234155831414,2.4745181276743606,0.0603623818125267
75,10000000,0.6866758695988338,0.6895655531484781,2.5806752297155615,0.6452264785766602,0.004208220614090543,2.758214528818714,0.0603623818125267
76,10,-0.7165572076668081,-2.3111717797195386,0.3124882582132336,-1.3775668144226074,2.225383479492136,1.4360967343148092,0.9224798797406867
76,1000,-0.7165572076668081,-0.6119558731643266,-0.8063703725522676,-1.058752179145813,0.14597764614366981,0.1253398387797974,0.47755429408522837
76,100000,-0.7165572076668081,-0.6969133118597028,-0.8183833135597761,-1.1556357145309448,0.02741427425043703,0.1421046425930533,0.6127612731631384
76,10000000,-0.7165572076668081,-0.7161807224240752,-0.8036330973693504,-1.1556357145309448,0.0005254084931457262,0.12151980158858681,0.6127612731631384
77,10,0.6271846167654612,0.4655381944289855,-0.6609931690557226,0.48230472207069397,0.2577333978153425,2.053905263915145,0.2310003957717378
77,1000,0.6271846167654612,0.5809759764758748,0.5149102242593857,0.4711024761199951,0.07367629730444478,0.1790133072540921,0.2488615576230464
77,100000,0.6271846167654612,0.6268714071338921,0.5614737942382002,0.437787801027298,0.0004993898498091474,0.10477110051924934,0.30197937046818407
77,10000000,0.6271846167654612,0.6261264515323314,0.5623272327673696,0.437787801027298,0.001687167071455062,0.10341035520382563,0.30197937046818407
78,10,-0.7624697731726706,-0.616273851218005,0.7441664664145525,-0.9761809706687927,0.1917399575675477,1.9759947116566245,0.28028809143064165
78,1000,-0.7624697731726706,-0.7181555074360164,-0.7648730296600647,-0.24668064713478088,0.05811937377171107,0.003151936735005215,0.676471571970215
78,100000,-0.7624697731726706,-0.8094802759573015,-1.032833174744649,-0.06166209280490875,0.061655562539899955,0.35458900940687044,0.9191284756793308
78,10000000,-0.7624697731726706,-0.7655391662213125,-0.9567568871909982,-0.06166209280490875,0.00402559308793313,0.25481287370893435,0.9191284756793308
79,10,0.7656414635965506,-2.790753119634435,0.7873029060501001,0.4594307541847229,4.644986919236394,0.028291887892011883,0.3999400815799904
79,1000,0.7656414635965506,-0.2322275492696649,0.41351345195283934,0.35294613242149353,1.303311093130708,0.4599124112082606,0.5390190458552856
79,100000,0.7656414635965506,-0.08889188147650094,0.3274057326496634,0.5058432817459106,1.1161011853497813,0.5723772180366298,0.33932094094049586
79,10000000,0.7656414635965506,-0.08470778446141984,0.29129768181661664,0.5058432817459106,1.1106363598224038,0.619537739703562,0.33932094094049586
80,10,0.8451480061173298,0.6554489134770323,4.2130905517187,1.369928240776062,0.22445665287881192,3.9850328241013533,0.6209329382076048
80,1000,0.8451480061173298,0.8085904024786288,0.8684365300504321,0.8015869855880737,0.043255859771413545,0.027555556854581557,0.05154247565391353
80,100000,0.8451480061173298,0.8414022085470833,0.8541209699835163,0.8920711278915405,0.004432120224071726,0.01061703252121359,0.05552059690678196
80,10000000,0.8451480061173298,0.8454991504564016,0.8505718353388134,0.8920711278915405,0.00041548265691944094,0.006417608729151612,0.05552059690678196
81,10,0.8268015167638386,1.4452695698649696,0.9875970558462297,0.8878121972084045,0.7480248167926203,0.1944790083498595,0.07379120527423096
81,1000,0.8268015167638386,0.5804164916886898,0.8430337295877594,0.9036688208580017,0.2979977903759995,0.019632538759066138,0.09296947639262604
81,100000,0.8268015167638386,0.8134912497462455,0.8497138335873001,0.9734784960746765,0.016098503386508572,0.027711991764531332,0.1774028909440591
81,10000000,0.8268015167638386,0.8326586276099757,0.8482948223626557,0.9734784960746765,0.0070840591452495235,0.02599572589433978,0.1774028909440591
82,10,-0.5788278373763002,-1.4504338095846143,2.2747810902448147,-0.8739795684814453,1.5058121187797622,4.929978731769189,0.5099128135284635
82,1000,-0.5788278373763002,-0.48413520490470685,-0.7019282792942667,-0.7153360843658447,0.1635937775570959,0.21267194486698132,0.23583566334388226
82,100000,-0.5788278373763002,2.0211900339179163,-0.6021225573769193,-0.8478745818138123,4.491867362633298,0.04024464356484482,0.4648130705963315
82,10000000,-0.5788278373763002,0.19186735597339583,-0.592618335245804,-0.8478745818138123,1.3314756885969556,0.023824869812780813,0.4648130705963315
83,10,-0.6691590902682112,-0.7715877292175095,0.017478983800683585,-0.7217106819152832,0.15307068294961523,1.0261208194805778,0.0785337783067527
83,1000,-0.6691590902682112,-0.6926258593118619,-0.8181338297049268,-0.6234283447265625,0.03506904319904679,0.22262977758697677,0.06834061765987363
83,100000,-0.6691590902682112,-0.667615707997696,-0.8531947127474512,-0.6240053176879883,0.002306450428546951,0.27502521471459823,0.06747838180323375
83,10000000,-0.6691590902682112,-0.6692082715249885,-0.8531053003708061,-0.6240053176879883,7.349710628248079e-05,0.27489159570240007,0.06747838180323375
84,10,-0.7523209247166907,-0.6221407565714479,-1.2557992803395883,-0.650998592376709,0.17303807971879304,0.6692334867762687,0.1346796679597044
84,1000,-0.7523209247166907,-0.7559025945696612,-0.7742233977450095,-0.800040602684021,0.004760827108882262,0.029113204629482914,0.06342994910755757
84,100000,-0.7523209247166907,-0.7462236518405999,-0.7756824418066607,-0.7324602007865906,0.00810461689389652,0.031052595139192122,0.026399270946211202
84,10000000,-0.7523209247166907,-0.7533759344846128,-0.7781925881434232,-0.7324602007865906,0.0014023400562990615,0.034389131787707874,0.026399270946211202
85,10,0.7323702872149267,0.035105228437629005,16.47474248237816,0.9736207723617554,0.9520662852515114,21.495099500866786,0.32941053092727335
85,1000,0.7323702872149267,0.847712601124023,0.714094174258988,1.191166877746582,0.15749179878353958,0.024954743897980164,0.6264544022892802
85,100000,0.7323702872149267,0.7365837277267051,0.6904728656146704,1.0891706943511963,0.005753155999544126,0.057207975708005225,0.4871858039095466
85,10000000,0.7323702872149267,0.7324594870714685,0.6935510785970261,1.0891706943511963,0.00012179611611631231,0.0530048928739628,0.4871858039095466
86,10,0.7950529542247704,1.9971162457197225,7.842845780765493,1.4424285888671875,1.5119285892938337,8.86455774938009,0.8142547376276986
86,1000,0.7950529542247704,0.5300510288217049,0.973272769869043,0.9706332087516785,0.33331355351224384,0.22416093757937014,0.22084095605695914
86,100000,0.7950529542247704,0.7914996723262159,0.8941538208149541,0.9404678344726562,0.004469239287361953,0.12464687548619152,0.1828996162773523
86,10000000,0.7950529542247704,0.7952557953681908,0.907258270710031,0.9404678344726562,0.0002551290984361909,0.14112936237645732,0.1828996162773523
87,10,-0.5875021310515688,-0.6331860028333093,-7.300209687112728,-0.6106923222541809,0.07775949969742413,11.425843756593869,0.03947252269724375
87,1000,-0.5875021310515688,-0.5940657141220679,-0.46274675535609244,-0.6029241681098938,0.011172015765714666,0.21234880539441953,0.026250180626104524
87,100000,-0.5875021310515688,-0.628112652031181,-0.4723577826903083,-0.5942570567131042,0.06912404029398767,0.19598966927177583,0.011497704100995912
87,10000000,-0.5875021310515688,-0.5893482707600635,-0.48493462898840817,-0.5942570567131042,0.003142354062938078,0.17458234896880334,0.011497704100995912
88,10,-0.7291224363854145,-1.9544583074606856,-25.197691049309817,-0.778131365776062,1.6805625638813257,33.55892973781746,0.06721632327432775
88,1000,-0.7291224363854145,0.22220541406179534,-5.285171290472352,-0.9208212494850159,1.3047573397458,6.248674607619135,0.26291717760042876
88,100000,-0.7291224363854145,-0.7191008114536749,-9.889708070010276,-0.7176389694213867,0.013744776503410465,12.563850975479474,0.015749710050010905
88,10000000,-0.7291224363854145,-0.7148070279908993,-10.949967305709466,-0.7176389694213867,0.019633751041159896,14.01800899173168,0.015749710050010905
89,10,0.6972339693403234,0.7233169167463557,-2.7667468800275445,0.5925476551055908,0.03740917475766447,4.9681756794570076,0.15014517197689017
89,1000,0.6972339693403234,0.6989791877082324,0.7021512225771733,0.6034520268440247,0.002503059868927763,0.0070525153005701405,0.13450569911995114
89,100000,0.6972339693403234,0.6937111159358023,0.6942343591173623,0.6298533082008362,0.00505261298134151,0.004302157317147309,0.09663995746397494
89,10000000,0.6972339693403234,0.6969658705965461,0.6971242547863732,0.6298533082008362,0.0003845176161324572,0.00015735686838961986,0.09663995746397494
90,10,-0.7133480541692642,-0.8209912196663577,-0.704493873839892,-0.8868468403816223,0.15089851982907604,0.012412146185333532,0.24321757828919532
90,1000,-0.7133480541692642,-0.6902168407212007,-0.7395051581199644,-0.7678005695343018,0.03242626556961892,0.03666808060640432,0.07633372663846508
90,100000,-0.7133480541692642,1.4045208012971893,-0.7248807431705829,-0.747870922088623,2.9689137624870043,0.016166987396845512,0.04839554508852315
90,10000000,-0.7133480541692642,-0.7158048848831876,-0.716751792935824,-0.747870922088623,0.0034440841319523406,0.004771497933815373,0.04839554508852315
91,10,-0.7420594503557629,-1.1483815475514785,-28.383085250117517,-1.0716164112091064,0.5475600330956152,37.24907187221982,0.4441112645292034
91,1000,-0.7420594503557629,0.7220760118356395,-1.0104899923699884,-1.3570164442062378,1.9730702998115006,0.3617372461000702,0.82871661233564
91,100000,-0.7420594503557629,0.06915614820125328,-1.1611885301616982,-1.3733830451965332,1.093194889126603,0.5648187346781901,0.850772258931676
91,10000000,-0.7420594503557629,-0.2603309675898995,-1.1618999267162748,-1.3733830451965332,0.6491777478676541,0.5657774133315454,0.850772258931676
92,10,-0.7149938783528129,-0.03657533516399647,0.2239452365744124,-0.12905734777450562,0.9488452471114047,1.3132128027310281,0.8194986674965314
92,1000,-0.7149938783528129,-0.6230788740013311,-0.6291208081178671,-0.6031025648117065,0.12855355428109896,0.12010322442589064,0.15649268746031658
92,100000,-0.7149938783528129,0.1394996764030766,-0.5563390682391591,-0.5893104076385498,1.1951061129704394,0.22189673914294095,0.1757825829275768
92,10000000,-0.7149938783528129,-0.07224214195652456,-0.5644765517659437,-0.5893104076385498,0.8989611741530509,0.2105155458584173,0.1757825829275768
93,10,-0.542351968887503,-0.21871456391956173,0.4310845255637678,-0.3258041739463806,0.5967294737249705,1.794842741048821,0.39927539192918404
93,1000,-0.542351968887503,-0.08450253637015562,-0.5352155336519847,-0.5008172988891602,0.8441924410388129,0.013158309815223689,0.0765825006287719
93,100000,-0.542351968887503,-0.5432210258774155,-0.5498001560981113,-0.6000069379806519,0.001602385608915763,0.01373312468264162,0.10630544812331615
93,10000000,-0.542351968887503,-0.36669392319994537,-0.5441785367485141,-0.6000069379806519,0.32388200977287024,0.0033678643497097203,0.10630544812331615
94,10,-0.8563265577695816,-0.7090696901573147,0.09027363014070794,-0.9343402981758118,0.171963448145083,1.105419631473112,0.09110279215142826
94,1000,-0.8563265577695816,-0.9783252494185825,-0.6288454536899423,-1.115317940711975,0.14246748572969992,0.26564761073409265,0.3024446463706225
94,100000,-0.8563265577695816,-0.8769841575181532,-0.820583276461234,-1.1659287214279175,0.024123507044295268,0.04174024615264275,0.3615468431397675
94,10000000,-0.8563265577695816,-0.8577616099430955,-0.8169157520181017,-1.1659287214279175,0.0016758235050559512,0.046023103445641804,0.3615468431397675
95,10,-0.8604144823118661,-1.2618545743622738,-1.2361866262011414,-1.3073745965957642,0.46656594037302773,0.4367338667750048,0.5194707010079042
95,1000,-0.8604144823118661,-0.7180000507724692,-0.9460112083062421,-1.1236672401428223,0.16551840359165101,0.09948313022856645,0.305960398439153
95,100000,-0.8604144823118661,-0.8951547671804025,-0.8514785996393739,-1.2069138288497925,0.040376220510831014,0.010385555864287896,0.4027121273074226
95,10000000,-0.8604144823118661,-0.8633084984933874,-0.8332408608821213,-1.2069138288497925,0.0033635140284311617,0.031582013074363174,0.4027121273074226
96,10,-0.8206226672380201,3.962891576605788,-1.7895874319041005,-0.07758188247680664,5.829127606167328,1.1807677308346076,0.9054597373748827
96,1000,-0.8206226672380201,-1.939429985994939,-17.54288298319303,-1.1718171834945679,1.36336389844373,20.37752670449298,0.4279610231076939
96,100000,-0.8206226672380201,-0.734149055644064,0.5519310869044937,-1.1572071313858032,0.10537560689738376,1.6725759705884495,0.41015740557183195
96,10000000,-0.8206226672380201,-0.7943528973022633,-0.13191057706882778,-1.1572071313858032,0.03201199648088359,0.8392555039787033,0.41015740557183195
97,10,-0.5929953673523434,-1.6083559058392272,1.4702461427515021,-1.3066428899765015,1.7122571176573482,3.4793551917884002,1.2034622223281657
97,1000,-0.5929953673523434,-0.5766917449918966,-0.32001652728160096,-0.4878471791744232,0.0274936757655302,0.46033890836207,0.1773170482720545
97,100000,-0.5929953673523434,-0.5997843241210427,-0.42714477103662896,-0.5880698561668396,0.01144858314662929,0.27968278581368755,0.008306154578400195
97,10000000,-0.5929953673523434,-0.5917664422598953,-0.4177232187470079,-0.5880698561668396,0.0020724025179743085,0.2955708564603221,0.008306154578400195
98,10,-0.82699339222606,-0.7028027347203785,1.761575298357333,-1.0365855693817139,0.1501712815037026,3.1300959776904764,0.2534387567372019
98,1000,-0.82699339222606,-0.7880177651768386,-0.9704513810334928,-1.0521754026412964,0.0471293089105691,0.1734693289643822,0.27228997538795624
98,100000,-0.82699339222606,-0.8288361368074308,-0.9590652969568926,-1.0416877269744873,0.002228245834480712,0.15970128174220097,0.25960828316961954
98,10000000,-0.82699339222606,-0.8260569296954877,-0.9535056096518668,-1.0416877269744873,0.0011323700278325216,0.15297851060849157,0.25960828316961954
99,10,0.7773905569711579,0.33735319905655886,0.37144984946650783,0.6232545375823975,0.5660441253995383,0.5221837387455054,0.1982735936352248
99,1000,0.7773905569711579,0.46282785557659506,1.262123096952284,0.7943430542945862,0.40463921072073616,0.6235379831081617,0.021806924680791116
99,100000,0.7773905569711579,0.7010995017105734,1.0154983833939977,0.7400014996528625,0.09813735782671068,0.3062911226379534,0.04809558976889208
99,10000000,0.7773905569711579,0.7802902634096957,1.0124950264699957,0.7400014996528625,0.003730051018159391,0.3024277403302192,0.04809558976889208
