,Seed,Sample Size,True Effect,Cumulant Estimate,Cross Moment Estimate,Relvlingam Estimate,GRICA Estimate,Cumulant Error,Cross Moment Error,Relvlingam Error,GRICA Error
0,0,10,-0.5561403121650581,-0.735248150069015,-1.2683800016347744,-1.1734538097635185,-1.2743264436721802,0.3220551252734923,1.280683442451712,1.1099959562277633,1.291375783767982
1,0,1000,-0.5561403121650581,0.16348129994817406,-0.5520096403448495,-1.7363540267976783,-1.0273350477218628,1.2939569320406576,0.007427391487101374,2.122150991065618,0.8472587317442253
2,0,100000,-0.5561403121650581,0.34835881000304963,-0.4010317674269301,-1.8124075124066437,-1.018129825592041,1.626386547392845,0.27890181910081174,2.2589033248658574,0.8307067538917553
3,0,10000000,-0.5561403121650581,-0.7779462589873208,-0.41302701572133393,0.0,-1.018129825592041,0.39883091006075544,0.2573330746095048,1.0,0.8307067538917553
4,1,10,0.8756511157694503,-0.19798170305531976,3.6013996324554625,,0.7003985643386841,1.2260965577384662,3.11282480841796,,0.20013969978987428
5,1,1000,0.8756511157694503,0.21178451441775706,-3.8083869534361767,0.0,0.8227922916412354,0.7581405303964488,5.34920584791316,1.0,0.060365165048373144
6,1,100000,0.8756511157694503,-0.36788865883035443,305.3908933645013,-0.3415616062369964,0.8345144987106323,1.420131548061906,347.7586412724991,1.3900658608044598,0.04697831855404022
7,1,10000000,0.8756511157694503,0.5413372730171621,71.60994519415325,0.6854873820201942,0.8345144987106323,0.38178886171865456,80.77908290704148,0.21716837942033093,0.04697831855404022
8,2,10,0.5707938494671746,1.8504715816510737,1.0201642309689813,0.0,1.52987802028656,2.2419262810530536,0.7872726412894702,1.0,1.680263674380291
9,2,1000,0.5707938494671746,0.5680054319013823,3.790584381210376,-0.5001067945220272,0.5146898031234741,0.004885156993887066,5.640899135035908,1.8761600970102739,0.09829125943818869
10,2,100000,0.5707938494671746,0.5556867356588213,-173.3784197728845,-0.5468645743227043,0.5245873928070068,0.026466847571072268,304.749628582596,1.9580772021863797,0.08095121680673438
11,2,10000000,0.5707938494671746,0.5707316731365158,-27.105962199779775,-0.46347874947061424,0.5245873928070068,0.00010892957363991912,48.488181985637524,1.8119897400843805,0.08095121680673438
12,3,10,0.6609442574235832,0.6005752158411917,1.1334190424483277,0.09067340657441854,1.1884409189224243,0.09133756879546118,0.7148481580980691,0.8628123241014738,0.7980955361577206
13,3,1000,0.6609442574235832,-0.6047517424043559,0.6597771753767512,0.8338091711136594,0.6506441831588745,1.914981461162443,0.0017657798425867396,0.26154234906876755,0.015583877383032655
14,3,100000,0.6609442574235832,-0.23486771420785,0.670400238217365,0.7853021024108101,0.7194478511810303,1.3553517737235274,0.014306775023119294,0.18815178979235608,0.08851517068247032
15,3,10000000,0.6609442574235832,0.6588100371259719,0.6710358197276185,0.9740212550072835,0.7194478511810303,0.0032290473419509177,0.015268401519022288,0.4736813945613221,0.08851517068247032
16,4,10,-0.7575657068391233,0.14411418134392714,-1.042621272534955,-1.0299975552648342,-0.37544959783554077,1.1902332431931628,0.37627833879281736,0.3596148109216941,0.5043999557449987
17,4,1000,-0.7575657068391233,-0.8100697807984552,-0.5588964633650493,-1.468381666252593,-0.9486185312271118,0.06930629711104604,0.2622468806078935,0.9382895146868345,0.25219307403068675
18,4,100000,-0.7575657068391233,0.0036774120942164074,-0.5075600148211056,-1.199174766643357,-0.9966631531715393,1.0048542483655447,0.3300118917224284,0.5829316926802415,0.31561281638529975
19,4,10000000,-0.7575657068391233,-0.7552385397767067,-0.6016643318346893,-0.7136046959878434,-0.9966631531715393,0.0030719012772191558,0.20579254524986207,0.05802930419686416,0.31561281638529975
20,5,10,-0.7094701158399517,-0.07221245557183632,0.3327613927144021,0.0,-0.07133373618125916,0.8982163533606444,1.469028060921835,1.0,0.8994549106598998
21,5,1000,-0.7094701158399517,-2.8026105794341656,-0.7659164636231138,0.0,-0.2840159833431244,2.9502870055578243,0.07956127611708426,1.0,0.5996787221870876
22,5,100000,-0.7094701158399517,-0.9252656630201749,-0.6890164375138892,0.0,-0.502053439617157,0.3041643930621938,0.02882951356146564,1.0,0.2923543523425665
23,5,10000000,-0.7094701158399517,0.13456838305441396,-0.6691669305434329,0.0,-0.502053439617157,1.1896744909334152,0.056807446003279874,1.0,0.2923543523425665
24,6,10,0.8206883633844835,-0.7165340452275862,5.748573273105066,-0.7165340452275862,1.240840196609497,1.8730890764341177,6.004575097663377,1.8730890764341177,0.5119505185772655
25,6,1000,0.8206883633844835,0.0023494770666928587,0.7052425323312087,-9.011992966123394,0.6137374043464661,0.9971371873033466,0.14066951135651679,11.981017117092197,0.252167531880872
26,6,100000,0.8206883633844835,0.821127050272807,0.8060523091117702,0.0,0.7084871530532837,0.0005345352851286522,0.017833875714229515,1.0,0.1367159756822758
27,6,10000000,0.8206883633844835,0.8218012781419104,0.8072201306162324,1.0265032798436307,0.7084871530532837,0.001356074738086095,0.01641089769167511,0.2507832761395267,0.1367159756822758
28,7,10,0.6050335080173588,4.532597851934627,0.14064022867877765,0.0,0.26316580176353455,6.491482359030905,0.7675496863972985,1.0,0.5650392940617363
29,7,1000,0.6050335080173588,0.033270759840309506,0.4318567540576688,0.7082990715129377,-0.16742202639579773,0.9450100541549594,0.2862267158180624,0.17067742881542383,1.27671529622289
30,7,100000,0.6050335080173588,0.5710209679555399,1.472048606671283,-0.35491318080393264,-0.03662475198507309,0.05621596095276598,1.4330034405781193,1.5866008677221064,1.0605334274874942
31,7,10000000,0.6050335080173588,0.6065845480880722,2.075896904301388,-0.35913554775243567,-0.03662475198507309,0.0025635606130245646,2.4310445236395557,1.593579600127092,1.0605334274874942
32,8,10,0.5215243137443097,0.9265953909020307,1.187394835643082,0.9284730386403688,1.0990841388702393,0.7767060259367258,1.2767775237900638,0.780306333130186,1.1074456356201499
33,8,1000,0.5215243137443097,0.5568585878935741,0.7853330978701409,0.49187310200912054,0.8496900796890259,0.06775192108605675,0.5058417741481752,0.05685489813946899,0.6292434643912068
34,8,100000,0.5215243137443097,0.5287680571501182,-0.5422042528000174,0.38038248764349214,0.938474714756012,0.01388956030410481,2.0396528762144093,0.270633261731333,0.7994841084554354
35,8,10000000,0.5215243137443097,0.5212270966625812,-0.8509620557577434,0.5212270966625812,0.938474714756012,0.0005699007196705746,2.631682422720082,0.0005699007196705746,0.7994841084554354
36,9,10,-0.7212222746086938,-0.23185128416978082,-1.1424042376892118,-4.668999885205627,-1.6245583295822144,0.678530056083509,0.5839835760882932,5.473732231493874,1.2525071490112176
37,9,1000,-0.7212222746086938,-1.360034721957197,-0.7407010336482013,0.0,-0.9162319898605347,0.8857358817641859,0.027007983149266786,1.0,0.27038781540357343
38,9,100000,-0.7212222746086938,-0.787807873897392,-0.7192423222886661,-2.0426796946643013,-0.9268937110900879,0.09232327069324765,0.0027452733917597326,1.832247098541954,0.2851706661347684
39,9,10000000,-0.7212222746086938,-0.7480203814359748,-0.7222548199003153,-2.0314545141806124,-0.9268937110900879,0.03715651577985522,0.0014316602911102025,1.8166829917764227,0.2851706661347684
40,10,10,0.7163523725109571,-2.8456479865942277,1.4910269622372168,0.7976259097743761,1.351406216621399,4.97241371117355,1.0814155427598735,0.11345469126952028,0.8865104220768506
41,10,1000,0.7163523725109571,0.29210391563121496,0.24842629782379708,-0.29201882849012334,0.13156208395957947,0.5922343153449289,0.6532065679450273,1.407646906321451,0.8163444569905893
42,10,100000,0.7163523725109571,-0.23397260663544722,0.8265390601295984,-0.22028103724921938,0.28541064262390137,1.3266166423311014,0.15381632259053626,1.3075037449476028,0.6015778636657816
43,10,10000000,0.7163523725109571,-0.13585871442831896,0.8182817516711196,0.0,0.28541064262390137,1.189653471729433,0.14228944172109023,1.0,0.6015778636657816
44,11,10,-0.8112412785229454,-1.2656233040140137,-0.3834406404742418,0.0,-0.5222059488296509,0.5601071315285844,0.5273408163199175,1.0,0.35628774982894235
45,11,1000,-0.8112412785229454,-0.6333481076319929,-0.7648194852592258,0.0,-0.9815561771392822,0.21928515671052715,0.05722316466469911,1.0,0.20994358044308964
46,11,100000,-0.8112412785229454,-0.8219271573584435,-0.8116730296103216,0.0,-0.9209312796592712,0.01317225727832075,0.000532210451818178,1.0,0.13521254901629537
47,11,10000000,-0.8112412785229454,-0.8136469235438282,-0.80496538559102,-0.8474282048664481,-0.9209312796592712,0.002965387837836417,0.007736160742895199,0.04460686025418912,0.13521254901629537
48,12,10,0.8830914919397734,0.9359437346937638,0.5465718164988139,0.0,0.22567486763000488,0.05984911329843824,0.38107000068789026,1.0,0.7444490523464404
49,12,1000,0.8830914919397734,0.029103038107553495,0.6816784441906923,0.0,0.06594555079936981,0.9670441416623473,0.22807721463453687,1.0,0.9253242145335182
50,12,100000,0.8830914919397734,0.19624800959122926,1.2743111014538164,-0.07231811896547205,0.13378338515758514,0.7777715996785831,0.4430114128431939,1.081891989250876,0.8485056346044956
51,12,10000000,0.8830914919397734,0.8740734966428636,1.2719220137875233,-0.06630582056769307,0.13378338515758514,0.010211847106692378,0.44030604461340234,1.0750837497279557,0.8485056346044956
52,13,10,-0.7457816402862483,-0.4163667764902125,-0.7141211707944061,-0.4163667764902125,-0.9684717059135437,0.4417041745216452,0.04245273385878765,0.4417041745216452,0.29859955461202
53,13,1000,-0.7457816402862483,0.3062345287834933,-0.9067496956462988,-1.0990673996100215,-0.8206208348274231,1.4106222414726561,0.215838050529465,0.4737120629413376,0.10035000930359429
54,13,100000,-0.7457816402862483,0.47269181263690946,-0.7452787949491116,0.43957810884631576,-0.8256740570068359,1.633820661575256,0.0006742527704806762,1.5894193220921817,0.10712574888532132
55,13,10000000,-0.7457816402862483,-0.7458215338656095,-0.7478431673224082,0.47183327447471535,-0.8256740570068359,5.349230553043801e-05,0.0027642501836980782,1.6326694691674293,0.10712574888532132
56,14,10,0.5906339012477964,0.5355486066932632,0.5357385717337985,0.0,0.31933528184890747,0.09326470159968434,0.09294307251585773,1.0,0.45933465523352585
57,14,1000,0.5906339012477964,-0.37978679104618274,0.6334774380499308,0.5954936253865493,0.4505624771118164,1.6430155638608455,0.07253822835367484,0.008227980358875547,0.2371543926619511
58,14,100000,0.5906339012477964,0.5818641484232404,0.5870401541365481,-0.2937567763756551,0.56740802526474,0.014848034977383823,0.006084559493886107,1.4973584749453985,0.039323641826160785
59,14,10000000,0.5906339012477964,0.5906139521490043,0.5908743195463916,-0.331946545532372,0.56740802526474,3.3775742892440585e-05,0.0004070513021472472,1.5620174270916192,0.039323641826160785
60,15,10,-0.5466396337754452,0.07808201162353577,-0.5088808738714736,-0.4226677819861798,-0.3176520764827728,1.1428400115890813,0.06907431801676232,0.22678899247212644,0.41890039277089536
61,15,1000,-0.5466396337754452,0.7495786940867537,-0.5039132448389495,,-0.4967268109321594,2.3712483467575898,0.07816189368011933,,0.09130845946635027
62,15,100000,-0.5466396337754452,-0.5236912934837311,-0.5420659651178411,0.0,-0.509136438369751,0.04198074723052571,0.008366880802285434,1.0,0.06860679886431402
63,15,10000000,-0.5466396337754452,-0.5425044382906234,-0.543159924075485,0.0,-0.509136438369751,0.007564756064724857,0.006365637405263022,1.0,0.06860679886431402
64,16,10,-0.6232592566216775,-0.3498603192472696,-0.07267742515799577,0.0,-0.09374985098838806,0.43866005112598405,0.8833913425499086,1.0,0.849581293831798
65,16,1000,-0.6232592566216775,-0.6570319950958784,-28.166677267992867,0.22799304898368133,-0.4952012896537781,0.054187303462227124,44.192553449856305,1.3658077221660498,0.20546500610681093
66,16,100000,-0.6232592566216775,-0.16798254988781514,-2.591517354886205,-0.933697355293495,-0.5873560905456543,0.7304772482668771,3.1580086093438853,0.498088227930252,0.0576055079721289
67,16,10000000,-0.6232592566216775,-0.623709356181466,-3.128142822473461,-0.755761513396868,-0.5873560905456543,0.0007221706777821486,4.019007402199346,0.21259573021571715,0.0576055079721289
68,17,10,0.6511416235059146,1.3474410223214575,1.1112880571363999,0.0,1.4253963232040405,1.0693516950528934,0.7066764234068436,1.0,1.1890726560058296
69,17,1000,0.6511416235059146,0.6559088489833891,0.7637724518908164,0.620598680716532,0.9322699904441833,0.007321334261825349,0.17297439499946007,0.04690675835608779,0.43174688391843385
70,17,100000,0.6511416235059146,0.647142716252619,0.7225280786235928,0.0,1.0833957195281982,0.006141378632446362,0.10963276273649203,1.0,0.6638403696186951
71,17,10000000,0.6511416235059146,0.6518735754318896,0.7298149123360057,2.305153495691183,1.0833957195281982,0.0011241055702044566,0.12082362114480373,2.5401722336219903,0.6638403696186951
72,18,10,-0.656953205636707,-0.6270756810464184,5.432454959602668,0.0,-0.3487013578414917,0.04547892351226422,9.269165768568909,1.0,0.4692143141252553
73,18,1000,-0.656953205636707,-0.822186458407153,-0.7326238066253681,0.0,-0.6978251934051514,0.2515144935023263,0.11518415670918679,1.0,0.062214458225882285
74,18,100000,-0.656953205636707,0.7235418594924351,-0.6654535395506922,-0.6494144476252327,-0.7611078023910522,2.101359812669141,0.01293902494279912,0.011475334843929826,0.15854188070122974
75,18,10000000,-0.656953205636707,-0.6598739174519113,-0.6532077298953092,-0.6534273840064915,-0.7611078023910522,0.004445844529175495,0.005701282388549705,0.0053669296381594934,0.15854188070122974
76,19,10,-0.5726071646461707,-0.46893153533861415,-3.5582374866001247,0.35197105922100574,0.20778879523277283,0.18105891038164093,5.214098785855841,1.6146815495026126,1.3628819338318463
77,19,1000,-0.5726071646461707,-0.4497558195132779,-3.208468627680866,0.0,-0.5533797144889832,0.21454734190901348,4.603263154528401,1.0,0.033578780260405366
78,19,100000,-0.5726071646461707,-0.5679292033618005,-3.1752014469485847,-0.9947889880892362,-0.5248578786849976,0.00816958217290345,4.54516541704578,0.7372974868450048,0.08338925690997716
79,19,10000000,-0.5726071646461707,-0.5758522896756572,-2.965138937982736,,-0.5248578786849976,0.005667279820872891,4.178312674126205,,0.08338925690997716
80,20,10,-0.6898097522700012,-0.11915529874299152,99.32722133654057,0.0,0.003349781036376953,0.827263534110848,144.99219641310972,1.0,1.0048560940539817
81,20,1000,-0.6898097522700012,-1.1497630158899934,9.935121827904222,0.0,-0.6220875382423401,0.6667827790291374,15.402698418237899,1.0,0.0981752052718931
82,20,100000,-0.6898097522700012,-0.5416619252777319,-13.231471760656092,-0.4677502663686204,-0.5361979007720947,0.21476621127020848,18.181334733402128,0.321914100475726,0.222687271370702
83,20,10000000,-0.6898097522700012,-0.7041771479027601,-12.828673458279313,-1.39475251426818,-0.5361979007720947,0.02082805525071108,17.597408076738805,1.0219379469170717,0.222687271370702
84,21,10,0.6997907888419928,0.7797048759127483,0.7839634371790126,0.0,0.662282407283783,0.11419711197256056,0.12028258970985883,1.0,0.05359942165040256
85,21,1000,0.6997907888419928,0.7495455087591874,0.7873963318436317,0.0,0.7907302975654602,0.07109942101342638,0.12518819109723886,1.0,0.1299524231720073
86,21,100000,0.6997907888419928,0.7000190842217053,0.6937797286893986,0.6996014488568684,0.7633724212646484,0.00032623375922161715,0.008589796048246308,0.00027056655809616983,0.09085805848898065
87,21,10000000,0.6997907888419928,0.6996493372173673,0.6901547367096482,0.7009725082660562,0.7633724212646484,0.00020213416192501536,0.013769904214215478,0.0016886753053993741,0.09085805848898065
88,22,10,-0.5001063117312737,0.8438020149284915,0.6644567218289641,0.2521960598752381,-3.678279399871826,2.6872452819229737,2.328630945545839,1.5042848969495763,6.354994955249248
89,22,1000,-0.5001063117312737,-0.6228254539184989,-0.694204759263802,0.0,-0.47552716732025146,0.2453861095301809,0.38811437284323813,1.0,0.049147838838374
90,22,100000,-0.5001063117312737,-0.5150391556830767,-0.4838624445998956,0.0,-0.508586585521698,0.029859339107535462,0.032480828076624245,1.0,0.01695694213709712
91,22,10000000,-0.5001063117312737,-0.5006597604443233,-0.4694689196084316,-0.77901919348319,-0.508586585521698,0.001106662123766415,0.06126175855845777,0.5577071818717355,0.01695694213709712
92,23,10,-0.6579763927696182,0.9887601648685025,-0.7988771325202669,0.0,-0.6323016881942749,2.5027289363779714,0.2141425456885401,1.0,0.039020707820945986
93,23,1000,-0.6579763927696182,-0.7379418581684635,-0.7604623522568607,0.0,-0.8778188824653625,0.12153242316528545,0.15575932603880913,1.0,0.3341191144721196
94,23,100000,-0.6579763927696182,-0.6899543413547509,-0.6879227891798594,-0.6668261066756448,-0.8575985431671143,0.04860044970690819,0.04551287362178442,0.013449895776314327,0.3033880129912065
95,23,10000000,-0.6579763927696182,-0.6587659009530378,-0.6909735807068436,-0.6618424602023592,-0.8575985431671143,0.0011999035103620248,0.050149501258442454,0.005875693224292677,0.3033880129912065
96,24,10,0.8823642101688611,1.1240506480618646,3.6713156821833843,3.1271493969617477,4.846185207366943,0.27390779805852633,3.1607713004143627,2.544057386873493,4.492273090314386
97,24,1000,0.8823642101688611,0.914314597591137,0.9221092519459335,0.9178081118816488,1.081364631652832,0.03620997662196815,0.04504380540260834,0.04016924225202271,0.22553093064131363
98,24,100000,0.8823642101688611,0.8850299113837732,0.8926313929320837,0.0,0.92920982837677,0.0030210894596483105,0.011635991855628093,1.0,0.05309102258232332
99,24,10000000,0.8823642101688611,-0.21277572799797287,0.904167109280028,0.8806297342661173,0.92920982837677,1.2411427453038393,0.024709636746252824,0.001965714251274821,0.05309102258232332
100,25,10,-0.8628513867747024,0.7681778716158257,-1.0282831142175148,0.0,-0.16686443984508514,1.8902783067745168,0.19172679093811087,1.0,0.8066127697043908
101,25,1000,-0.8628513867747024,-1.0097133949566965,-0.6185599155338404,-4.487659741778328,-0.931060254573822,0.17020544955135014,0.28312114343816724,4.200964859722817,0.07905053969268233
102,25,100000,-0.8628513867747024,-0.8520370706162881,-0.8422475476473353,-1.208596178738175,-0.8638147115707397,0.012533231474353573,0.023878780799534028,0.40070027963430666,0.0011164434696433615
103,25,10000000,-0.8628513867747024,-0.8644799149897019,-0.8482742613368959,-1.1978617014474784,-0.8638147115707397,0.001887379727216806,0.016894132247147614,0.3882595772662876,0.0011164434696433615
104,26,10,-0.842845796005405,-0.21180833223999077,-6.949241142650635,0.0,-0.9862900972366333,0.7486985955867158,7.2449733694893705,1.0,0.17019044516929457
105,26,1000,-0.842845796005405,-1.0119868556709948,-0.7401848033611051,0.0,-0.7830794453620911,0.20067853510952924,0.12180281746774176,1.0,0.07091018419569914
106,26,100000,-0.842845796005405,-0.8450985972720081,-0.8289872997086499,-0.47647469842141266,-0.8203884363174438,0.0026728510449717576,0.016442505096942065,0.4346834252723055,0.026644683754010356
107,26,10000000,-0.842845796005405,-0.842197883038944,-0.8199009914047111,-0.8408821442284918,-0.8203884363174438,0.0007687206479900204,0.02722301601246497,0.00232978770994613,0.026644683754010356
108,27,10,-0.5679248606262883,-0.5709082127537668,-0.8285661229444007,0.0,-0.5483315587043762,0.0052530754230207975,0.4589361734062601,1.0,0.03449981376111142
109,27,1000,-0.5679248606262883,-0.6829592611775713,-0.6460630519109112,-0.6829592611775713,-0.5722821950912476,0.20255214822683928,0.13758543902877343,0.20255214822683928,0.007672378455407124
110,27,100000,-0.5679248606262883,-0.5522007164269486,-0.5834093110800747,-1.266652484041995,-0.5435752272605896,0.02768701511323119,0.027264963250086635,1.230317022299699,0.04287474462527803
111,27,10000000,-0.5679248606262883,-0.5700245719112623,-0.5833614317914344,-1.4376801996065347,-0.5435752272605896,0.0036971638865368603,0.027180657575234766,1.5314619930902649,0.04287474462527803
112,28,10,0.5646464601477078,2.4631684367385227,0.6949967920140477,0.0,0.9481878280639648,3.3623198064398987,0.2308530046079473,1.0,0.6792593153172786
113,28,1000,0.5646464601477078,0.5302066146578484,0.6362865248006904,0.08078766934989194,0.41149941086769104,0.06099364455565739,0.12687596524423794,0.8569234467019267,0.2712264400629635
114,28,100000,0.5646464601477078,0.5546119475035942,0.575763675820919,-0.6564325793344707,0.3849291205406189,0.017771319493420056,0.019688807878655668,2.162555024541821,0.31828294745720365
115,28,10000000,0.5646464601477078,0.5655864614777578,0.5500415938789625,-0.5836370028038671,0.3849291205406189,0.0016647608661251728,0.025865505762534696,2.033632625007853,0.31828294745720365
116,29,10,0.6256854409252208,2.2090330962900673,0.7729813476695786,1.2862379278198315,1.3349491357803345,2.53058094659115,0.23541526957467104,1.0557261583677429,1.133578709784749
117,29,1000,0.6256854409252208,-0.8813585845172996,-4.971324075069384,0.0,0.8406649827957153,2.408628884210582,8.945404751176772,1.0,0.34359044946386713
118,29,100000,0.6256854409252208,0.7251680147411559,-24.654868040554163,0.0,0.7258768081665039,0.1589977444078402,40.40457365301042,1.0,0.16013057151070503
119,29,10000000,0.6256854409252208,-0.5502359894116452,-26.176440444901058,-0.6584643483031508,0.7258768081665039,1.8794131258640026,42.83642247803166,2.0523887967242116,0.16013057151070503
120,30,10,-0.5240246660679172,0.06831737083655721,1.9027120836992517,0.0,-0.715953528881073,1.1303705250159022,4.630959011865764,1.0,0.36625921495893954
121,30,1000,-0.5240246660679172,-0.5340685080494533,-0.5472329328458293,-0.439619641512073,-0.3231087923049927,0.01916673514035372,0.04428850067699704,0.16107070911220184,0.3834091919193828
122,30,100000,-0.5240246660679172,-0.2734341477774456,-0.5533094798003135,-0.5091423281393421,-0.3520030975341797,0.4782036696303019,0.05588441848002784,0.028400071394055752,0.3282699835954713
123,30,10000000,-0.5240246660679172,-0.5297547131753275,-0.5328231972376936,0.0,-0.3520030975341797,0.010934689678648954,0.016790299654780006,1.0,0.3282699835954713
124,31,10,-0.7076844809759584,-0.5489716315437044,-0.07292494861630741,-0.8191778407429031,-0.9811463952064514,0.22427063712542508,0.8969527373049957,0.1575467072743855,0.38641784804064844
125,31,1000,-0.7076844809759584,-0.2568972664575432,-1.8894886385451184,-0.07744400706930227,-0.6643077731132507,0.6369889783321806,1.669959126331765,0.8905670406075595,0.061293852032599884
126,31,100000,-0.7076844809759584,-0.09331287264539774,-1.2070921435580042,0.0,-0.6653016805648804,0.8681433956037707,0.7056925452050599,1.0,0.059889402057578596
127,31,10000000,-0.7076844809759584,-0.11544671235198516,-1.168725770126327,-2.2207150386418073,-0.6653016805648804,0.836866971856195,0.6514785918642056,2.138001607127584,0.059889402057578596
128,32,10,0.6459952407072737,0.0373086796857363,6.96239464349377,-0.3142790283214989,-0.07891939580440521,0.9422462003823922,9.777780089944518,1.486503628072256,1.1221671474204664
129,32,1000,0.6459952407072737,-0.18497021370969008,-0.6501839173273207,-1.0382920004550753,0.03978323936462402,1.2863337096836407,2.0064840673059154,2.6072749999184084,0.9384155844227784
130,32,100000,0.6459952407072737,0.6335811112270161,-0.4578572239514194,-0.917680922495737,0.0716814249753952,0.0192170602784408,1.7087625343030861,2.420569169350235,0.8890372243347889
131,32,10000000,0.6459952407072737,-0.18519115315224388,-0.4771575168088044,0.0,0.0716814249753952,1.286675723724351,1.7386393687457886,1.0,0.8890372243347889
132,33,10,-0.6454105480053767,-0.29727344804887834,2.71569620555786,-1.1620660248520902,-0.09707039594650269,0.5394041064751829,5.207703474866724,0.8005067138171554,0.8495989936227475
133,33,1000,-0.6454105480053767,0.2590043586897191,0.23341782816489615,0.0,-0.2477872669696808,1.4013017132895718,1.3616579073370703,1.0,0.6160780642097338
134,33,100000,-0.6454105480053767,0.27719309924641244,-0.5332215597535469,-0.7991824016680944,-0.2535293400287628,1.4294833731848202,0.17382577430528012,0.23825432376019476,0.6071812882322916
135,33,10000000,-0.6454105480053767,-0.6452146082362837,-0.5125765045945908,,-0.2535293400287628,0.0003035893505280952,0.20581325145878973,,0.6071812882322916
136,34,10,-0.6582717363187927,-0.6367797273673659,4.888476635823795,0.0,-0.05566031113266945,0.03264914436645123,8.426228966112511,1.0,0.915444780534047
137,34,1000,-0.6582717363187927,0.43267470534476143,-0.9826648600329666,0.0,-0.9806195497512817,1.6572888998157178,0.492795157100706,1.0,0.4896880659575822
138,34,100000,-0.6582717363187927,0.35825415052554554,-0.8069016502309765,-2.381145417891317,-0.8484067320823669,1.5442344411275886,0.2257880837226228,2.6172681987035196,0.28883967710181974
139,34,10000000,-0.6582717363187927,-0.6173666692428049,-0.8117203350447223,-0.7910779350560337,-0.8484067320823669,0.062140093245896144,0.23310828987440596,0.20174981152908672,0.28883967710181974
140,35,10,0.6373485989045681,0.23187671123810258,0.6174920961285425,,-0.2516641914844513,0.6361854224883577,0.03115485436094721,,1.3948611355182938
141,35,1000,0.6373485989045681,-0.3375211025013168,0.24222753389128107,0.0,0.058690231293439865,1.529570635412748,0.6199449809608032,1.0,0.9079150226511634
142,35,100000,0.6373485989045681,-0.3002714219642739,0.2867292158209308,,0.21150703728199005,1.4711258838261514,0.550121838639417,,0.6681454424697659
143,35,10000000,0.6373485989045681,0.6366160875030333,0.2999030479418675,0.0,0.21150703728199005,0.001149310444541233,0.5294520950429314,1.0,0.6681454424697659
144,36,10,-0.6988864309968924,0.351044195575502,-0.02543722656691118,0.351044195575502,-0.004716649651527405,1.5022907585639804,0.9636032044138738,1.5022907585639804,0.9932511929802392
145,36,1000,-0.6988864309968924,0.8352523380009893,-0.7418384292251887,-1.3995616554561097,-0.6894689202308655,2.195118836131336,0.06145776527243423,1.00255949090294,0.013475023048585702
146,36,100000,-0.6988864309968924,-1.1054543883847094,-0.7313828714041902,-1.1198984932997484,-0.722367525100708,0.5817368020836919,0.04649745504565722,0.6024041155046092,0.03359786806895384
147,36,10000000,-0.6988864309968924,-0.6582512557028813,-0.7307701934616537,-1.3468728459672699,-0.722367525100708,0.05814274464600636,0.04562080625786694,0.9271698322230822,0.03359786806895384
148,37,10,0.7691521463670195,0.48197275827440744,0.6049546415329328,0.48197275827440744,0.9451414942741394,0.3733713667043158,0.2134785758703921,0.3733713667043158,0.22880953883881175
149,37,1000,0.7691521463670195,0.4536638305096637,0.7099150738787607,,0.6731142401695251,0.41017673466494226,0.07701606602550169,,0.12486204017126608
150,37,100000,0.7691521463670195,0.8168197373101261,0.7097808885625022,0.0,0.6983968615531921,0.06197420259211101,0.07719052476801751,1.0,0.09199127266046102
151,37,10000000,0.7691521463670195,0.7760546179707778,0.7021090911809639,0.4637194283499522,0.6983968615531921,0.008974130328259737,0.08716488084018734,0.3971031212221602,0.09199127266046102
152,38,10,-0.6772104824280016,-0.22293052257333368,0.3956769892012242,-1.1131044774765069,-0.8450655341148376,0.6708105849542357,1.5842747557341466,0.6436610276404688,0.24786245346502253
153,38,1000,-0.6772104824280016,-1.564724117113843,-0.7404918795118308,-1.564724117113843,-0.6397256851196289,1.310543261976454,0.0934442078583109,1.310543261976454,0.05535176770149592
154,38,100000,-0.6772104824280016,0.3155752187944055,-0.7610163393474008,-1.7161140489743754,-0.6537902355194092,1.4659928146164751,0.12375156482949012,1.5340925657582771,0.03458340872785059
155,38,10000000,-0.6772104824280016,-0.6875865881964938,-0.7816059172848236,-1.5863855663209279,-0.6537902355194092,0.01532183277980384,0.15415507817087123,1.3425295495032243,0.03458340872785059
156,39,10,0.6423703755748386,0.6441512108072242,-3.058258296570847,-1.1564987972129572,-1.1423070430755615,0.0027722872973274548,5.76089560299866,2.8003613510010332,2.778268560491047
157,39,1000,0.6423703755748386,-0.2848688977532543,0.5060606603372759,0.3991240325849407,0.5385552048683167,1.4434651854832712,0.21219800977836661,0.37866992663262805,0.16161263759030098
158,39,100000,0.6423703755748386,0.65678092241496,0.6709603080187002,0.6220148390682597,0.6763327717781067,0.022433392615943508,0.04450692860528843,0.03168816197098639,0.052870427240478156
159,39,10000000,0.6423703755748386,0.6431064834455014,0.685004257635562,0.6928469639588488,0.6763327717781067,0.0011459243742429498,0.06636962674776475,0.07857863672315248,0.052870427240478156
160,40,10,0.8254504865474945,1.1075902002589308,0.5673486338439552,1.1075902002589308,1.8892970085144043,0.34180089334189595,0.31267999342161484,0.34180089334189595,1.2888071898976323
161,40,1000,0.8254504865474945,1.4830417762813013,2.113135251542261,1.2145628714478007,1.728192925453186,0.7966453475413519,1.5599782009707206,0.471393973644375,1.093636085528856
162,40,100000,0.8254504865474945,-1.0546515397617533,1.9981672475013792,1.4467132340863103,1.6630274057388306,2.277667839500475,1.4206990971182973,0.7526347826594559,1.0146906844704413
163,40,10000000,0.8254504865474945,1.004060868388825,2.0119508489561904,1.4549232662280698,1.6630274057388306,0.21637927986254044,1.437397374821739,0.7625809057468607,1.0146906844704413
164,41,10,0.6583004277891302,1.1279461492474017,0.7262827529122282,0.0,0.9578931927680969,0.7134215650376434,0.10326945305415235,1.0,0.45510036501895396
165,41,1000,0.6583004277891302,0.596439894657839,0.6481590467945185,0.596439894657839,0.6403209567070007,0.09397006369728002,0.015405399368599889,0.09397006369728002,0.02731195412178702
166,41,100000,0.6583004277891302,0.6593904155748477,0.6515040349670302,0.658464878474788,0.6222728490829468,0.0016557604092376495,0.010324150699590666,0.0002498109961891337,0.054728171493341284
167,41,10000000,0.6583004277891302,1.7076951984706716,0.6552971912309165,0.6574282959506637,0.6222728490829468,1.5940970511076265,0.0045621063445150664,0.0013248234417765521,0.054728171493341284
168,42,10,-0.5092249700165663,0.16037885855530623,0.13490021397646915,0.0,-0.1238197311758995,1.3149469645019345,1.2649128026303984,1.0,0.7568467014257542
169,42,1000,-0.5092249700165663,-0.15680085536196375,-1.1861680379520032,0.0,0.1063384935259819,0.6920794057744996,1.3293595322189609,1.0,1.208824193209776
170,42,100000,-0.5092249700165663,-0.4943110847569433,-0.47128973470125224,0.0,0.06476300954818726,0.029287419387815608,0.07449602346499218,1.0,1.127179563771353
171,42,10000000,-0.5092249700165663,-0.5189278482537665,-0.46765268760601475,0.0,0.06476300954818726,0.01905420748885216,0.08163834230124085,1.0,1.127179563771353
172,43,10,-0.666347509155347,-0.5030312074181961,-1.2400714698203175,-0.6382920469204543,-0.656038224697113,0.24509178693286998,0.8609981320290595,0.04210334975282712,0.015471333375736465
173,43,1000,-0.666347509155347,-0.37585886793112133,-0.6579128462234013,-0.6812217820346872,-0.6686357259750366,0.435941662920666,0.012658054267565865,0.0223220957157844,0.0034339691951278035
174,43,100000,-0.666347509155347,-0.6677912272452201,-0.6734115707970239,-0.6677912272452201,-0.6614881753921509,0.0021666143716859224,0.010601167625930111,0.0021666143716859224,0.007292491825107539
175,43,10000000,-0.666347509155347,-0.6678200901538885,-0.669669876948213,-0.6678200901538885,-0.6614881753921509,0.0022099294711976215,0.004985938638950382,0.0022099294711976215,0.007292491825107539
176,44,10,-0.5163942790443444,0.005282703888299275,-1.5609382866579924,-4.061480024790183,0.4081434905529022,1.010229981436037,2.022764484429832,6.865075562623362,1.790371828495516
177,44,1000,-0.5163942790443444,0.25071775707799293,-0.17512041429516778,0.0,-0.5034370422363281,1.4855161399967078,0.6608784771604148,1.0,0.02509175127190676
178,44,100000,-0.5163942790443444,0.15530519235853177,-0.4092122341281822,-0.06862048755866312,-0.5705674886703491,1.3007492504486,0.20755854444111332,0.8671160964725357,0.10490668046566927
179,44,10000000,-0.5163942790443444,0.08267651487544307,-0.39101912034124986,-0.5595088364971822,-0.5705674886703491,1.1601034678936544,0.2427895966142727,0.08349154745212695,0.10490668046566927
180,45,10,-0.502056030302308,0.0899229536912953,0.2106266159052987,0.0,0.42496469616889954,1.1791093986803607,1.4195281068100547,1.0,1.8464487438045736
181,45,1000,-0.502056030302308,-0.3879639287800628,-1.8152562434522201,-0.5640189144668664,0.19137805700302124,0.22724973834802029,2.6156447366226865,0.12341826494395053,1.3811886432033986
182,45,100000,-0.502056030302308,-0.27876841264980734,-2.4857143592826842,-0.479219747302533,0.06839843839406967,0.4447464111088364,3.951069620229312,0.04548552675689293,1.136236663371784
183,45,10000000,-0.502056030302308,-0.5000523308988049,-2.5195240811828956,-1.1325672166383844,0.06839843839406967,0.003990987624024141,4.018412147476427,1.2558582076116491,1.136236663371784
184,46,10,-0.5643067527644875,-0.5216413775131434,-6.0012312338572995,0.0,-0.892093300819397,0.07560670688828419,9.634696828378916,1.0,0.5808658968710068
185,46,1000,-0.5643067527644875,-0.18625957918945688,-12.528002325395466,0.0,-0.6583907604217529,0.6699320391312205,21.200695391330907,1.0,0.1667249367411544
186,46,100000,-0.5643067527644875,-0.37848667188355756,2.966039336322612,-2.2385878268089994,-0.6638399958610535,0.32928913214420036,6.256076277294671,2.966969765721146,0.17638144964411936
187,46,10000000,-0.5643067527644875,-0.6028445153769034,2.857970811054193,-3.2639919996933586,-0.6638399958610535,0.06829222302165078,6.064569575064012,4.784073969881378,0.17638144964411936
188,47,10,0.7787585445450184,1.0829081495049997,1.306247616124936,1.0829081495049997,1.177194595336914,0.39055700523668424,0.6773461110312409,0.39055700523668424,0.5116297645564555
189,47,1000,0.7787585445450184,1.0997039285209966,0.4358826001255977,0.0,0.8194709420204163,0.4121243821003432,0.4402853064292763,1.0,0.05227858847980114
190,47,100000,0.7787585445450184,0.012733109152436988,0.5522396145454389,0.0,0.8556435704231262,0.9836494774386377,0.29087183901387664,1.0,0.0987276819197241
191,47,10000000,0.7787585445450184,0.7849484412287835,0.540339018109958,0.0,0.8556435704231262,0.007948415753667925,0.30615333610799034,1.0,0.0987276819197241
192,48,10,-0.7060052675272084,2.5403573405950786,-1.196543284148757,0.0,-0.5759451389312744,4.598213012620586,0.694807870682982,1.0,0.18421977084033817
193,48,1000,-0.7060052675272084,-0.6803637074549138,-0.6191753863193881,0.0,-0.7335100769996643,0.03631921920654279,0.12298758267334602,1.0,0.038958362971981554
194,48,100000,-0.7060052675272084,-0.0732730935407098,-0.7032757934937164,-1.5737771351615817,-0.6822154521942139,0.8962145228783496,0.003866081683854868,1.2291294520701728,0.033696370873150305
195,48,10000000,-0.7060052675272084,-0.05913099627202391,-0.6987665361420583,-0.4398511372779013,-0.6822154521942139,0.9162456726716347,0.010253084103046168,0.3769860403188137,0.033696370873150305
196,49,10,-0.7457832584147577,-3.3840669764068254,-38.6441170575928,0.0,-1.9080058336257935,3.5376011572048736,50.816820264556505,1.0,1.5583918814180202
197,49,1000,-0.7457832584147577,-0.4721791652729089,-0.6776412851876441,-1.9363128794646236,-1.2453871965408325,0.3668681081999932,0.09136967404170032,1.5963480107886363,0.6699050058968026
198,49,100000,-0.7457832584147577,-0.6280698473523378,-0.714141889297148,-1.9433733875168786,-1.1336766481399536,0.1578386343944383,0.04242703058911091,1.6058152493899196,0.5201154428562863
199,49,10000000,-0.7457832584147577,6.44936237300404,-0.720955158825992,-1.9291551232383506,-1.1336766481399536,9.647770381320775,0.033291307237897014,1.5867503748193232,0.5201154428562863
200,50,10,0.6058634888860209,-0.008134099264304338,-0.2963992097123006,-0.2644874151657676,-0.3608625531196594,1.0134256303829434,1.489217810859141,1.43654621877293,1.5956169330869636
201,50,1000,0.6058634888860209,0.7167951346182168,0.3253885185284489,0.0,0.22647719085216522,0.18309676646163608,0.46293426737642024,1.0,0.6261910562252554
202,50,100000,0.6058634888860209,0.6430675091442352,0.26080538297207184,0.09551661080751508,0.1910960078239441,0.061406605515410585,0.5695311109576761,0.8423463163572739,0.6845890017645636
203,50,10000000,0.6058634888860209,0.6063398289584347,0.26306625926597954,-0.6201494975336512,0.1910960078239441,0.0007862168312694429,0.5657994513753092,2.0235795833709957,0.6845890017645636
204,51,10,0.7924294175513829,-6.7834614371798905,1.125507976784101,-6.7834614371798905,1.9590412378311157,9.560335200756269,0.42032583830864734,9.560335200756269,1.472196506642293
205,51,1000,0.7924294175513829,0.6116097284331469,0.4770789270248161,0.0,0.6276836395263672,0.22818396832991278,0.39795404302506066,1.0,0.20789962408776072
206,51,100000,0.7924294175513829,0.7844836792302774,0.7797248085537732,0.8221341783603363,0.766593873500824,0.010027061268949214,0.016032480264131305,0.037485686612621666,0.03260295930253453
207,51,10000000,0.7924294175513829,-0.13432507764137203,0.7874530445735591,0.6471532517707655,0.766593873500824,1.1695104632238897,0.0062798942941830384,0.18333010178940926,0.03260295930253453
208,52,10,0.6345984782544072,1.1135843700501498,1.6430736353926656,-0.15581192526583054,2.1668601036071777,0.7547857554170176,1.5891547044239303,1.2455283625867226,2.414537188251017
209,52,1000,0.6345984782544072,0.8589253098345472,2.7087156337377745,-0.397073243402323,1.3365488052368164,0.3534941215068728,3.268392891815074,1.6257078404829366,1.1061330132925422
210,52,100000,0.6345984782544072,0.6088633424300638,1.134904488365162,0.6130086670848169,1.3266714811325073,0.040553415594586896,0.7883819883825577,0.03402121484592499,1.0905683303587308
211,52,10000000,0.6345984782544072,0.6328343971680164,0.9931877962830471,0.6307110684315314,1.3266714811325073,0.002779838191927717,0.5650648879824186,0.006125778671214193,1.0905683303587308
212,53,10,-0.6986293871770899,-0.20453212569517668,-0.7468898233796945,0.0,-3.0304973125457764,0.7072380156786455,0.06907873772331226,1.0,3.337775318600505
213,53,1000,-0.6986293871770899,0.014184311761950584,-0.6349750468329546,0.0,-0.5299074649810791,1.0203030562731754,0.09111317318233578,1.0,0.24150418704508753
214,53,100000,-0.6986293871770899,-0.6821097199440719,-0.6307102528864142,-0.6434915795588299,-0.5801551342010498,0.02364582357431033,0.0972176887163485,0.07892282894232676,0.16958097547936243
215,53,10000000,-0.6986293871770899,0.18861587912135494,-0.6332042565211243,-0.8544281560572765,-0.5801551342010498,1.2699798814411227,0.09364783654510295,0.22300632028909265,0.16958097547936243
216,54,10,-0.7782495438961907,-0.11086851835063155,28.20469158138051,0.0,-0.19973264634609222,0.8575411714402238,37.24119256167875,1.0,0.7433565520049515
217,54,1000,-0.7782495438961907,4.309069472624301,-0.709413243471685,-0.683077139761765,-0.7856700420379639,6.536873752667537,0.08845016481460048,0.1222903436061899,0.009534857039071972
218,54,100000,-0.7782495438961907,-0.6808593749200085,-0.7207332634024322,-0.8006678063895445,-0.833786129951477,0.1251400270517511,0.07390467613487038,0.028806007879066745,0.07136089765918867
219,54,10000000,-0.7782495438961907,-0.7778526072746745,-0.7226132086096684,-0.7932502679569453,-0.833786129951477,0.0005100377181449821,0.07148906892766978,0.019274953873606778,0.07136089765918867
220,55,10,0.799321156344071,-1.6814223803517638,1.649538265083995,-1.6814223803517638,1.4911197423934937,3.1035629634053987,1.0636739713341763,3.1035629634053987,0.8654826418126674
221,55,1000,0.799321156344071,0.5443553004873186,0.7959062179943692,1.1497160618322313,0.7928162813186646,0.31897799005210026,0.004272298215301801,0.4383656090010102,0.008137999318269478
222,55,100000,0.799321156344071,0.8015266408631554,0.8073462847446428,0.0,0.8324600458145142,0.002759196978060546,0.010039929929137697,1.0,0.04145879188537132
223,55,10000000,0.799321156344071,0.7998553419282723,0.804477041693271,1.0834618917363799,0.8324600458145142,0.0006682990684803444,0.006450330143620912,0.3554775613495702,0.04145879188537132
224,56,10,-0.656692376377837,-0.8509432518690311,-0.8434718776987874,-1.5373938921803345,-0.8632943034172058,0.2958019347851074,0.28442465306386366,1.3411173138026105,0.31460990635971325
225,56,1000,-0.656692376377837,-0.010757315288312369,-0.7019260634097033,-0.9898722705043772,-0.6899661421775818,0.98361894294,0.06888109053643185,0.507360685324662,0.05066872556565256
226,56,100000,-0.656692376377837,-0.028317108904579325,-0.6715288484487433,-1.1020077243833142,-0.6352499723434448,0.956879187389429,0.022592727743758607,0.6781186504124406,0.03265212876790722
227,56,10000000,-0.656692376377837,0.0077080592094387074,-0.6709115333659806,-1.372786883551226,-0.6352499723434448,1.0117377016799778,0.021652690817842695,1.0904565561171893,0.03265212876790722
228,57,10,0.6769022082119788,1.8320866448550177,2.8896380230981826,0.0,1.8589786291122437,1.706575074846382,3.2689150486465293,1.0,1.746303094538119
229,57,1000,0.6769022082119788,-1.5473875490509927,0.9426297796014353,0.689155488566021,1.2928626537322998,3.2859838988239978,0.3925641963724268,0.01810199494903263,0.9099696204971262
230,57,100000,0.6769022082119788,0.6221900374015021,0.8096609396902905,0.7178193109655586,1.1438095569610596,0.08082728959475187,0.19612689967283575,0.06044758350199715,0.689770757259613
231,57,10000000,0.6769022082119788,0.20582451295964269,0.8123711646032883,0.7083655822897227,1.1438095569610596,0.6959316863460628,0.20013076445584005,0.046481417398317654,0.689770757259613
232,58,10,0.7940040884874917,-0.41036966499174704,3.0876947717184717,-0.4298542819857509,0.5550575256347656,1.5168357077020413,2.888764323116094,1.5413754012332426,0.30093870587983795
233,58,1000,0.7940040884874917,0.7628449808305289,0.9560972899265716,,0.5960502624511719,0.039243006564762414,0.20414655766805087,,0.24931083971293466
234,58,100000,0.7940040884874917,0.3130048838632192,0.8051167029375619,0.0,0.6675058603286743,0.605789329801228,0.013995664016338664,1.0,0.15931684734745566
235,58,10000000,0.7940040884874917,-0.09829291304613685,0.7942032199138248,0.8201113111296838,0.6675058603286743,1.1237939633703602,0.0002507939558755005,0.03288046374159621,0.15931684734745566
236,59,10,-0.7394569465102165,-1.6889843883868252,-0.6589530527624693,-1.6601299250255162,-0.7231301665306091,1.2840875271478565,0.10886893973702766,1.245066373181443,0.022079419304477158
237,59,1000,-0.7394569465102165,-0.4632900971910804,-42.02493664180995,0.0,-0.8292126059532166,0.37347252010069604,55.8321615479331,1.0,0.12138050750160871
238,59,100000,-0.7394569465102165,-0.18090976016685023,25.909850251568066,0.0,-0.7198534607887268,0.7553478116330729,36.03902475167307,1.0,0.026510651923693687
239,59,10000000,-0.7394569465102165,-0.7267152604217433,-143.325602610192,0.0,-0.7198534607887268,0.017231139890707913,192.82548677999574,1.0,0.026510651923693687
240,60,10,0.632553981650062,0.359546089629564,1.7032392007184283,0.359546089629564,0.9075236320495605,0.4315961956453701,1.6926384943074861,0.4315961956453701,0.4346975252328989
241,60,1000,0.632553981650062,0.570493352131277,0.9046441051850652,0.0,1.0823978185653687,0.09811119891601255,0.4301453021056586,1.0,0.7111548578697694
242,60,100000,0.632553981650062,0.6412812716603417,0.8938899193938118,0.0,1.2229214906692505,0.013796909455085323,0.41314408781687906,1.0,0.9333077115081512
243,60,10000000,0.632553981650062,0.6345418136875077,0.909907891782478,0.0,1.2229214906692505,0.0031425492449834542,0.43846678414531287,1.0,0.9333077115081512
244,61,10,0.8822162321806951,0.6452082602022952,0.7276004104357632,0.0,0.613163948059082,0.2686506587988693,0.17525841863365715,1.0,0.30497317359096826
245,61,1000,0.8822162321806951,-0.07316087805609607,0.7302264740379341,0.0,0.5825825333595276,1.082928510480083,0.1722817520224799,1.0,0.339637481029477
246,61,100000,0.8822162321806951,0.3198798978039995,0.7485475788749536,1.5083265206288585,0.6272765398025513,0.6374132711055334,0.15151461561224547,0.7097016191829985,0.2889764244622595
247,61,10000000,0.8822162321806951,0.33115717289447205,0.7369183072613894,0.0,0.6272765398025513,0.6246303787951109,0.1646964991339514,1.0,0.2889764244622595
248,62,10,0.6540736617081844,-0.09582661271855245,0.8328152055552519,0.17778113301773868,-0.44665539264678955,1.1465073711549412,0.27327433332243434,0.7281940193808693,1.6828824011661019
249,62,1000,0.6540736617081844,0.14639601366532073,6.41476337578528,-0.3397739379654876,0.7153130173683167,0.7761780939428264,8.807402057793352,1.5194735055958852,0.09362761298199816
250,62,100000,0.6540736617081844,0.4681197272392434,-41.99329560877611,0.0,0.7032994031906128,0.2843012115536071,65.20270080759109,1.0,0.07526024110781353
251,62,10000000,0.6540736617081844,0.6782779933703319,-38.81871182376363,0.0,0.7032994031906128,0.03700551341409358,60.34914382943405,1.0,0.07526024110781353
252,63,10,-0.7808540003832559,0.47507220106789316,-3.9644173114266006,,-0.01091063767671585,1.608400803267602,4.077027599885254,,0.9860273012991407
253,63,1000,-0.7808540003832559,0.4672849965005477,-1.565054980857377,0.5797355798463173,-0.0878598541021347,1.5984281264758797,1.0042863071575767,1.7424378687459803,0.8874823538599896
254,63,100000,-0.7808540003832559,0.5737499815307884,-1.8161183417241478,-0.6072483567279555,-0.5619289875030518,1.7347724174419066,1.3258103830328936,0.2223279173444612,0.28036612833225183
255,63,10000000,-0.7808540003832559,-1.137870834071412,-1.802232456816818,-1.1150834510496455,-0.5619289875030518,0.457213299173631,1.308027436540317,0.42803065682233077,0.28036612833225183
256,64,10,-0.6215030205199417,-1.180756212462056,-1.3499774686095405,0.0,-1.3571456670761108,0.8998398615573102,1.1721173092291108,1.0,1.1836509594768176
257,64,1000,-0.6215030205199417,-0.38514324634334285,-0.651556729863728,0.0,-1.1747303009033203,0.3803035003415803,0.048356497638006354,1.0,0.8901441539585047
258,64,100000,-0.6215030205199417,-0.7845479000898494,-0.5987153945184106,-1.5973357379720403,-1.198065996170044,0.26233964146064237,0.03666535036702994,1.570117417346949,0.9276913492194405
259,64,10000000,-0.6215030205199417,-0.6288937231956394,-0.6452787396915246,1.6079018383418744,-1.198065996170044,0.011891660107323013,0.03825519488496206,3.5871183007231786,0.9276913492194405
260,65,10,-0.745204332255088,-1.0809521906849804,-1.1154646850781325,0.0,-1.2820384502410889,0.45054469478709885,0.4968574883382483,1.0,0.7203851276085165
261,65,1000,-0.745204332255088,-0.5737007885179499,-0.614338105970172,0.0,-0.8957278728485107,0.23014297732025443,0.1756111989967869,1.0,0.201989620937815
262,65,100000,-0.745204332255088,-0.9177406468390386,-0.7700806729281677,-0.8698710890556617,-0.857772946357727,0.2315288668033271,0.03338190560138133,0.16729204515399881,0.15105738014430403
263,65,10000000,-0.745204332255088,-0.7460741359738625,-0.74020801200305,-0.7401861794438709,-0.857772946357727,0.001167201640042,0.006704631247806178,0.006733928660923763,0.15105738014430403
264,66,10,0.8564637530864976,0.8450192833731411,-8.720739208510555,-0.1382601044169568,0.36841005086898804,0.013362468256377711,11.182263028742343,1.1614313552893503,0.5698474692696296
265,66,1000,0.8564637530864976,0.8408561781621544,0.8580967831143594,1.0303246223283338,0.8262560367584229,0.01822327549542765,0.0019067123646234836,0.20299851408221511,0.03527027993795779
266,66,100000,0.8564637530864976,0.8796769588121565,0.8562372461333182,0.8256108552302701,0.890198826789856,0.027103547163559283,0.0002644676466027958,0.036023588558232324,0.03938879325807421
267,66,10000000,0.8564637530864976,0.8565749355133624,0.8568621414006564,0.7702264184898572,0.890198826789856,0.00012981568275847395,0.0004651549031971731,0.10068999918077205,0.03938879325807421
268,67,10,0.583779428637786,-0.0905861514710348,0.9485828170066289,0.0,1.2463352680206299,1.1551718800410835,0.6248993549157592,1.0,1.1349420806568637
269,67,1000,0.583779428637786,0.8165088747860669,1.429762072368058,0.0,1.275400996208191,0.3986598957269547,1.4491477469569651,1.0,1.1847309679689504
270,67,100000,0.583779428637786,0.560021394658082,1.3138955398784593,0.0,1.3488574028015137,0.040696935887483965,1.250671187479756,1.0,1.3105600105659614
271,67,10000000,0.583779428637786,0.5841567047676307,1.2849629018599424,0.0,1.3488574028015137,0.0006462648585015732,1.2011102803987557,1.0,1.3105600105659614
272,68,10,0.5791729992133094,0.7149224343522405,0.49393833319099456,0.5805924785695699,-0.2581687569618225,0.2343849511688553,0.14716615957250961,0.0024508728103493946,1.44575413099798
273,68,1000,0.5791729992133094,0.13611537436235407,-0.016213003879049587,0.13611537436235407,0.5779384970664978,0.7649832182314446,1.0279933696858654,0.7649832182314446,0.0021314911925943863
274,68,100000,0.5791729992133094,-1.361723168453072,0.2268578070892035,0.0,0.6550710201263428,3.351150986497472,0.6083073496220569,1.0,0.13104550974600956
275,68,10000000,0.5791729992133094,-0.30391735724137875,0.2447584071041491,0.6542958892628388,0.6550710201263428,1.5247436563068195,0.5774001767406209,0.12970716893150877,0.13104550974600956
276,69,10,0.8235266371217553,0.29369985287626077,0.9694168658154299,0.29369985287626077,0.90927654504776,0.6433632627807297,0.17715301742219808,0.6433632627807297,0.10412523901558618
277,69,1000,0.8235266371217553,0.8201624525457766,0.8788792631040224,-0.11477465131836107,0.858484148979187,0.004085095034371517,0.06721412943693697,1.1393696890236618,0.04244855027350298
278,69,100000,0.8235266371217553,1.571958505766761,0.9123164880687693,0.8948500927372417,0.8568746447563171,0.9088131881936357,0.10781661083524458,0.08660734504564842,0.04049414570379152
279,69,10000000,0.8235266371217553,0.8248018017851737,0.9051592356009917,0.8267391239670003,0.8568746447563171,0.0015484194511000897,0.09912563212835973,0.003900890026426729,0.04049414570379152
280,70,10,0.6673963401494807,0.2870039124925039,0.5091128745089516,0.2870039124925039,-0.3205750286579132,0.5699648091743776,0.23716561826676696,0.5699648091743776,1.4803368094378704
281,70,1000,0.6673963401494807,0.5685510092747434,0.6911014018233674,0.7987807956260969,0.6244751214981079,0.14810589289806153,0.03551871691201871,0.19686121660060243,0.06431143845014112
282,70,100000,0.6673963401494807,-0.187631718805142,0.6666578866663467,0.5766390149165295,0.6420189142227173,1.2811398677480266,0.0011064691828674904,0.13598714852500354,0.03802452066350778
283,70,10000000,0.6673963401494807,0.6662739835602655,0.6679391935718069,0.6665427363023708,0.6420189142227173,0.001681694252269712,0.0008133898699603264,0.0012790058856461156,0.03802452066350778
284,71,10,-0.7684154493632742,-0.5150978600030337,-1.1848236528080223,-8.08926621075269,-1.9251052141189575,0.32966228043715806,0.5419050382053002,9.527204024145574,1.5052921771863665
285,71,1000,-0.7684154493632742,-0.13387820302084685,-0.6806129768072771,-1.1728471085111636,-0.8200219869613647,0.8257736708290011,0.11426432488929289,0.5263190107421841,0.06715968248797292
286,71,100000,-0.7684154493632742,0.6910819730703809,-0.7313728544920157,-1.7574518115245676,-0.81622713804245,1.8993598106896814,0.04820646813120792,1.287111500661303,0.06222114445876061
287,71,10000000,-0.7684154493632742,-0.7685451567506469,-0.7149037190255091,-1.738217927686636,-0.81622713804245,0.00016879851580314044,0.06963906098205874,1.262080921364818,0.06222114445876061
288,72,10,0.5246947873466213,0.5983429702431712,3.6347812032152174,0.5983429702431712,0.5842540264129639,0.14036385470682547,5.9274200751951165,0.14036385470682547,0.11351216078881453
289,72,1000,0.5246947873466213,0.7371516630981001,0.16307817327250146,0.0,-0.17182141542434692,0.4049151637771589,0.6891942188006348,1.0,1.327469263213471
290,72,100000,0.5246947873466213,0.6082586828655685,0.3678426611621755,-1.0961638530009676,-0.1762494295835495,0.15926191289516964,0.29893974548069396,3.0891456889523567,1.3359084821003118
291,72,10000000,0.5246947873466213,0.5248689034568434,0.3166351375819146,0.0,-0.1762494295835495,0.0003318426529499471,0.39653462314131854,1.0,1.3359084821003118
292,73,10,0.5702004584818271,1.4120973404356305,1.2766296310779897,3.3401853384201874,1.2069194316864014,1.476492818324585,1.2389137225126894,4.857914157616628,1.1166581221275311
293,73,1000,0.5702004584818271,0.2052502598357212,1.1880346546361227,0.2052502598357212,1.1679518222808838,0.6400384166961123,1.0835385818511871,0.6400384166961123,1.048317929085123
294,73,100000,0.5702004584818271,0.5360682312064438,1.0183215287842282,0.0,1.063166618347168,0.05986004880855628,0.7859009294652877,1.0,0.8645488661616926
295,73,10000000,0.5702004584818271,-0.4138658503107194,1.0110198821726488,-0.04439233883819417,1.063166618347168,1.7258251798194753,0.7730955265530904,1.077853916421586,0.8645488661616926
296,74,10,0.8909593546535957,2.467100744527403,1.1277557482049345,0.0,0.7433461546897888,1.769038488278301,0.26577687558306756,1.0,0.16567893831834646
297,74,1000,0.8909593546535957,0.19977232475006176,1.2965814779535942,6.013866083698894,0.9169896245002747,0.7757784081769553,0.45526445306554325,5.749877031188567,0.029216001505253344
298,74,100000,0.8909593546535957,0.21269107672652535,1.2635599672564386,0.0,0.8561998009681702,0.7612785862614132,0.41820158311005085,1.0,0.03901362447554073
299,74,10000000,0.8909593546535957,5.560513774839278,1.2564885536884496,0.054243230834163395,0.8561998009681702,5.241040902478881,0.41026472995165014,0.9391181757609436,0.03901362447554073
300,75,10,0.6866758695988338,0.043161391878919216,2.272706098819443,0.1791611050519401,-0.07596498727798462,0.9371444464705965,2.3097218053507427,0.7390892661531725,1.1106271395882377
301,75,1000,0.6866758695988338,0.9546159403258326,2.0094475555331335,0.0,0.5792593955993652,0.3901987569237484,1.9263407154631524,1.0,0.1564296617299554
302,75,100000,0.6866758695988338,0.7465006792498757,2.3858677567577034,0.5496548617103401,0.6412836313247681,0.08712234155831414,2.4745181276743606,0.1995424827852818,0.06610431541825477
303,75,10000000,0.6866758695988338,0.6895655531484781,2.5806752297155615,0.6262258104788465,0.6412836313247681,0.004208220614090543,2.758214528818714,0.08803288683393384,0.06610431541825477
304,76,10,-0.7165572076668081,-2.3111717797195386,0.3124882582132336,0.0,-1.3512921333312988,2.225383479492136,1.4360967343148092,1.0,0.885811933608567
305,76,1000,-0.7165572076668081,-0.6119558731643266,-0.8063703725522676,0.0,-1.1535511016845703,0.14597764614366981,0.1253398387797974,1.0,0.6098520667186702
306,76,100000,-0.7165572076668081,-0.6969133118597028,-0.8183833135597761,0.0,-1.2039669752120972,0.02741427425043703,0.1421046425930533,1.0,0.6802105433177497
307,76,10000000,-0.7165572076668081,-0.7161807224240752,-0.8036330973693504,-1.718284582428191,-1.2039669752120972,0.0005254084931457262,0.12151980158858681,1.3979726448124377,0.6802105433177497
308,77,10,0.6271846167654612,0.4655381944289855,-0.6609931690557226,0.4655381944289855,0.48636162281036377,0.2577333978153425,2.053905263915145,0.2577333978153425,0.22453196425855404
309,77,1000,0.6271846167654612,0.5809759764758748,0.5149102242593857,0.0704772605570701,0.4810076057910919,0.07367629730444478,0.1790133072540921,0.8876291626530352,0.23306855281023725
310,77,100000,0.6271846167654612,0.6268714071338921,0.5614737942382002,0.6741266949696604,0.46864598989486694,0.0004993898498091474,0.10477110051924934,0.07484571041664018,0.2527782452449413
311,77,10000000,0.6271846167654612,0.6261264515323314,0.5623272327673696,0.6331144241383359,0.46864598989486694,0.001687167071455062,0.10341035520382563,0.009454644157977029,0.2527782452449413
312,78,10,-0.7624697731726706,-0.616273851218005,0.7441664664145525,0.0,-1.0109254121780396,0.1917399575675477,1.9759947116566245,1.0,0.3258563785047294
313,78,1000,-0.7624697731726706,-0.7181555074360164,-0.7648730296600647,0.0,-0.1783582866191864,0.05811937377171107,0.003151936735005215,1.0,0.766078219891879
314,78,100000,-0.7624697731726706,-0.8094802759573015,-1.032833174744649,0.15450982553095538,-0.11864466965198517,0.061655562539899955,0.35458900940687044,1.2026438699176665,0.844394264761081
315,78,10000000,-0.7624697731726706,-0.7655391662213125,-0.9567568871909982,0.1612495271224722,-0.11864466965198517,0.00402559308793313,0.25481287370893435,1.2114831732299443,0.844394264761081
316,79,10,0.7656414635965506,-2.790753119634435,0.7873029060501001,0.5750548398769015,0.43354934453964233,4.644986919236394,0.028291887892011883,0.24892411498246306,0.4337436448346558
317,79,1000,0.7656414635965506,-0.2322275492696649,0.41351345195283934,,0.40008658170700073,1.303311093130708,0.4599124112082606,,0.4774491707546503
318,79,100000,0.7656414635965506,-0.08889188147650094,0.3274057326496634,-0.08889188147650094,0.38013535737991333,1.1161011853497813,0.5723772180366298,1.1161011853497813,0.5035073523914805
319,79,10000000,0.7656414635965506,-0.08470778446141984,0.29129768181661664,0.0,0.38013535737991333,1.1106363598224038,0.619537739703562,1.0,0.5035073523914805
320,80,10,0.8451480061173298,0.6554489134770323,4.2130905517187,-0.7215729215630757,1.3527833223342896,0.22445665287881192,3.9850328241013533,1.8537829070650396,0.6006466471465426
321,80,1000,0.8451480061173298,0.8085904024786288,0.8684365300504321,0.0,0.8088847994804382,0.043255859771413545,0.027555556854581557,1.0,0.04290752196587115
322,80,100000,0.8451480061173298,0.8414022085470833,0.8541209699835163,0.8165285654175413,0.8802347779273987,0.004432120224071726,0.01061703252121359,0.033863229271838734,0.0415155352152578
323,80,10000000,0.8451480061173298,0.8454991504564016,0.8505718353388134,0.8268957408632834,0.8802347779273987,0.00041548265691944094,0.006417608729151612,0.02159653116605994,0.0415155352152578
324,81,10,0.8268015167638386,1.4452695698649696,0.9875970558462297,0.678814169000771,0.8573299646377563,0.7480248167926203,0.1944790083498595,0.17898775554053278,0.03692355088245157
325,81,1000,0.8268015167638386,0.5804164916886898,0.8430337295877594,0.0,0.9138273596763611,0.2979977903759995,0.019632538759066138,1.0,0.10525602716979518
326,81,100000,0.8268015167638386,0.8134912497462455,0.8497138335873001,0.7792683044882409,0.8734009265899658,0.016098503386508572,0.027711991764531332,0.05749047541863029,0.056361059917403984
327,81,10000000,0.8268015167638386,0.8326586276099757,0.8482948223626557,0.0,0.8734009265899658,0.0070840591452495235,0.02599572589433978,1.0,0.056361059917403984
328,82,10,-0.5788278373763002,-1.4504338095846143,2.2747810902448147,-0.9365379391790831,-0.34602534770965576,1.5058121187797622,4.929978731769189,0.6179904951085361,0.4021964298087098
329,82,1000,-0.5788278373763002,-0.48413520490470685,-0.7019282792942667,0.0,-0.7329954504966736,0.1635937775570959,0.21267194486698132,1.0,0.26634450378057395
330,82,100000,-0.5788278373763002,2.0211900339179163,-0.6021225573769193,-0.5859768498512895,-0.7666100263595581,4.491867362633298,0.04024464356484482,0.012350844263804318,0.3244180339260003
331,82,10000000,-0.5788278373763002,0.19186735597339583,-0.592618335245804,-1.7238233480369956,-0.7666100263595581,1.3314756885969556,0.023824869812780813,1.9781279280739317,0.3244180339260003
332,83,10,-0.6691590902682112,-0.7715877292175095,0.017478983800683585,0.0,-0.6642084717750549,0.15307068294961523,1.0261208194805778,1.0,0.007398268311907648
333,83,1000,-0.6691590902682112,-0.6926258593118619,-0.8181338297049268,0.0,-0.7527572512626648,0.03506904319904679,0.22262977758697677,1.0,0.12493017312362287
334,83,100000,-0.6691590902682112,-0.667615707997696,-0.8531947127474512,0.0,-0.6662404537200928,0.002306450428546951,0.27502521471459823,1.0,0.00436164820976813
335,83,10000000,-0.6691590902682112,-0.6692082715249885,-0.8531053003708061,-0.6712525274131838,-0.6662404537200928,7.349710628248079e-05,0.27489159570240007,0.0031284595478385828,0.00436164820976813
336,84,10,-0.7523209247166907,-0.6221407565714479,-1.2557992803395883,-2.1867084401814,-0.623559296131134,0.17303807971879304,0.6692334867762687,1.9066165360279879,0.1711525286021331
337,84,1000,-0.7523209247166907,-0.7559025945696612,-0.7742233977450095,0.0,-0.8129720687866211,0.004760827108882262,0.029113204629482914,1.0,0.08061871214438236
338,84,100000,-0.7523209247166907,-0.7462236518405999,-0.7756824418066607,-1.0332955404057038,-0.7765634059906006,0.00810461689389652,0.031052595139192122,0.3734770713639564,0.032223590328873515
339,84,10000000,-0.7523209247166907,-0.7533759344846128,-0.7781925881434232,-1.957107767533478,-0.7765634059906006,0.0014023400562990615,0.034389131787707874,1.6014267358979635,0.032223590328873515
340,85,10,0.7323702872149267,0.035105228437629005,16.47474248237816,0.035105228437629005,1.3084053993225098,0.9520662852515114,21.495099500866786,0.9520662852515114,0.7865353389719586
341,85,1000,0.7323702872149267,0.847712601124023,0.714094174258988,0.0,1.0771403312683105,0.15749179878353958,0.024954743897980164,1.0,0.4707591911797551
342,85,100000,0.7323702872149267,0.7365837277267051,0.6904728656146704,0.0,1.0375711917877197,0.005753155999544126,0.057207975708005225,1.0,0.4167303205778835
343,85,10000000,0.7323702872149267,0.7324594870714685,0.6935510785970261,0.932821346654104,1.0375711917877197,0.00012179611611631231,0.0530048928739628,0.2737017912092759,0.4167303205778835
344,86,10,0.7950529542247704,1.9971162457197225,7.842845780765493,0.0,1.441864252090454,1.5119285892938337,8.86455774938009,1.0,0.8135449273267185
345,86,1000,0.7950529542247704,0.5300510288217049,0.973272769869043,1.985073768248928,0.9585336446762085,0.33331355351224384,0.22416093757937014,1.496781827802284,0.2056223922981868
346,86,100000,0.7950529542247704,0.7914996723262159,0.8941538208149541,2.1385818024253576,0.8974465131759644,0.004469239287361953,0.12464687548619152,1.6898608338744143,0.12878835102378117
347,86,10000000,0.7950529542247704,0.7952557953681908,0.907258270710031,2.364669264466722,0.8974465131759644,0.0002551290984361909,0.14112936237645732,1.9742286371005715,0.12878835102378117
348,87,10,-0.5875021310515688,-0.6331860028333093,-7.300209687112728,-1.883633460926604,-0.5638102889060974,0.07775949969742413,11.425843756593869,2.206172984521933,0.04032639354527174
349,87,1000,-0.5875021310515688,-0.5940657141220679,-0.46274675535609244,0.0,-0.6257210969924927,0.011172015765714666,0.21234880539441953,1.0,0.06505332307904287
350,87,100000,-0.5875021310515688,-0.628112652031181,-0.4723577826903083,-0.9282954014231722,-0.5743533372879028,0.06912404029398767,0.19598966927177583,0.580071547590165,0.02238084437265097
351,87,10000000,-0.5875021310515688,-0.5893482707600635,-0.48493462898840817,0.0,-0.5743533372879028,0.003142354062938078,0.17458234896880334,1.0,0.02238084437265097
352,88,10,-0.7291224363854145,-1.9544583074606856,-25.197691049309817,0.0,-0.8350886106491089,1.6805625638813257,33.55892973781746,1.0,0.1453338547487525
353,88,1000,-0.7291224363854145,0.22220541406179534,-5.285171290472352,0.0,-0.7958009839057922,1.3047573397458,6.248674607619135,1.0,0.09145041243132368
354,88,100000,-0.7291224363854145,-0.7191008114536749,-9.889708070010276,-0.6424068835851324,-0.7026190161705017,0.013744776503410465,12.563850975479474,0.11893140091830091,0.03634975265101167
355,88,10000000,-0.7291224363854145,-0.7148070279908993,-10.949967305709466,-0.6927626609794333,-0.7026190161705017,0.019633751041159896,14.01800899173168,0.04986785976060876,0.03634975265101167
356,89,10,0.6972339693403234,0.7233169167463557,-2.7667468800275445,0.7037019102442628,0.6556037068367004,0.03740917475766447,4.9681756794570076,0.009276571693801515,0.05970773704988987
357,89,1000,0.6972339693403234,0.6989791877082324,0.7021512225771733,0.6482845376786068,0.593133270740509,0.002503059868927763,0.0070525153005701405,0.07020517331940858,0.14930525932106778
358,89,100000,0.6972339693403234,0.6937111159358023,0.6942343591173623,-0.694647995122639,0.6584256291389465,0.00505261298134151,0.004302157317147309,1.9962910954838717,0.05566042663999115
359,89,10000000,0.6972339693403234,0.6969658705965461,0.6971242547863732,-0.6792227264990858,0.6584256291389465,0.0003845176161324572,0.00015735686838961986,1.9741675769781002,0.05566042663999115
360,90,10,-0.7133480541692642,-0.8209912196663577,-0.704493873839892,-0.9072021750105669,-0.8715760111808777,0.15089851982907604,0.012412146185333532,0.2717525052578397,0.22181031557712635
361,90,1000,-0.7133480541692642,-0.6902168407212007,-0.7395051581199644,0.0,-0.7644383907318115,0.03242626556961892,0.03666808060640432,1.0,0.07162048913422082
362,90,100000,-0.7133480541692642,1.4045208012971893,-0.7248807431705829,-0.7328183460665313,-0.7336792945861816,2.9689137624870043,0.016166987396845512,0.027294238462515222,0.02850115073292574
363,90,10000000,-0.7133480541692642,-0.7158048848831876,-0.716751792935824,-0.7124553673789532,-0.7336792945861816,0.0034440841319523406,0.004771497933815373,0.0012514042550386508,0.02850115073292574
364,91,10,-0.7420594503557629,-1.1483815475514785,-28.383085250117517,0.0,-1.1504075527191162,0.5475600330956152,37.24907187221982,1.0,0.5502902795289251
365,91,1000,-0.7420594503557629,0.7220760118356395,-1.0104899923699884,-1.34885586897764,-1.3545037508010864,1.9730702998115006,0.3617372461000702,0.8177194136277933,0.8253305043843879
366,91,100000,-0.7420594503557629,0.06915614820125328,-1.1611885301616982,0.0,-1.4079333543777466,1.093194889126603,0.5648187346781901,1.0,0.8973322874639573
367,91,10000000,-0.7420594503557629,-0.2603309675898995,-1.1618999267162748,-1.5304495801248486,-1.4079333543777466,0.6491777478676541,0.5657774133315454,1.0624352663268564,0.8973322874639573
368,92,10,-0.7149938783528129,-0.03657533516399647,0.2239452365744124,0.0,-0.15944980084896088,0.9488452471114047,1.3132128027310281,1.0,0.7769913761831111
369,92,1000,-0.7149938783528129,-0.6230788740013311,-0.6291208081178671,-0.5481746810179426,-0.6275438070297241,0.12855355428109896,0.12010322442589064,0.23331556029428482,0.12230883923727338
370,92,100000,-0.7149938783528129,0.1394996764030766,-0.5563390682391591,0.0,-0.5632877349853516,1.1951061129704394,0.22189673914294095,1.0,0.21217824090600412
371,92,10000000,-0.7149938783528129,-0.07224214195652456,-0.5644765517659437,0.0,-0.5632877349853516,0.8989611741530509,0.2105155458584173,1.0,0.21217824090600412
372,93,10,-0.542351968887503,-0.21871456391956173,0.4310845255637678,-0.33448420146821367,-0.30764228105545044,0.5967294737249705,1.794842741048821,0.38327097409764577,0.43276267312811595
373,93,1000,-0.542351968887503,-0.08450253637015562,-0.5352155336519847,-0.5229393551573327,-0.49905502796173096,0.8441924410388129,0.013158309815223689,0.035793386663627996,0.07983181293613578
374,93,100000,-0.542351968887503,-0.5432210258774155,-0.5498001560981113,-0.5426997406883578,-0.4833839535713196,0.001602385608915763,0.01373312468264162,0.0006412289819250281,0.10872647044527435
375,93,10000000,-0.542351968887503,-0.36669392319994537,-0.5441785367485141,-0.5424098873677422,-0.4833839535713196,0.32388200977287024,0.0033678643497097203,0.00010679131553256258,0.10872647044527435
376,94,10,-0.8563265577695816,-0.7090696901573147,0.09027363014070794,0.0,-0.9284772872924805,0.171963448145083,1.105419631473112,1.0,0.08425609233798056
377,94,1000,-0.8563265577695816,-0.9783252494185825,-0.6288454536899423,0.0,-1.119037389755249,0.14246748572969992,0.26564761073409265,1.0,0.3067881401108631
378,94,100000,-0.8563265577695816,-0.8769841575181532,-0.820583276461234,-2.569523403285451,-1.0358202457427979,0.024123507044295268,0.04174024615264275,2.0006349563396966,0.20960892354049127
379,94,10000000,-0.8563265577695816,-0.8577616099430955,-0.8169157520181017,-2.373907855648326,-1.0358202457427979,0.0016758235050559512,0.046023103445641804,1.772199266867876,0.20960892354049127
380,95,10,-0.8604144823118661,-1.2618545743622738,-1.2361866262011414,0.0,-1.3083405494689941,0.46656594037302773,0.4367338667750048,1.0,0.5205933609503943
381,95,1000,-0.8604144823118661,-0.7180000507724692,-0.9460112083062421,0.0,-1.1320863962173462,0.16551840359165101,0.09948313022856645,1.0,0.31574539886348607
382,95,100000,-0.8604144823118661,-0.8951547671804025,-0.8514785996393739,0.0,-1.1966670751571655,0.040376220510831014,0.010385555864287896,1.0,0.3908030370918619
383,95,10000000,-0.8604144823118661,-0.8633084984933874,-0.8332408608821213,-1.7476633690490444,-1.1966670751571655,0.0033635140284311617,0.031582013074363174,1.0311877647075514,0.3908030370918619
384,96,10,-0.8206226672380201,3.962891576605788,-1.7895874319041005,0.0,-0.12608417868614197,5.829127606167328,1.1807677308346076,1.0,0.8463554764938372
385,96,1000,-0.8206226672380201,-1.939429985994939,-17.54288298319303,0.0,-1.1830543279647827,1.36336389844373,20.37752670449298,1.0,0.4416544597124075
386,96,100000,-0.8206226672380201,-0.734149055644064,0.5519310869044937,0.0,-1.1366255283355713,0.10537560689738376,1.6725759705884495,1.0,0.3850769345198883
387,96,10000000,-0.8206226672380201,-0.7943528973022633,-0.13191057706882778,-1.0978023962738477,-1.1366255283355713,0.03201199648088359,0.8392555039787033,0.33776757589299206,0.3850769345198883
388,97,10,-0.5929953673523434,-1.6083559058392272,1.4702461427515021,-3.2246476566277287,-1.2936052083969116,1.7122571176573482,3.4793551917884002,4.437896877719994,1.1814760782579319
389,97,1000,-0.5929953673523434,-0.5766917449918966,-0.32001652728160096,0.0,-0.5076864361763,0.0274936757655302,0.46033890836207,1.0,0.14386104154057386
390,97,100000,-0.5929953673523434,-0.5997843241210427,-0.42714477103662896,-1.6485931163007517,-0.5662199854850769,0.01144858314662929,0.27968278581368755,1.780111291023287,0.04515276735940702
391,97,10000000,-0.5929953673523434,-0.5917664422598953,-0.4177232187470079,-3.6686954557448193,-0.5662199854850769,0.0020724025179743085,0.2955708564603221,5.186718577794504,0.04515276735940702
392,98,10,-0.82699339222606,-0.7028027347203785,1.761575298357333,-0.7742062626495201,-1.0023133754730225,0.1501712815037026,3.1300959776904764,0.06383017092125752,0.21199683684901607
393,98,1000,-0.82699339222606,-0.7880177651768386,-0.9704513810334928,0.0,-1.0477954149246216,0.0471293089105691,0.1734693289643822,1.0,0.2669936964117906
394,98,100000,-0.82699339222606,-0.8288361368074308,-0.9590652969568926,0.0,-1.031983494758606,0.002228245834480712,0.15970128174220097,1.0,0.24787393038384944
395,98,10000000,-0.82699339222606,-0.8260569296954877,-0.9535056096518668,-1.1336132161249484,-1.031983494758606,0.0011323700278325216,0.15297851060849157,0.3707645390896585,0.24787393038384944
396,99,10,0.7773905569711579,0.33735319905655886,0.37144984946650783,-3.823466490934204,0.5818997025489807,0.5660441253995383,0.5221837387455054,5.918334107158519,0.2514705802239763
397,99,1000,0.7773905569711579,0.46282785557659506,1.262123096952284,0.3795436332758893,0.7952598333358765,0.40463921072073616,0.6235379831081617,0.5117722618671185,0.022986227713313413
398,99,100000,0.7773905569711579,0.7010995017105734,1.0154983833939977,-0.47474784048650787,0.7292007207870483,0.09813735782671068,0.3062911226379534,1.6106941179427288,0.06198922247250483
399,99,10000000,0.7773905569711579,0.7802902634096957,1.0124950264699957,-0.48528311887956205,0.7292007207870483,0.003730051018159391,0.3024277403302192,1.6242462228642258,0.06198922247250483
