,Seed,Sample Size,True Effect,Cumulant Estimate,Cumulant Minimization Estimate,Cross Moment Estimate,Relvlingam Estimate,GRICA Estimate,Cumulant Error,Cumulant Minimization Error,Cross Moment Error,Relvlingam Error,GRICA Error
0,0,10,-0.5561403121650581,-0.6216329525132418,-0.6172002153289761,-1.1401057324146382,-1.2395948180602123,-1.0150717496871948,0.11776279999056423,0.10979226254290277,1.0500325322151143,1.2289245914119427,0.8252080050365589
1,0,1000,-0.5561403121650581,-0.20208530907311345,-0.09116831116302995,-1.1595763236861327,-1.0588475232228927,-0.9881702661514282,0.6366289142277891,0.8360695868132432,1.0850427460866738,0.9039215465262568,0.7768362489395428
2,0,100000,-0.5561403121650581,-0.31721966099311977,-0.5287521569454445,-1.105724507934926,-1.1944501181323577,-1.0107544660568237,0.42960498627013494,0.04924684404371137,0.9882113987211839,1.1477495732728942,0.8174450654762816
3,0,10000000,-0.5561403121650581,-0.783036324673413,-0.7940935324118109,-1.1118089488047127,-0.6976842562961258,-1.0107544660568237,0.40798339473908507,0.4278654415832567,0.9991518767564839,0.25451121063322346,0.8174450654762816
4,1,10,0.8756511157694503,-0.12861075037171893,-0.9345143356328326,19.04487383613576,0.0,0.6680033802986145,1.1468744207088761,2.0672222290399964,20.749385677880042,1.0,0.23713523768923886
5,1,1000,0.8756511157694503,0.2511069041877938,-0.21344068428065383,-18.13986395456784,1.3478906223622655,1.209106206893921,0.7132340727195423,1.243750827740452,21.715857751894735,0.5393009819645463,0.38080816105790904
6,1,100000,0.8756511157694503,0.8378699366062062,0.01829251015994341,-22.793107414480392,-1.3204327315726574,1.1760848760604858,0.04314638385408221,0.9791098191614026,27.029895930015098,2.507943869188552,0.34309755892566757
7,1,10000000,0.8756511157694503,-0.050805556505288715,-0.3780832556313236,-21.13723991975714,0.25409541696037125,1.1760848760604858,1.058020318355496,1.4317738524196306,25.13888309978737,0.7098211692026533,0.34309755892566757
8,2,10,0.5707938494671746,-0.2648764032585146,0.7991640072168182,2.7113760183016455,-6.570303078454744,1.4897881746292114,1.4640491545341139,0.4000921838292808,3.7501843631157983,12.510816180987232,1.610028429738514
9,2,1000,0.5707938494671746,0.553376150015963,0.15706010092558395,0.06409189479040885,0.485328790993233,0.6564362645149231,0.03051486884007375,0.7248391848086719,0.887714461446567,0.14973016712377266,0.15004088626339282
10,2,100000,0.5707938494671746,0.5550702998165431,0.1299858320717472,0.08298256922508054,0.3692168031833729,0.6467950940132141,0.027546809877697764,0.7722718417637356,0.8546190199797297,0.3531520994347961,0.13315007619122957
11,2,10000000,0.5707938494671746,0.5825700607812373,0.14057571532468735,0.08539824632260189,0.4175705781638432,0.6467950940132141,0.020631286277971592,0.7537189381842285,0.8503868841573546,0.2684388968913426,0.13315007619122957
12,3,10,0.6609442574235832,-3.381747746733103,-1.5481835328409694,0.9311115019522962,0.0,1.054352879524231,6.116540023988472,3.3423813966943596,0.4087595005089352,1.0,0.5952220897329344
13,3,1000,0.6609442574235832,0.5730733317420649,0.6416139317513204,0.6710125742907049,0.657939306792459,0.6747735142707825,0.1329475590332635,0.02924652942384889,0.015233231477596738,0.004546450925888534,0.020923484381431625
14,3,100000,0.6609442574235832,0.3523559855313337,0.48232546801308956,0.6694431469748859,-19.40173173612511,0.6842651963233948,0.4668900114135991,0.2702478876308947,0.012858708515650212,30.35456586271694,0.03528427494130681
15,3,10000000,0.6609442574235832,0.6588107989742543,0.6636255287701072,0.6694111272890546,0.9741983990413585,0.6842651963233948,0.0032278946754833553,0.004056728410011133,0.01281026315059606,0.47394941116345657,0.03528427494130681
16,4,10,-0.7575657068391233,0.66155263583681,-0.14082868118413056,-1.2576979619410704,-0.6556846894265178,-0.42058342695236206,1.873261064834997,0.8141036745555366,0.6601833353686313,0.13448472718979732,0.4448225108984808
17,4,1000,-0.7575657068391233,5.447442132544017,2.1759481542084975,-1.1334250891066406,0.0,-0.8431697487831116,8.190719014028492,3.8722896701428726,0.49614096688161585,1.0,0.11299883451847852
18,4,100000,-0.7575657068391233,-0.8043541544735023,-0.7754660815176533,-1.1491355266627674,-0.7692338804041282,-0.8675961494445801,0.06176157026642583,0.023628808058402954,0.5168790195868752,0.015402193446281208,0.1452421111622769
19,4,10000000,-0.7575657068391233,-0.7475361997646054,-0.7380474404115306,-1.1153988495682332,-0.6756186980478444,-0.8675961494445801,0.013239124981468772,0.025764453500714744,0.47234601500394924,0.10817148671261223,0.1452421111622769
20,5,10,-0.7094701158399517,0.6888821681100865,0.9150390490535247,0.7323740628211548,0.2061364952957937,-0.13537059724330902,1.970981233359645,2.2897499536963544,2.0322831736951836,1.2905499339485862,0.8091947860509362
21,5,1000,-0.7094701158399517,0.018093619046151692,-0.10513116779381614,-0.34321466213510693,-3.035078141775463,-0.24706795811653137,1.0255030037801245,0.8518173416376391,0.5162380282518733,3.2779506479736518,0.6517570612202261
22,5,100000,-0.7094701158399517,-1.0046662214636584,-0.7297519663468238,-0.4770619754845143,-0.5011097416845813,-0.1684006154537201,0.41607968966278425,0.02858732179700082,0.3275798869699904,0.2936844970681951,0.7626388882435897
23,5,10000000,-0.7094701158399517,-0.12343827001115533,-0.11236348065701955,-0.4704530337726596,0.0,-0.1684006154537201,0.8260134327645146,0.841623377576671,0.3368952077485552,1.0,0.7626388882435897
24,6,10,0.8206883633844835,0.6960266823389525,1.0601098174813703,1.6265913318072813,0.0,1.1111315488815308,0.15189892608131006,0.29173248309446365,0.9819841542522776,1.0,0.3539019175308787
25,6,1000,0.8206883633844835,-0.9110376729804909,-0.343516678195408,1.5714801845509148,-9.245893673209673,0.5569357872009277,2.1100896681700356,1.4185714011817592,0.9148318102990983,12.266022628955048,0.32137969532777516
26,6,100000,0.8206883633844835,-0.09018448250249278,-0.27347648701114025,1.7944844065510661,-13.212016524764575,0.515403687953949,1.1098888281181127,1.333228176750716,1.1865600715363986,17.098700937197144,0.37198611440224844
27,6,10000000,0.8206883633844835,-0.07684161024840186,-0.25604686273899596,1.8183281058547256,0.8718794389379309,0.515403687953949,1.0936306808732006,1.31199036584736,1.2156133643177525,0.0623757784773962,0.37198611440224844
28,7,10,0.6050335080173588,0.02163071382043915,0.03229028523109318,0.27224695696734524,0.0,0.09539392590522766,0.9642487341051225,0.9466305835904765,0.550029951465871,1.0,0.8423328218335789
29,7,1000,0.6050335080173588,0.5772174985458798,0.43312462174584765,-0.5294581034477187,-0.37262649223519495,0.04184572771191597,0.04597432886424687,0.2841311828081081,1.875088894138617,1.6158774469471269,0.930837338498754
30,7,100000,0.6050335080173588,0.5960090525526358,0.5957298203576799,-0.8688399714382291,-0.09215862807869596,-0.11991655826568604,0.014915629209190926,0.015377144466206983,2.436019592179846,1.152319874614369,1.1981982099778936
31,7,10000000,0.6050335080173588,0.6062801277512857,0.6008821366803881,-0.871337843500226,0.0,-0.11991655826568604,0.002060414369465232,0.006861390785734015,2.4401480776751074,1.0,1.1981982099778936
32,8,10,0.5215243137443097,0.9462944231918458,1.0760364993322,2.72905547598702,-0.6141578435261889,0.6964542865753174,0.8144780564454951,1.0632527975670827,4.23284419166123,2.1776207308856073,0.33542055129719495
33,8,1000,0.5215243137443097,0.5149443214159155,0.4586807246090265,1.3335918463763108,-20.859158220422408,0.6524065136909485,0.01261684672216498,0.12049982614251403,1.557103880357412,40.99652110303936,0.25096087851966764
34,8,100000,0.5215243137443097,0.5281674904691862,0.4748786428456775,1.5773186848759342,0.5053503732868524,0.7527334690093994,0.012738000031449056,0.08944102828828313,2.0244394044670635,0.03101282151417973,0.44333341547417426
35,8,10000000,0.5215243137443097,0.5229110399365519,0.47341716087486124,1.5455885197805361,0.5014924782080632,0.7527334690093994,0.0026589866583324683,0.09224335587359447,1.9635982044325153,0.03841016613861583,0.44333341547417426
36,9,10,-0.7212222746086938,-1.2553096657698344,-1.6826007111938888,-1.5713120036682469,-1.4034378828247542,-1.4117286205291748,0.7405309153144429,1.3329849485123018,1.1786792490855575,0.9459158878394364,0.9574112866870647
37,9,1000,-0.7212222746086938,-0.7083800993335142,-0.8004056886435189,-1.0370321118493853,-4.890508978685718,-0.8046751618385315,0.017806126803484073,0.10979058304568703,0.43788142485205017,5.780862364988812,0.11571035749709181
38,9,100000,-0.7212222746086938,-0.7706180288172407,-0.7437625630525285,-1.0349768851597394,-0.796620175499379,-0.735776424407959,0.06848894709380277,0.03125290113379286,0.4350317809045432,0.10454183619272307,0.020179839574646617
39,9,10000000,-0.7212222746086938,-1.375721430563336,-0.9330280997410637,-1.0418649044048292,-0.6726112600933811,-0.735776424407959,0.9074860538795022,0.2936762113278978,0.4445822613702594,0.06740087796329788,0.020179839574646617
40,10,10,0.7163523725109571,3.274601027489971,3.6131361243081237,3.175695388417888,0.0,0.36303234100341797,3.571215442494935,4.043797246937796,3.4331470241194926,1.0,0.4932209971875745
41,10,1000,0.7163523725109571,0.06038189028983501,0.15000359014348366,10.04331294851448,0.19592385830189096,0.105441614985466,0.9157092338813865,0.7906008329145455,13.020073547478702,0.7264979278073178,0.8528076139178932
42,10,100000,0.7163523725109571,0.9852521248372867,0.9466342391805714,-1.920466032711677,0.8265282469700767,0.1525806188583374,0.3753735768107848,0.32146451314515895,3.680895752435443,0.15380122784116887,0.7870034012402135
43,10,10000000,0.7163523725109571,-0.19937336414616647,-0.10906091083986248,-3.908528695882588,0.0,0.1525806188583374,1.278317447944401,1.1522447820722397,6.456153767150125,1.0,0.7870034012402135
44,11,10,-0.8112412785229454,0.12005855201671806,0.13408487114078105,0.19034536171452912,0.0,-1.1468425989151,1.147993642822654,1.1652835903332162,1.2346347094924675,1.0,0.413688663628157
45,11,1000,-0.8112412785229454,-0.514539573720703,-0.6509520070906346,-0.9017638799797731,0.0,-1.080617904663086,0.3657379286005481,0.19758520143865815,0.1115853000252223,1.0,0.33205488092347046
46,11,100000,-0.8112412785229454,-0.3362644028346472,-0.5716003139499134,-0.9313120140691332,0.0,-1.1040916442871094,0.5854939686416164,0.29540035858302777,0.1480086612022563,1.0,0.3609904642640555
47,11,10000000,-0.8112412785229454,-0.7831030615905268,-0.7872682399801132,-0.9333599433027866,0.0,-1.1040916442871094,0.034685386058819385,0.029551058578380897,0.15053310033999606,1.0,0.3609904642640555
48,12,10,0.8830914919397734,0.8231223722597562,0.7856236927256856,0.6716776569220184,0.7324382312623344,0.6884292364120483,0.06790816152954983,0.11037112247564848,0.23940196111885242,0.17059756780865182,0.22043271541449863
49,12,1000,0.8830914919397734,0.03347371726685887,0.33358426523940554,-2.552219089636752,0.32079746776060336,0.4325677454471588,0.9620948479603948,0.6222540152587543,3.8900958880609533,0.6367335993058332,0.5101665576043622
50,12,100000,0.8830914919397734,0.23252653614104524,0.33150791085584247,13.262583375239348,0.8323667165961869,0.38567429780960083,0.7366903222787436,0.6246052488540437,14.018357096960745,0.05744000005273062,0.5632680177198404
51,12,10000000,0.8830914919397734,-0.00950865890340998,0.3241664534164683,28.2341761205427,0.0,0.38567429780960083,1.010767467459712,0.632918608801888,30.97197162269599,1.0,0.5632680177198404
52,13,10,-0.7457816402862483,-0.6317197685081233,-0.7061002122972379,-0.7546988257156512,5.289641388346754,-0.39730703830718994,0.15294271890944566,0.05320783704702058,0.011956831527764982,8.092748202163394,0.46726090205881937
53,13,1000,-0.7457816402862483,-0.6559056216462783,-0.7262806327945184,-0.8213361534644742,-1.8963129109083805,-0.4104236364364624,0.12051251168569056,0.02614841454697779,0.10130916222237162,1.542718683957588,0.44967318278453156
54,13,100000,-0.7457816402862483,-0.4757685956522474,-0.3676892516397049,-0.7310282244131906,-0.7795231918474704,-0.41589125990867615,0.36205375682131785,0.5069746534674986,0.019782487361039044,0.04524320489878428,0.4423417828453816
55,13,10000000,-0.7457816402862483,-0.7459155459292541,-0.7468598384762499,-0.7352324296256109,-0.16947434570253395,-0.41589125990867615,0.00017955073680074024,0.0014457290603021795,0.014145173453972905,0.7727560769161792,0.4423417828453816
56,14,10,0.5906339012477964,-0.052321193826832674,0.08233053191025302,0.3632570864096508,0.0,0.6626091599464417,1.088584813225751,0.8606064912015409,0.38497081586035,1.0,0.1218610353157642
57,14,1000,0.5906339012477964,0.538409922218242,0.5997693173433051,0.504461914660385,0.0,0.7192500829696655,0.08842021922416561,0.015467138063373742,0.14589746102511386,1.0,0.21775956552807005
58,14,100000,0.5906339012477964,0.47907547054927163,0.5619758124880273,0.5420314128040284,0.6204578979179693,0.6369245648384094,0.18887915248827067,0.04852090050913916,0.08228868735961208,0.050494894734565095,0.07837454553966103
59,14,10000000,0.5906339012477964,0.028089787727110727,0.23263220907307325,0.5399479296541619,0.0,0.6369245648384094,0.9524412877964386,0.6061312962537279,0.08581622471475688,1.0,0.07837454553966103
60,15,10,-0.5466396337754452,-0.2712582261315105,-0.1854491187120775,0.8776735840203664,0.0,-0.34223997592926025,0.5037713890995672,0.660747031035334,2.6055798551572042,1.0,0.3739203036458761
61,15,1000,-0.5466396337754452,0.26483778243188905,0.149335211911337,-6.591081656064205,-0.4381684415082223,-0.4596857726573944,1.4844833160061022,1.2731876773733581,11.05745293392276,0.19843272526371902,0.15906980713690932
62,15,100000,-0.5466396337754452,0.3641332665400075,0.19105249382736328,16.273954259960547,-0.5259238057216676,-0.4611716866493225,1.6661303792135758,1.349503552290623,30.770900707587085,0.037896681421909974,0.1563515373662646
63,15,10000000,-0.5466396337754452,0.23590680714409648,0.16194182262014,-41.26419685069011,-0.5441883002393777,-0.4611716866493225,1.431558183066186,1.2962496910472179,74.48701978613042,0.004484368466181342,0.1563515373662646
64,16,10,-0.6232592566216775,-1.2302308295002653,-0.7101384951648274,-0.1732617593655481,0.0,0.10285688936710358,0.9738669204347231,0.13939502321084052,0.7220069216385194,1.0,1.1650306646460902
65,16,1000,-0.6232592566216775,-0.6325313053682355,-0.6572298873495837,-0.43873728867760664,-0.8376503794530984,-0.681903064250946,0.014876712456412446,0.054504815399037995,0.2960597311370169,0.34398385672361986,0.09409215668475142
66,16,100000,-0.6232592566216775,-0.6148584268209422,-0.727449109474336,-0.522313264977899,-0.905802572463737,-0.7129480838775635,0.013478868883987824,0.1671693629027038,0.1619646889657884,0.4533319206096688,0.14390292049898543
67,16,10000000,-0.6232592566216775,-0.3385023436893569,-0.32984472540675797,-0.5290048798207054,-0.7536683311650589,-0.7129480838775635,0.4568835679646711,0.4707744459430052,0.15122820206773932,0.2092372847380599,0.14390292049898543
68,17,10,0.6511416235059146,1.3479109408576242,1.2461353669969828,1.3006675032388817,1.2528742272899343,1.1409047842025757,1.0700733791216166,0.9137700954939237,0.9975185985435119,0.9241193959374551,0.7521607328059443
69,17,1000,0.6511416235059146,0.20104056502366788,0.3029196090579515,0.9714450238863445,0.0,1.002443552017212,0.6912490957939172,0.5347869063769044,0.49191049814299015,1.0,0.5395169281604161
70,17,100000,0.6511416235059146,0.6578202090102053,0.9285446707166841,1.0797500558542728,0.9162425345519287,1.2129430770874023,0.010256732580435345,0.42602567121597884,0.6582414898323035,0.4071324908069036,0.8627945646549265
71,17,10000000,0.6511416235059146,0.6500781550009408,0.94593265888864,1.0782235217375729,0.644054298120166,1.2129430770874023,0.0016332368667324065,0.45272952110708925,0.655897093372927,0.010884460660936776,0.8627945646549265
72,18,10,-0.656953205636707,-0.550488887471734,-0.16915576580917982,0.8392245318903288,-0.15303462206053003,-0.12175628542900085,0.16205768881482172,0.7425147417535818,2.2774494814694872,0.7670539990558207,0.8146652084435803
73,18,1000,-0.656953205636707,-0.16727764964710848,0.07920875771464045,-0.7578414804369837,-0.765439891009787,-0.6732290983200073,0.7453735696669811,1.120569862564066,0.1535699558730331,0.16513609255919032,0.02477481279283206
74,18,100000,-0.656953205636707,-0.6547688503969967,-0.6624985480252641,-0.9487431714186659,-0.6604611312259578,-0.6333313584327698,0.0033249784322054434,0.008441000578089332,0.4441563923859104,0.005339688670597201,0.03595666632152798
75,18,10000000,-0.656953205636707,-0.13873061883006665,0.15247749576868638,-0.9642634284923718,-0.6740435556688473,-0.6333313584327698,0.788827244254617,1.2320979553192195,0.4677809929518882,0.02601456220245804,0.03595666632152798
76,19,10,-0.5726071646461707,-1.7204236437567701,-0.7180181062086142,1.7149982699619166,-0.2715077998855936,0.03863387554883957,2.004544389205933,0.25394537571372655,3.9950695273288455,0.525839324673198,1.0674701225101024
77,19,1000,-0.5726071646461707,-0.2387748622208134,-0.03192895652286765,-1.0292737884063226,0.0,-0.30939993262290955,0.5830040611378678,0.9442393345836017,0.7975216727201422,1.0,0.45966458031642676
78,19,100000,-0.5726071646461707,0.013708266736688578,0.027912914553327155,-1.134700801397468,0.0,-0.29227739572525024,1.0239400894418764,1.04874705780284,0.9816391960422466,1.0,0.4895673442964056
79,19,10000000,-0.5726071646461707,-0.5547656279213314,-0.9453354394011465,-1.112013661530759,-0.593703036599689,-0.29227739572525024,0.031158423831221183,0.6509319089384685,0.942018420635554,0.03684178832542913,0.4895673442964056
80,20,10,-0.6898097522700012,0.7361570746181627,0.6016200934467347,0.5755214185875667,-4.698275352059527,0.05036003887653351,2.06718855770833,1.8721536502882785,1.8343190520192871,5.8109726436870615,1.0730056928172014
81,20,1000,-0.6898097522700012,-0.9863516617326882,-1.2123489220637058,-1.9008370856192307,0.0,-0.4478806257247925,0.42988941296761535,0.757512006860082,1.7555961326496534,1.0,0.35071862314076746
82,20,100000,-0.6898097522700012,-0.401967760264538,-0.29724293229617615,-1.9877279088730069,0.0,-0.39101094007492065,0.4172773595302807,0.5690943317080981,1.8815595928179665,1.0,0.4331611885912081
83,20,10000000,-0.6898097522700012,-0.46994192381131084,-0.31423880417459743,-1.9290355855189856,-0.7968146717173825,-0.39101094007492065,0.31873690932196475,0.5444558399754256,1.796474794928579,0.15512236394926773,0.4331611885912081
84,21,10,0.6997907888419928,0.5938962003177358,1.0768385652537278,-1.075211376310874,0.0,1.118439793586731,0.1513232100403755,0.5388007136185233,2.5364754630310635,1.0,0.5982488072435401
85,21,1000,0.6997907888419928,0.7228007475426688,0.7325397141205742,0.7794553501859994,1.1492028622253176,0.9103702306747437,0.03288119687707333,0.04679816568145179,0.11384054007889251,0.642209186729948,0.300917710250539
86,21,100000,0.6997907888419928,0.701140743857525,0.698199068103141,0.7083926156127007,0.0,0.9415032267570496,0.001929083716243463,0.0022745665765130825,0.012291997705403067,1.0,0.3454067155057018
87,21,10000000,0.6997907888419928,0.193938626550934,0.5032334230125308,0.7055883852191991,0.7121978926403927,0.9415032267570496,0.7228619901215594,0.2808801844258671,0.008284756629620898,0.017729732937655684,0.3454067155057018
88,22,10,-0.5001063117312737,25.810092022528483,13.03557353833804,0.2610567929475214,0.0,0.11399543285369873,52.609210715975195,27.065604917505127,1.5220025958956447,1.0,1.2279423998050896
89,22,1000,-0.5001063117312737,0.7441820765788298,0.5475045730950947,-0.2648418646321219,0.0,0.21623069047927856,2.4880477592906436,2.094776371047462,0.4704288699830856,1.0,1.4323694490691963
90,22,100000,-0.5001063117312737,-0.5002687200065468,-0.48686097154433333,-0.3158897808716784,0.0,-0.015603870153427124,0.00032474750160781324,0.026485049031050083,0.3683547408587435,1.0,0.9687988937803855
91,22,10000000,-0.5001063117312737,1.0181838998903086,1.3532296351576807,-0.30127018757691176,-0.3533928662613482,-0.015603870153427124,3.0359349122500534,3.7058839359036577,0.39758771183276775,0.29336451476093406,0.9687988937803855
92,23,10,-0.6579763927696182,-0.6267825618881744,-1.2054543892409166,-3.251852883169025,0.0,-0.5233936905860901,0.04740873870890668,0.8320632814299019,3.9422029709622404,1.0,0.20454032038600883
93,23,1000,-0.6579763927696182,-0.39260441561318743,-0.2996888782619318,-3.990757164743927,,-0.8439310789108276,0.40331534698289284,0.544529436686243,5.06519809615911,,0.2826160454761468
94,23,100000,-0.6579763927696182,-0.6930038947527457,-0.6117766940589898,-1.9390607144319718,-0.6486341357254052,-0.8828800320625305,0.05323519562105621,0.07021482718575979,1.9470065123003713,0.014198468435757476,0.34181110715268387
95,23,10000000,-0.6579763927696182,-0.6594870111978077,-0.5941186059473432,-2.0060711872516337,-0.6660202691738114,-0.8828800320625305,0.0022958550561835763,0.09705179019186166,2.0488497905030965,0.012225174782235232,0.34181110715268387
96,24,10,0.8823642101688611,2.6008506954374595,1.6581683626067742,5.844706164362803,0.9957829004478742,1.511960506439209,1.9475931429037967,0.8792334769442255,5.62391572210786,0.12853954067029502,0.7135333561975047
97,24,1000,0.8823642101688611,0.9156996100984264,0.9189038587353635,0.9774938941919937,,0.9891022443771362,0.037779637416601175,0.04141107282616286,0.10781226496587763,,0.12096822715400965
98,24,100000,0.8823642101688611,0.8835101889301036,0.8801151986227209,0.9775602688333264,0.0,0.9659574627876282,0.0012987593422710787,0.0025488471996272495,0.10788748859866747,1.0,0.09473780968832532
99,24,10000000,0.8823642101688611,0.69545179610034,0.8425566331853571,0.9767016751794203,0.6766151173778208,0.9659574627876282,0.2118313638681594,0.04511467773141648,0.10691442821837197,0.23317932710764122,0.09473780968832532
100,25,10,-0.8628513867747024,-2.7113708916853754,-1.8912730743881108,-1.2237592103044683,-1.7305631136849795,-0.4342850148677826,2.1423382209772543,1.1918873903159612,0.41827344669262484,1.0056328821046951,0.49668619472106385
101,25,1000,-0.8628513867747024,-0.9008025041171087,-0.9579060476457506,-0.9626323722033544,-2.8097776673227637,-1.099535346031189,0.0439833764239121,0.1101634213353449,0.1156409863367417,2.2563865694480474,0.2743044316602422
102,25,100000,-0.8628513867747024,-0.860646883462393,-0.86479491124925,-0.9082135343432007,-1.2239739028497454,-1.1147408485412598,0.0025549049883893658,0.002252444052749802,0.05257237603576194,0.4185222642162074,0.29192682033937295
103,25,10000000,-0.8628513867747024,-0.8644818223026798,-0.8662096023299745,-0.9070930410437485,-1.233341922512365,-1.1147408485412598,0.0018895902040232681,0.0038919976333640707,0.05127378242320424,0.42937931307329597,0.29192682033937295
104,26,10,-0.842845796005405,0.3627194421472741,-0.8802010011144499,-2.0988792865018695,0.0,-1.428523063659668,1.4303508943941485,0.04432033153168309,1.4902292880255523,1.0,0.6948806892435484
105,26,1000,-0.842845796005405,-0.9305526179938618,-0.8481515173279627,-0.7906623517396427,0.0,-1.257396936416626,0.10406034224069899,0.00629500834874386,0.061913394494083264,1.0,0.49184695750509805
106,26,100000,-0.842845796005405,-0.848908712530268,-0.844337737096454,-0.8411200852273789,0.0,-1.046354055404663,0.007193387632230814,0.001770123429599963,0.002047481029394626,1.0,0.2414537277919258
107,26,10000000,-0.842845796005405,-0.8432319196526809,-0.8359827430267173,-0.8336326297171738,-0.8617371352671293,-1.046354055404663,0.0004581189692181651,0.008142714849162885,0.010931022414653095,0.02241375510355291,0.2414537277919258
108,27,10,-0.5679248606262883,-0.41678312871006523,-0.521029284055539,-0.6170461922509983,-0.9477855986236492,-0.5971238017082214,0.2661298041250547,0.08257355826796245,0.08649265955806311,0.6688573864832459,0.05141338776706042
109,27,1000,-0.5679248606262883,-0.11449232329135531,-0.0393657960638271,-0.5243599217993465,-0.8027321400229948,-0.5475643277168274,0.7984023394131804,0.9306848514776835,0.07670898361255017,0.4134477915577932,0.0358507512543262
110,27,100000,-0.5679248606262883,-0.5499291108811325,-0.5697933435783581,-0.5410726613451784,-1.800193665307608,-0.5421061515808105,0.03168684978028736,0.003290017890763333,0.047281253459301356,2.16977436649351,0.045461487664064895
111,27,10000000,-0.5679248606262883,-0.5682485356040772,-0.5701496009115139,-0.5403237857873529,-10.464955990332365,-0.5421061515808105,0.000569925707129475,0.003917314489054415,0.04859987077955691,17.426655911473862,0.045461487664064895
112,28,10,0.5646464601477078,2.884714926118936,1.8118757104661305,0.3060108602919105,0.3084738493244735,0.4410269260406494,4.10888694027111,2.2088675628855547,0.4580487404244772,0.4536867383463649,0.21893262923267123
113,28,1000,0.5646464601477078,0.34023632721110253,0.3865947751657346,0.38607513379856867,0.06063011223875881,0.3264448642730713,0.39743476453903753,0.31533304031587495,0.3162533354099591,0.8926228772905114,0.4218597169852522
114,28,100000,0.5646464601477078,0.01005576160337194,0.21672132902306124,0.4038776238676981,1.664610843922545,0.5067644715309143,0.9821910481812965,0.6161822586005969,0.28472477492899473,1.9480585842813816,0.10251014165864415
115,28,10000000,0.5646464601477078,0.5655775766138181,0.5656692844787762,0.4037875271212581,0.5568220593954442,0.5067644715309143,0.001649025597126302,0.0018114420318880748,0.2848843380411348,0.01385716781119435,0.10251014165864415
116,29,10,0.6256854409252208,-0.2249274517712247,-0.04078116849314576,0.343213067309995,1.1562813128655973,1.1916226148605347,1.3594896685443367,1.0651783880936103,0.45146067838421333,0.8480233632346753,0.9045074999642706
117,29,1000,0.6256854409252208,0.047913029328947865,-0.15048140622778342,-0.6807229027748799,0.0,0.8746439218521118,0.9234231353408235,1.2405064851840915,2.087963468940996,1.0,0.3978971934503514
118,29,100000,0.6256854409252208,0.7215620519191694,1.0287887492519727,-0.9339401154387891,0.0,0.9225426316261292,0.1532345244475768,0.644258731241485,2.492667168438093,1.0,0.47445117192104747
119,29,10000000,0.6256854409252208,0.6586856439343645,1.1565821471531876,-0.988881606218572,0.0,0.9225426316261292,0.05274248184574216,0.8485041707905383,2.5804772518859984,1.0,0.47445117192104747
120,30,10,-0.5240246660679172,-0.6055200923690597,-1.2319432423623118,-168.00960096283598,0.0,-0.9250718951225281,0.15551830205370545,1.3509260577490516,319.6139173247634,1.0,0.7653212816562959
121,30,1000,-0.5240246660679172,-0.520676723872469,-0.3773693601589256,0.2155587313815265,-0.14354860472022463,-0.6184016466140747,0.0063889019205334305,0.2798633640844381,1.411352261333417,0.726065175906014,0.18010026370385704
122,30,100000,-0.5240246660679172,0.2720239767852085,-0.20441867085952145,0.2861554097794579,-0.4608837912814525,-0.5595629215240479,1.5191052910283278,0.6099063954500428,1.5460724051916486,0.12049218075982933,0.0678179058302661
123,30,10000000,-0.5240246660679172,0.03604440921618116,-0.31973820882938864,0.26103005934428003,-0.09709125705839314,-0.5595629215240479,1.068783802653117,0.38984130035598674,1.498125520126659,0.8147200631089959,0.0678179058302661
124,31,10,-0.7076844809759584,-0.7874106745260703,-0.49576253714352386,-0.8394559420095109,0.0,-1.0800508260726929,0.11265782378068055,0.2994582324882633,0.18620086292104107,1.0,0.5261756546974281
125,31,1000,-0.7076844809759584,0.5779518142924698,0.024641094494773075,-0.4611966267047274,0.0,-0.6845873594284058,1.8166800740005264,1.0348193229570202,0.3483019069901078,1.0,0.032637597924571805
126,31,100000,-0.7076844809759584,-0.21436639645028305,-0.3575747450240755,-0.5656676659996374,-1.4219782920084523,-0.7428829669952393,0.6970876114809623,0.49472575047717754,0.20067815360380306,1.0093393740207792,0.04973754118606517
127,31,10000000,-0.7076844809759584,-0.713185273769636,-0.7946201532992007,-0.5564204509043512,-1.0242905935262243,-0.7428829669952393,0.007772945347185775,0.12284524341038318,0.2137450150991031,0.4473831503463784,0.04973754118606517
128,32,10,0.6459952407072737,-0.21906173818473107,-0.14609579157158178,-3.710116525443877,0.0,0.4249582886695862,1.3391073561856113,1.2261561422830725,6.7432567481175605,1.0,0.34216498529568606
129,32,1000,0.6459952407072737,-0.0032505840994634175,0.3788407247493575,-1.358780767055714,0.3015928029130125,0.36530745029449463,1.005031901002714,0.4135549290818608,3.1033912967656554,0.5331346364366231,0.4345044246850263
130,32,100000,0.6459952407072737,0.6417924477721519,0.6797302950951675,-0.896443449137914,0.0,0.36643892526626587,0.006505919347827157,0.05222183115615324,2.3876935813899105,1.0,0.43275290253676335
131,32,10000000,0.6459952407072737,0.3978427996875165,0.5343480172272793,-0.9772139456189857,0.6560388920382945,0.36643892526626587,0.38413973568607906,0.17282979261233625,2.512726230845098,0.015547562424801192,0.43275290253676335
132,33,10,-0.6454105480053767,0.38181047716849176,0.37892878996742035,0.14789706774508524,-0.6823943351312287,-0.45479103922843933,1.5915776839229951,1.5871127937690035,1.229151922295285,0.05730273116878769,0.2953461318009779
133,33,1000,-0.6454105480053767,-0.3596854144532827,-0.43639920924365827,-0.1701121924836033,-3.5356436769525885,-0.4467845559120178,0.44270291899492425,0.3238424587383366,0.7364279325627225,4.4781312265183715,0.30775138817796976
134,33,100000,-0.6454105480053767,-0.5667944455961424,-0.5780907626587666,-0.16330943698984082,-0.1652368550112128,-0.4397071897983551,0.12180789832486484,0.10430536896965818,0.7469681313784783,0.7439817872176514,0.3187170690698224
135,33,10000000,-0.6454105480053767,-0.6452471546478542,-0.6456271803446114,-0.15913266791522218,0.0,-0.4397071897983551,0.0002531618952113974,0.000335650447462072,0.7534396231871059,1.0,0.3187170690698224
136,34,10,-0.6582717363187927,-0.051552658470376655,-0.38760127933607186,-1.0581809216534879,0.0,-0.4406552016735077,0.9216848367838621,0.41118347036494746,0.6075138324654186,1.0,0.3305876929522249
137,34,1000,-0.6582717363187927,-0.502205376576252,-0.5288280023279428,-1.0393352059783514,0.0,-0.7805933356285095,0.23708500780437536,0.1966417922098996,0.5788847502257252,1.0,0.18582234746059045
138,34,100000,-0.6582717363187927,0.028028765286038235,-0.4166579204875415,-0.815247279533864,0.0,-0.6845556497573853,1.042579323613044,0.3670426702237154,0.23846617521954502,1.0,0.03992866773466275
139,34,10000000,-0.6582717363187927,-0.7323512969360543,-0.715088575332297,-0.8195031082512538,0.0,-0.6845556497573853,0.1125364443436864,0.0863121350633056,0.24493133008277734,1.0,0.03992866773466275
140,35,10,0.6373485989045681,0.2503316482049493,0.3454586272062354,0.34607631404063416,,0.5250222682952881,0.6072296249882678,0.45797538772347435,0.45700623703347454,,0.17624002124165478
141,35,1000,0.6373485989045681,-0.29664754526500176,-0.3603929514221357,-0.2766646743859774,0.0,0.33121368288993835,1.4654400210102598,1.5654565681034756,1.4340868950861272,1.0,0.48032570643568345
142,35,100000,0.6373485989045681,0.6075749815523608,0.6049471470313493,-0.021929949411771798,0.0,0.3618498146533966,0.046714807882813555,0.050837880445502165,1.0344080922896255,1.0,0.4322576133762281
143,35,10000000,0.6373485989045681,0.6374150315145466,0.6298425062362611,-0.030236561101902988,0.0,0.3618498146533966,0.000104232770092689,0.011777059965626184,1.047441166661183,1.0,0.4322576133762281
144,36,10,-0.6988864309968924,0.23496373107736587,0.04781889604011285,-10.05766572022805,0.0,-0.04239919036626816,1.3361972999564655,1.0684215545176687,13.39098725365405,1.0,0.93933321855199
145,36,1000,-0.6988864309968924,-0.35756159421439015,-0.5965021553329558,-0.7721815238353804,-0.7311228449849514,-0.7630752325057983,0.4883838369785433,0.14649629914533546,0.10487411056749206,0.04612539685750792,0.09184439511487862
146,36,100000,-0.6988864309968924,-0.6896102473585608,-0.708198814509582,-0.8385185778743804,-0.8120083407358145,-0.7842197418212891,0.013272805461539788,0.013324601966311462,0.19979232774388908,0.16186021751426036,0.12209896635520184
147,36,10000000,-0.6988864309968924,-0.08843850221558389,0.2416237233928414,-0.8334400252999048,-70.93960328096719,-0.7842197418212891,0.8734579778728353,1.3457267342394803,0.19252569278113613,100.50376389448405,0.12209896635520184
148,37,10,0.7691521463670195,0.643773657200967,0.681651186725552,0.5409103739728568,0.7185132969078567,0.7318039536476135,0.16300869698961365,0.11376287520585587,0.29674463429924774,0.06583723350230268,0.04855761359545675
149,37,1000,0.7691521463670195,0.8530305909021195,0.7750383297583189,0.7206982269350863,0.11298829210038702,0.7532697319984436,0.10905312418523169,0.00765282060136213,0.0629965341198075,0.8531002056822292,0.0206492492331903
150,37,100000,0.7691521463670195,0.7860793493816479,0.791012460977654,0.7159125500075253,0.4173249713351289,0.7522402405738831,0.022007613311074665,0.02842131392844526,0.06921855007616348,0.457422080525545,0.021987724890345
151,37,10000000,0.7691521463670195,0.7698384834272236,0.7775912293322852,0.7091623961679184,0.44494146462371537,0.7522402405738831,0.000892329383004353,0.010971929292697873,0.07799464707009407,0.4215169693989246,0.021987724890345
152,38,10,-0.6772104824280016,-0.17438950509974113,-0.49183264707231966,-0.9765110893500342,0.11706328694835871,-0.6136308312416077,0.742488473488327,0.2737373979963321,0.4419609776992089,1.1728610084838793,0.09388462351976885
153,38,1000,-0.6772104824280016,-0.5439800852267458,-0.5696976298327908,-0.21909166208203396,-4.280405026535672,-0.731640636920929,0.19673410358856985,0.15875839991393098,0.6764792220927753,5.320642012493876,0.08037405785241093
154,38,100000,-0.6772104824280016,-0.6888880634408009,-0.706360181628098,-0.20902118764247438,-2.24981547915359,-0.7774091362953186,0.0172436507050683,0.0430437802669356,0.6913497456609486,2.3221805295856175,0.14795791923963567
155,38,10000000,-0.6772104824280016,-0.047568310724698755,-0.15873757328326474,-0.20525390755964745,-2.620923056604715,-0.7774091362953186,0.9297584547803333,0.7656008325297281,0.6969126838914972,2.8701749671799583,0.14795791923963567
156,39,10,0.6423703755748386,-1.6483787443167721,-0.42641245613328754,9.524073566951829,0.0,0.08551578968763351,3.566087738466591,1.6638108984271003,13.826452042451386,1.0,0.8668746365971377
157,39,1000,0.6423703755748386,0.8892698765827037,0.8386698982598072,0.5277581138300595,0.0,0.6759809255599976,0.3843569230397993,0.3055862009659239,0.1784208396008546,1.0,0.05232269616275797
158,39,100000,0.6423703755748386,0.6147880581829107,0.5873194783378447,0.6333540458471961,0.6347127844700454,0.6397371292114258,0.04293833968798021,0.08569962023502471,0.014036029789782857,0.011920834764431006,0.004099264946731645
159,39,10000000,0.6423703755748386,0.6431037065747047,0.6593354806046923,0.6417395827770478,0.6956042537606684,0.6397371292114258,0.0011416015242140171,0.02641016098333011,0.0009819767874978526,0.08287100434572868,0.004099264946731645
160,40,10,0.8254504865474945,0.8840385466186165,1.0172632378576028,0.9573319527722147,0.020061446390409115,1.4465866088867188,0.07097707376268039,0.23237341843770512,0.15976908170025295,0.9756963661450883,0.7524813813329619
161,40,1000,0.8254504865474945,-0.2324538853887601,0.09569327354234665,12.10605300678721,0.0,1.5698524713516235,1.2816085145954847,0.8840714554029877,13.665995361419727,1.0,0.9018130062744809
162,40,100000,0.8254504865474945,0.7965936197958361,0.8103645151367458,-7.442920692283218,1.3140278119075468,1.5548372268676758,0.03495893117993587,0.018276046421447874,10.01679847983828,0.5918917407191335,0.8836226426746603
163,40,10000000,0.8254504865474945,0.9939533651769352,0.9031366130625385,-8.695487190414578,1.2380674465807615,1.5548372268676758,0.2041344470389932,0.09411361163523166,11.534232315718986,0.499868819217815,0.8836226426746603
164,41,10,0.6583004277891302,1.1182470273743057,0.9831569323266849,0.5901943383984642,-0.8580150043520959,0.535720705986023,0.6986879852560383,0.49347758382683926,0.10345745880706314,2.303379077594856,0.186206352948585
165,41,1000,0.6583004277891302,0.5996329093420565,0.5894807610367504,0.5874051337238101,0.048386425342357285,0.5281664133071899,0.08911967237224155,0.1045414279670261,0.10769443717880985,0.9264979585310908,0.19768180148232473
166,41,100000,0.6583004277891302,0.6591967204326391,0.6588899579947799,0.5739511264778309,0.7460102143196158,0.48309260606765747,0.001361525233272342,0.0008955336815283215,0.12813192541068577,0.13323671507408036,0.2661517664661098
167,41,10000000,0.6583004277891302,1.7187819525919439,1.1440001035788325,0.5738794766693145,0.6855249805324715,0.48309260606765747,1.6109385320686924,0.7378085373890777,0.12824076600305329,0.04135581809474675,0.2661517664661098
168,42,10,-0.5092249700165663,-0.3365303900195325,-0.16238042208220335,1.5837274116196607,0.0,-0.44314131140708923,0.33913219139944306,0.6811224279184095,4.110074141824071,1.0,0.12977301291279414
169,42,1000,-0.5092249700165663,0.21683125810738552,0.7640195725898139,2.4943733879602914,-1.013405439638027,-0.3061237335205078,1.4258064134214223,2.5003576367532774,5.898372104335621,0.9900937685853435,0.3988438282778064
170,42,100000,-0.5092249700165663,-0.5078320310733456,-0.5353712884240291,1.0093359873807424,,-0.364510715007782,0.002735409740758319,0.051345318762770494,2.9821023060748697,,0.2841853081243766
171,42,10000000,-0.5092249700165663,-0.5157542134961264,-0.5440322743514051,1.0409063384097388,-0.5060068196898893,-0.364510715007782,0.012821923244156045,0.06835349086221448,3.044099169716433,0.006319702520817774,0.2841853081243766
172,43,10,-0.666347509155347,-0.7745374001153164,-0.6734835357908215,-0.6003278867927085,-0.8054154382063075,-0.6142728924751282,0.16236256528835735,0.010709166819757537,0.09907686523256318,0.20870180670029223,0.07814933794264184
173,43,1000,-0.666347509155347,-0.45668878778321154,-0.7627943517312287,-0.6641920527065079,0.8832868556800302,-0.6535705924034119,0.3146387110201643,0.14473955593851676,0.0032347332573829293,2.3255648795020973,0.019174554682632485
174,43,100000,-0.666347509155347,0.15088400715545056,-0.1797010975762771,-0.6388266374479316,63.37637634698626,-0.7225839495658875,1.2264344130988185,0.730319247678942,0.04130107988593001,96.11009717335222,0.0843950635935069
175,43,10000000,-0.666347509155347,-0.6662153186304218,-0.6662016148661585,-0.6392690900275109,-36.810137722066976,-0.7225839495658875,0.00019838075945200696,0.0002189462512938262,0.04063708313723628,54.24165276572731,0.0843950635935069
176,44,10,-0.5163942790443444,1.196963296465635,1.3039139785421037,3.0555719369172003,-4.055079094062451,-0.5100642442703247,3.317925168886017,3.5250356780775496,6.917129722219112,6.85268012954541,0.012258142723297175
177,44,1000,-0.5163942790443444,-0.5008192458023959,-0.5419124492633868,-0.455827367400265,0.0,-0.6085286736488342,0.030161126631325547,0.04941605911333309,0.11728811511267406,1.0,0.17841869738564228
178,44,100000,-0.5163942790443444,-0.5573664075777933,-0.5415197669764388,-0.5537331081253388,-0.1030596928831822,-0.5781389474868774,0.07934272356632845,0.04865562797983039,0.07230682173724855,0.800424410057548,0.11956884680597091
179,44,10000000,-0.5163942790443444,-0.5283589683990081,-0.5282061525964986,-0.5576004622096081,-0.08993349369870329,-0.5781389474868774,0.02316967836438059,0.02287374982932346,0.07979597148427199,0.8258433577824738,0.11956884680597091
180,45,10,-0.502056030302308,-0.03152438669392322,-0.04023167426941075,4.055341473196677,0.02129157938260504,0.13022984564304352,0.9372094252608795,0.9198661666404332,9.077467908820442,1.0424087713273449,1.2593930513385665
181,45,1000,-0.502056030302308,0.28976394126480043,0.9090427380677254,2.061320099776242,-0.5832604412002361,-0.3100259304046631,1.5771545878859814,2.810640014662017,5.105757077621474,0.1617437218093599,0.38248738847338604
182,45,100000,-0.502056030302308,-0.46135330036666716,-0.6000325586951097,2.1157272165469605,-0.5301769748344913,-0.2810739278793335,0.08107208653809446,0.19515058574997315,5.2141256928494535,0.056011566109962926,0.4401542638376684
183,45,10000000,-0.502056030302308,-0.16088315734827602,-0.20986018720790647,2.043812212778928,-0.5473308621119899,-0.2810739278793335,0.6795513894108556,0.5819984731952303,5.070884700953133,0.09017884275271039,0.4401542638376684
184,46,10,-0.5643067527644875,-0.5029428354219837,-0.8110015964187709,-1.1088985505088151,0.0,-1.0257102251052856,0.10874212835818026,0.4371644366220106,0.9650634075818195,1.0,0.8176465549639881
185,46,1000,-0.5643067527644875,-0.4995970566271956,-0.13750285675336232,-16.82704522985083,-1.0126807106858104,-1.0481839179992676,0.1146711355486798,0.756333136047463,28.81896840223277,0.7945571370974734,0.8574718676753553
186,46,100000,-0.5643067527644875,-0.6617746434387259,-1.0321251101293256,8.344120400090958,-0.8035550717850395,-0.9670531153678894,0.17272146788382756,0.8290142818122209,15.786497519680333,0.42396855584041165,0.7137011220056895
187,46,10000000,-0.5643067527644875,-0.3590756864930431,0.20977460661846292,7.984870392351734,-0.8411217058028941,-0.9670531153678894,0.36368706428912295,1.3717386077533118,15.14987567175934,0.4905398556411302,0.7137011220056895
188,47,10,0.7787585445450184,1.2842334101959212,1.1432895040643838,0.9065722519056996,0.7779339074513714,0.8399611115455627,0.6490777779474911,0.4680924043438122,0.1641249502249186,0.0010589124182628156,0.07858991394605032
189,47,1000,0.7787585445450184,0.6141839430541415,0.34387903831589883,0.7442031126248688,0.0,1.0450769662857056,0.2113294327794861,0.5584266256535181,0.04437245942558254,1.0,0.3419781697500103
190,47,100000,0.7787585445450184,0.7881036960105463,0.614319890380325,0.9068263624198051,0.0,1.0825772285461426,0.01200006283203962,0.2111548634895107,0.16445125228078109,1.0,0.39013207126815813
191,47,10000000,0.7787585445450184,0.7800802346850596,0.6063684712644167,0.8928654414481527,1.083185376337295,1.0825772285461426,0.0016971757797064387,0.22136524149641112,0.146524102627728,0.39091299084254005,0.39013207126815813
192,48,10,-0.7060052675272084,-0.26331985028949023,-0.250388161307727,-0.7057080337708779,-0.5720503521181719,-0.6848315000534058,0.6270284905780221,0.6453451938330228,0.0004210078451278002,0.18973642488279885,0.029990948294145146
193,48,1000,-0.7060052675272084,-0.09156709843467796,-0.3728982232600522,-0.6219024932721546,,-0.5271782875061035,0.8703025279749077,0.4718194885908819,0.11912485377003586,,0.25329411584625766
194,48,100000,-0.7060052675272084,-0.740706387853895,-0.7141548451807465,-0.6873098544429836,0.0,-0.5773372054100037,0.04915136178548309,0.011543224998989124,0.026480557503070244,1.0,0.18224802000113413
195,48,10000000,-0.7060052675272084,-0.32621616995215036,-0.5017261708325531,-0.6837173187631311,0.0,-0.5773372054100037,0.5379408837915243,0.28934500362886123,0.031569096987252014,1.0,0.18224802000113413
196,49,10,-0.7457832584147577,1.3134139083832048,1.0677505885079306,11.035335149784974,0.030720258674229232,-0.9119830131530762,2.7611201291579093,2.4317170256376484,15.796973551326108,1.0411919392499216,0.2228526222103643
197,49,1000,-0.7457832584147577,-0.5132190621013651,-0.5597564175580062,-8.653813261096655,-1.0144860277891803,-1.5071496963500977,0.31183885356682944,0.2494382097717928,10.603657179823617,0.36029605966964073,1.0208950514036828
198,49,100000,-0.7457832584147577,-0.5747717152125228,-0.6003290224258471,29.907616308599383,-0.7134260667127048,-1.2402557134628296,0.22930461534593613,0.19503553391381995,41.10228973518557,0.04338685715583312,0.6630243431571877
199,49,10000000,-0.7457832584147577,-0.8663560555388206,-0.8391120840267587,38.64505166143835,-0.7371100150935804,-1.2402557134628296,0.16167270552620516,0.12514202291210116,52.818073448822865,0.011629710406228691,0.6630243431571877
200,50,10,0.6058634888860209,0.6997616545702862,0.7012847931372475,1.2650808416054942,0.0,0.28776809573173523,0.15498238036576914,0.15749637666180247,1.0880625170722074,1.0,0.5250281606161086
201,50,1000,0.6058634888860209,0.7519096919997789,0.6591427996635492,-0.20922770579147357,0.0,0.2638419270515442,0.24105463655234904,0.08793946450790582,1.345338033450692,1.0,0.5645191831304099
202,50,100000,0.6058634888860209,0.5634073498792418,0.5371435395098304,-0.19137325434030467,0.4472077604841791,0.27453869581222534,0.07007542092500357,0.11342480713360593,1.3158686038205996,0.261867122400058,0.5468637723705556
203,50,10000000,0.6058634888860209,0.6002655872971133,0.5529686556712533,-0.2029194804830285,0.48272453209589206,0.27453869581222534,0.009239542721414461,0.0873048701317576,1.3349260752717234,0.20324538291049685,0.5468637723705556
204,51,10,0.7924294175513829,-2.1248545706219795,0.9358317175679371,23.589357478009646,-1.2620650939547815,0.8210470080375671,3.6814433229748174,0.18096539179434964,28.76840202487821,2.5926530060615103,0.036113740671835495
205,51,1000,0.7924294175513829,0.35403337359188614,0.5588377610719557,1.9182173951581938,-2.3679096248032243,0.500579833984375,0.5532304003984937,0.29477913276014966,1.4206791831195646,3.9881647151869952,0.36829726042835065
206,51,100000,0.7924294175513829,-1.2303041857044839,-0.8361004253164851,1.2952348426492204,0.8046616006516261,0.598980724811554,2.5525725805411663,2.0551102808626744,0.6345113065735404,0.015436306160920697,0.24412103899119225
207,51,10000000,0.7924294175513829,0.7906648747327901,0.792913846571286,1.3022952378140953,0.8205303032424445,0.598980724811554,0.002226750773646427,0.0006113213482155806,0.6434211160890574,0.035461689165823394,0.24412103899119225
208,52,10,0.6345984782544072,2.4731111903891736,2.2074492799665135,-0.45060372091203627,0.0,1.2863082885742188,2.8971275146955464,2.4784975943190943,1.7100611431523032,1.0,1.0269640294639102
209,52,1000,0.6345984782544072,0.8281204743248559,0.7618135879458342,2.0749565132225833,1.0034636769876628,0.9738567471504211,0.3049518754012309,0.20046551331380147,2.2697155513674967,0.5812576162298636,0.534603029350485
210,52,100000,0.6345984782544072,0.07842551816994266,0.14489758344946704,2.667447922130044,1.0282108048390382,0.9980010986328125,0.8764171033222958,0.7716704523968645,3.2033632502041365,0.6202541292997458,0.5726496876860129
211,52,10000000,0.6345984782544072,0.6070502191026085,0.5990131198523747,2.776369209491404,0.6365813939605663,0.9980010986328125,0.04341053452818831,0.05607539195479522,3.3750013664205043,0.0031246776885024614,0.5726496876860129
212,53,10,-0.6986293871770899,0.06661262863414467,-0.30820779462571085,-0.742842422578825,-2.0392819804156934,-0.6798332333564758,1.0953475903773564,0.5588393499004276,0.06328539310432407,1.9189753792861457,0.02690432748121655
213,53,1000,-0.6986293871770899,-0.5701442384638087,-0.5583881666159043,-0.5379574411019928,1.0092240325890813,-0.359719842672348,0.18391031220779802,0.20073764879523595,0.22998165983872307,2.4445771264604153,0.4851063392482722
214,53,100000,-0.6986293871770899,-0.35828141311141953,-0.3645656430058451,-0.5773081989270676,-0.7899288172692723,-0.35984188318252563,0.48716527004524407,0.47817018622860435,0.17365600485292715,0.13068363823212564,0.4849316536246532
215,53,10000000,-0.6986293871770899,-0.698051171502084,-0.6948898790814221,-0.5841929812942352,-0.8625759432699128,-0.35984188318252563,0.0008276429328893459,0.005352634979724825,0.16380130578997112,0.23466885175739888,0.4849316536246532
216,54,10,-0.7782495438961907,-0.12686373119795352,-0.10887769776259197,-0.23450991794504647,-0.4045081977915575,-0.6353200674057007,0.8369883642169207,0.8600992462937891,0.6986700219944783,0.48023329924943187,0.18365507260683359
217,54,1000,-0.7782495438961907,-0.7277635515247561,-0.7395363542003237,-0.7296004346988425,-0.6863052944182677,-0.8173659443855286,0.06487121356818787,0.04974392853743952,0.06251093827025414,0.1181423750248767,0.05026202815809874
218,54,100000,-0.7782495438961907,-0.680892424755681,-0.720462933479116,-0.7734278697094992,-0.501188933318434,-0.8362278342247009,0.12509756016445028,0.07425203248790174,0.006195537439768424,0.35600484799604765,0.07449832869576833
219,54,10000000,-0.7782495438961907,-0.7801591686197248,-0.7778847532427602,-0.7759440439319754,-0.5696182495415788,-0.8362278342247009,0.0024537434535121115,0.0004687322418517143,0.0029624173663799656,0.26807763138559687,0.07449832869576833
220,55,10,0.799321156344071,1.1933419512303591,1.0872275029300316,1.7910157064019465,0.2847304500906187,0.8517077565193176,0.4929442837325331,0.36018857289200806,1.2406709645891028,0.6437846692399377,0.06553886352120603
221,55,1000,0.799321156344071,0.5228592558874738,0.4818018674893069,0.7880960354027127,1.1683030639203824,0.7302747368812561,0.3458708658745835,0.3972361876508203,0.014043317698107323,0.46161909346170454,0.08638132359541045
222,55,100000,0.799321156344071,0.8409773260012603,0.832894373579077,0.8005826903065919,0.0,0.6390658020973206,0.05211443401262641,0.04200216267083807,0.0015782566900780252,1.0,0.20048931893623975
223,55,10000000,0.799321156344071,0.10519951187513864,0.45438114562351206,0.7972511404789744,0.0,0.6390658020973206,0.8683889309820105,0.43154119965777327,0.0025897173478610386,1.0,0.20048931893623975
224,56,10,-0.656692376377837,-1.0073129618358683,-0.9621094389202944,-0.9445348220273918,-0.9609523562929074,-0.8455499410629272,0.5339190739383534,0.46508391680601996,0.4383215886214899,0.4633219310284947,0.2875890926689067
225,56,1000,-0.656692376377837,-0.4549712956950046,-0.5020392825968487,-0.6856467858710485,-1.667594283396217,-0.5870217084884644,0.3071774364055802,0.23550310517386983,0.04409128312546799,1.539384258721383,0.10609331004215378
226,56,100000,-0.656692376377837,-0.6214140797841993,-0.6358312455485451,-0.6359512860579635,-1.4151119849865668,-0.5129099488258362,0.05372119102131898,0.031766975801298364,0.0315841801518643,1.1549085018955096,0.21894943922612797
227,56,10000000,-0.656692376377837,-0.6476043278858379,-0.6521388696234194,-0.6351057559826305,-4.144551133557129,-0.5129099488258362,0.013839125927008073,0.006934002766308416,0.03287173899333692,5.311252090998091,0.21894943922612797
228,57,10,0.6769022082119788,-0.40501619679494166,0.6493978022929047,1.5921566638973328,-44.97331339757453,1.2647086381912231,1.5983378276528044,0.04063276140245774,1.352122130171472,67.43989759816337,0.8683771789309437
229,57,1000,0.6769022082119788,1.2958298141103,1.1740772804147555,1.6154966720304773,0.4786711350067927,1.14456045627594,0.9143530607370951,0.7344858181450654,1.3866027506362752,0.2928503863635026,0.6908800745373094
230,57,100000,0.6769022082119788,0.7080575184102893,0.7469636279112574,1.277815096269848,-1.608723811964687,1.1538629531860352,0.04602630900053723,0.10350301542721242,0.887739588921074,3.3765970807128745,0.7046228231902758
231,57,10000000,0.6769022082119788,0.6856904596643172,0.7463653963034765,1.2761448563381825,0.6276628040138728,1.1538629531860352,0.012983044442346218,0.10261923694263479,0.8852721129527544,0.07274227148434151,0.7046228231902758
232,58,10,0.7940040884874917,1.837841182694799,0.8927828908928801,-0.05882409130156682,0.23429369434636155,0.2595061659812927,1.314649520502754,0.12440591155336915,1.0740853758242248,0.7049212998478753,0.673167720741049
233,58,1000,0.7940040884874917,0.9971049894696077,1.0762458954018719,0.8799426217159078,0.23008258152489267,0.27089768648147583,0.255793268481785,0.35546644029506963,0.10823437117574726,0.7102249410791072,0.658820791467822
234,58,100000,0.7940040884874917,0.6526882890676867,0.6927898781321087,0.6913311352023592,-0.14256245147475471,0.33246439695358276,0.17797867979370133,0.12747316018005303,0.12931035843998673,1.1795487624582939,0.581281253114328
235,58,10000000,0.7940040884874917,0.7925653169283565,0.7918365276519657,0.6871159331505046,0.8324807011354783,0.33246439695358276,0.001812045529735145,0.0027299114286112353,0.1346191498089131,0.048458960357850564,0.581281253114328
236,59,10,-0.7394569465102165,-0.885462571423839,-0.46317593358578,-0.7164496857912365,,-0.6423276662826538,0.19744979826436077,0.3736269085418881,0.03111372585998446,,0.13135217768384405
237,59,1000,-0.7394569465102165,-0.01560093597924228,-0.04642424869107667,-2.2471775240488214,0.0,-0.5835570096969604,0.9789021713125163,0.9372184561789965,2.0389565405452226,1.0,0.21083030938989514
238,59,100000,-0.7394569465102165,-0.7983958381672817,-1.3639494708731124,-2.087914055548743,-1.2338919027009225,-0.537239670753479,0.07970564335790008,0.8445285791283964,1.823577580009786,0.6686460361541477,0.2734672744790337
239,59,10000000,-0.7394569465102165,0.007296410736588477,-0.009556757603595608,-2.1825992673494556,0.0,-0.537239670753479,1.0098672556543327,0.9870759783261247,1.9516245369659264,1.0,0.2734672744790337
240,60,10,0.632553981650062,0.6585153863509804,0.7293500854843437,0.9137549634553814,-0.5109947950372555,0.8891125321388245,0.04104219632480405,0.15302425823292123,0.44454859183999856,1.8078279638747816,0.4055915509685216
241,60,1000,0.632553981650062,0.6454744766309344,0.6488982634538282,1.3160781772179044,0.11557931960446269,0.8014088273048401,0.020425916768665817,0.025838556515178204,1.0805784413605632,0.8172814922404475,0.26694140034390135
242,60,100000,0.632553981650062,0.6417541476636673,0.648670240957565,1.3935643272617966,0.0,0.7438061237335205,0.014544475697719909,0.025478077405287253,1.2030757337525328,1.0,0.17587770421308443
243,60,10000000,0.632553981650062,0.6345556102886422,0.6432068757214424,1.3858212761207367,0.5391843011141041,0.7438061237335205,0.0031643601916135603,0.01684108294376954,1.1908348003845037,0.14760745050153112,0.17587770421308443
244,61,10,0.8822162321806951,0.6486499878148322,0.7004818212932032,0.7572922115756026,0.0,0.6270579099655151,0.26474942972713744,0.20599758229144566,0.1416024961321565,1.0,0.2892242433405131
245,61,1000,0.8822162321806951,0.3674808448381481,0.3674821411751653,0.416371927160015,0.6267560113270675,0.7459137439727783,0.5834571713447222,0.5834557019351037,0.5280386916812773,0.2895664481508932,0.15450009106157478
246,61,100000,0.8822162321806951,0.8364129629060502,0.9537073061840687,0.37557761712782317,0.0,0.7788034677505493,0.05191841592103414,0.08103577263213499,0.5742794074424856,1.0,0.11721929461049051
247,61,10000000,0.8822162321806951,0.3130418236124715,0.3904081971493861,0.39277382027987695,0.0,0.7788034677505493,0.6451642894410556,0.5574688121705033,0.55478735716639,1.0,0.11721929461049051
248,62,10,0.6540736617081844,0.000937684672074488,0.3045942416934578,0.7557031289977163,0.0,-0.4290730357170105,0.9985663928591383,0.5343120209152332,0.15537923821013605,1.0,1.6560010910643301
249,62,1000,0.6540736617081844,0.1543450342544613,-0.15438602197056422,-13.334037364928408,0.0,0.8736231327056885,0.7640249970448703,1.2360376682457574,21.38614019421776,1.0,0.33566474825500053
250,62,100000,0.6540736617081844,0.7119948295368955,1.4126103024661194,-12.016328707540609,3.0866918139064383,0.8735406398773193,0.08855450268008612,1.1597113370639849,19.371522063980777,3.7191807201733322,0.3355386266372095
251,62,10000000,0.6540736617081844,0.7200328010828448,1.3979026409012845,-9.873432902546282,0.0,0.8735406398773193,0.10084359489786061,1.1372250905968448,16.095291984026293,1.0,0.3355386266372095
252,63,10,-0.7808540003832559,-1.1526443640917736,-0.7846383069813182,-0.42002750912128767,-0.24514223970216764,-0.2135641872882843,0.4761330076122257,0.00484636897064609,0.46209213384943754,0.6860588028212088,0.7264992083238819
253,63,1000,-0.7808540003832559,0.16831036213157324,-0.12065884381481383,-0.855718697247847,-2.7999368287410142,-0.24448412656784058,1.2155465196425501,0.8454783560619623,0.09587540926709251,2.58573667723641,0.6869016148372887
254,63,100000,-0.7808540003832559,-0.24792901956823238,-0.25485957145433247,-0.6260324904836971,-0.4574921935035786,-0.23854561150074005,0.6824899155968405,0.6736143103201838,0.19827203270210544,0.4141130182095066,0.6945067690199986
255,63,10000000,-0.7808540003832559,-1.3494449869818599,-0.9806215581765968,-0.6306296384542275,-0.963440484151446,-0.23854561150074005,0.7281655550455401,0.25583215005019083,0.19238469913107425,0.23382922246485727,0.6945067690199986
256,64,10,-0.6215030205199417,-1.4418754116662913,-1.5155232286535634,-1.61865231892634,-0.917909239566276,-1.064921498298645,1.3199813421019841,1.4384808739717718,1.6044158523512817,0.47691838858379904,0.7134615008109615
257,64,1000,-0.6215030205199417,-0.6423622087140837,-0.7164445553955376,-1.3785535185156879,-1.7001583362273684,-1.0492020845413208,0.033562488846299525,0.15276118014063564,1.2180962489328004,1.7355592492616323,0.688168922596018
258,64,100000,-0.6215030205199417,-0.8764386924423151,-0.8917603502997834,-1.2831956957824961,-1.257617439325381,-0.9397188425064087,0.4101921688314522,0.43484475675395406,1.0646652605308187,1.0235097783970124,0.5120100972642927
259,64,10000000,-0.6215030205199417,-0.6290814944648498,-0.6856667246035355,-1.258986181284433,-1.2784242423792607,-0.9397188425064087,0.01219378457496172,0.1032395691816836,1.0257120878208779,1.0569879794143993,0.5120100972642927
260,65,10,-0.745204332255088,-0.1780224973016999,-0.3883730921581713,1.3002604132070812,-2.52526666656344,-1.1102533340454102,0.761109148731087,0.478836776239743,2.744837431731401,2.3886902655566224,0.4898643043118591
261,65,1000,-0.745204332255088,-0.4029676197572853,-0.4444129387092754,-1.0897452706196917,-0.9435397118296949,-0.760643720626831,0.45925217780490973,0.4036361310938405,0.46234425036416094,0.2661489889282011,0.020718328790469354
262,65,100000,-0.745204332255088,-0.836260969549409,-0.7432246257004503,-1.0382501638556494,-7.422332690333104,-0.8302232027053833,0.12219016094387354,0.0026565956059954486,0.3932422543945303,8.960130891714133,0.11408799811055426
263,65,10000000,-0.745204332255088,-0.74607050461788,-0.7451286692405357,-1.0406839225874664,-0.7469382401798708,-0.8302232027053833,0.001162328673225663,0.0001015332456848996,0.3965081488968505,0.0023267550250758036,0.11408799811055426
264,66,10,0.8564637530864976,0.19749897091864202,-0.535674938348106,-1.5037342926758144,0.0,1.0306452512741089,0.7694018337531492,1.6254496310178417,2.755747732763591,1.0,0.20337287778951696
265,66,1000,0.8564637530864976,0.5055459575727561,0.6292362353890838,0.9041027954323037,0.0,1.137208104133606,0.40972871793945137,0.26530897177906043,0.05562295213793458,1.0,0.32779478411709845
266,66,100000,0.8564637530864976,0.8489967537630785,0.847663956457265,0.9088324127522065,0.8305576480254547,1.090256929397583,0.008718406700236592,0.010274569819820332,0.06114521423350885,0.030247754172530044,0.27297498051557795
267,66,10000000,0.8564637530864976,0.856592518750795,0.8563176574439628,0.9066650343995195,0.8108484408122918,1.090256929397583,0.0001503457254710241,0.00017058006484018198,0.05861460118085337,0.05326006163111835,0.27297498051557795
268,67,10,0.583779428637786,0.22081951622891566,-0.7242653903884889,3.8136845853878674,0.9434331288309221,1.205305576324463,0.6217415253151611,2.240649044586101,5.53274918283241,0.6160780639913371,1.0646592140750328
269,67,1000,0.583779428637786,0.6914632337857669,0.6837279121016414,18.742403226387992,1.059740074527218,1.032065987586975,0.18445974603670873,0.17120932763437585,31.105282075667272,0.815309040608124,0.7679040009944145
270,67,100000,0.583779428637786,0.5499983005242143,0.5747241056919588,10.192073332525316,0.0,1.096441388130188,0.05786625299969532,0.015511548543183982,16.458774380433212,1.0,0.8781775005136233
271,67,10000000,0.583779428637786,0.5837909787676514,0.5981485387415642,9.265486667386313,0.0,1.096441388130188,1.978509227770249e-05,0.024613937043495387,14.871553900086486,1.0,0.8781775005136233
272,68,10,0.5791729992133094,0.00046001145613733783,0.21562897667871916,0.40450050814761085,-0.01809267783855143,0.8323410153388977,0.9992057442996096,0.627695046261466,0.3015894927818738,1.0312388144183633,0.4371198527373795
273,68,1000,0.5791729992133094,0.21636807818562528,0.39251727843538414,0.3308641006039323,0.0,0.9474309086799622,0.6264189137278188,0.3222797351248413,0.42873010127657035,1.0,0.6358340426208704
274,68,100000,0.5791729992133094,-10.056414694428915,-4.780003815173585,0.4612370572740132,0.4687294425588514,0.91810542345047,18.36340386739116,9.253153758317918,0.20362817689962862,0.19069182576617608,0.5852006649093316
275,68,10000000,0.5791729992133094,0.2930555844360823,0.4425470294157782,0.46976959910249877,0.6544264067904151,0.91810542345047,0.4940102787351281,0.2358983757583835,0.18889589165830123,0.12993252047198733,0.5852006649093316
276,69,10,0.8235266371217553,0.7532179958498582,0.7480838358511234,0.9995737190706453,0.5301765464708967,0.5674121975898743,0.08537506633377094,0.09160942447994919,0.21377217689542938,0.3562120245146216,0.3109971529603547
277,69,1000,0.8235266371217553,0.8092826375420396,0.7750621870205916,0.8668088242722644,0.0,0.5269250869750977,0.017296343478941847,0.05884988768614469,0.05255711861583648,1.0,0.36016023863330876
278,69,100000,0.8235266371217553,0.8607029470918919,0.8785270722797467,0.8786179434893042,0.8295199512075534,0.46971073746681213,0.04514281420218368,0.06678646770943457,0.06689681169281213,0.007277620195437556,0.4296350399685163
279,69,10000000,0.8235266371217553,0.7858852032426793,0.787592841973363,0.8782919797309128,0.827759417917671,0.46971073746681213,0.045707609423094944,0.04363404112097915,0.06650099722404072,0.005139822569321353,0.4296350399685163
280,70,10,0.6673963401494807,-0.164204107372996,0.17203945037164264,0.5413478373380552,0.0,0.5627602934837341,1.246036871188443,0.7422229640439593,0.18886603840709346,1.0,0.15678246998224563
281,70,1000,0.6673963401494807,0.5748988043274726,0.5588688584396759,0.6379683663446103,1.1647335812577875,0.5346739292144775,0.1385946105147817,0.16261324071015615,0.04409369970215784,0.7451902433221543,0.19886595558087197
282,70,100000,0.6673963401494807,-0.18258036965022842,0.20303723242008492,0.617673652439973,0.0,0.43254297971725464,1.2735711280786088,0.6957771264154528,0.07450248782960217,1.0,0.3518948880954675
283,70,10000000,0.6673963401494807,0.6663479002059716,0.6666811306823703,0.6164940615728054,0.6290211809791422,0.43254297971725464,0.0015709405048195066,0.0010716412783296882,0.0762699396362803,0.05749980463144794,0.3518948880954675
284,71,10,-0.7684154493632742,-0.7429796059830173,-0.7706480946880281,-1.0414593224178954,-1.824072302306888,-0.5241315364837646,0.03310168139036461,0.002905518527254868,0.35533365874003614,1.373810031823741,0.3179060403873042
285,71,1000,-0.7684154493632742,-0.8816796202633657,-0.7954777269536478,-0.853089142728396,0.0,-0.738036572933197,0.14739965339575695,0.03521828928972992,0.11019259625152543,1.0,0.03953444254049004
286,71,100000,-0.7684154493632742,-0.7617100987221082,-0.7844588579527045,-0.8470120843627647,-0.6916820679529506,-0.6653844714164734,0.008726204876180279,0.020878560683188028,0.1022840379701076,0.09985923822055706,0.13408238737544195
287,71,10000000,-0.7684154493632742,-0.7685638129927148,-0.7845712105452332,-0.8473532522556564,-0.6903377373585137,-0.6653844714164734,0.00019307736402688518,0.0210247740273129,0.10272802682167798,0.10160872229919042,0.13408238737544195
288,72,10,0.5246947873466213,0.4922098068870244,0.548190529268167,0.08993865458502975,0.5579364035966371,0.45725151896476746,0.061912146342968793,0.04477982722177121,0.8285886257040039,0.06335419571846412,0.12853809492355378
289,72,1000,0.5246947873466213,0.4798900391995458,0.41346926923015775,-0.5910457333916003,0.0,-0.01442059874534607,0.08539202070913052,0.21198136668925266,2.1264562706645425,1.0,1.0274837850367657
290,72,100000,0.5246947873466213,-0.047550385049202316,0.06331663041595312,-0.7387179995520821,0.0,0.013194479048252106,1.0906248474273288,0.8793267401489826,2.407900397272431,1.0,0.9748530395833042
291,72,10000000,0.5246947873466213,0.5248969231839931,0.4609990186645235,-0.768088440345092,-16.755936271343,0.013194479048252106,0.00038524460742962496,0.1213958480590345,2.46387663622372,32.93463452548801,0.9748530395833042
292,73,10,0.5702004584818271,0.956799132937037,0.9481639870037644,1.491877014467574,0.9348952726961232,1.0366339683532715,0.6780048467244985,0.6628607937781645,1.6164079531604263,0.6395905313463007,0.818016721896954
293,73,1000,0.5702004584818271,1.184621181307897,1.2103095388513736,1.7323004065700132,0.0,0.8699275255203247,1.0775521374745654,1.122603587646795,2.0380550923833107,1.0,0.5256520975737697
294,73,100000,0.5702004584818271,0.6297426484425432,0.6409827971547718,1.8881545978059375,0.18113723373557417,0.7599500417709351,0.10442325865406826,0.12413588523131748,2.3113873721413625,0.6823270991085195,0.33277697424923325
295,73,10000000,0.5702004584818271,0.5338899651541397,0.5215768712104242,2.0417577138577774,0.11253860244625916,0.7599500417709351,0.06368022471319126,0.08527454958711263,2.5807717855822285,0.8026332655959345,0.33277697424923325
296,74,10,0.8909593546535957,0.038363421360659976,-0.09780104047641598,9.658684413732221,0.0,0.19232821464538574,0.9569414461386113,1.1097704850009023,9.840768844598427,1.0,0.7841335705822823
297,74,1000,0.8909593546535957,1.0363162239811927,1.123070272225183,1.1711890709825998,-0.34285297496572786,0.6097764372825623,0.1631464651764184,0.2605179645505063,0.31452581407370406,1.38481326131766,0.3155956732508377
298,74,100000,0.8909593546535957,0.05479839066720255,0.222160945833474,1.040305197146795,0.9463195615874882,0.6331661939620972,0.9384950723273924,0.7506497410088364,0.16762363144081338,0.06213550219181048,0.28934334584963
299,74,10000000,0.8909593546535957,0.4179531437593526,0.4321798981792982,1.0318616900536082,0.9014256528630897,0.6331661939620972,0.5308953864434675,0.5149274813469696,0.1581467601906433,0.011747222984782917,0.28934334584963
300,75,10,0.6866758695988338,1.8351016563270082,1.8122273947855887,-0.8826512480114165,-0.5873205548298708,-0.21714258193969727,1.6724423233324068,1.6391307384142082,2.2853972115360257,1.8553097332122537,1.3162228229551087
301,75,1000,0.6866758695988338,-0.13882162429593908,-0.5724767323254416,0.8515263379714618,-0.24146107821811852,0.4212196469306946,1.2021647045454513,1.8336928056899553,0.2400702801293078,1.35163763415654,0.3865815509480807
302,75,100000,0.6866758695988338,0.5687772963020741,0.3243914919714007,1.1199076853702747,0.6378876607258664,0.47072869539260864,0.17169465029496053,0.5275915372402484,0.6309116643701801,0.07104983738757284,0.3144819612379632
303,75,10000000,0.6866758695988338,0.7640421148887271,1.005945324120707,1.1257856433062972,0.20486951988265908,0.47072869539260864,0.1126677792465488,0.46494928489098536,0.6394716825625427,0.7016503288482426,0.3144819612379632
304,76,10,-0.7165572076668081,-1.6674103572245556,-1.339631571748976,-1.0754664747780112,-2.424152903070611,-1.0880706310272217,1.326974510037843,0.8695388971258401,0.5008801296966261,2.38305564040578,0.5184700110268985
305,76,1000,-0.7165572076668081,-0.7890142837209547,-0.6559597779027065,-1.4445062383100185,-1.1830965315618711,-0.9428912401199341,0.10111834097667531,0.08456746944380572,1.0158979951000637,0.6510845455231247,0.3158631718883903
306,76,100000,-0.7165572076668081,-0.6766657881569371,-0.5797123545462104,-1.832064782898569,-0.7759567392013632,-0.9140636920928955,0.05567094864590361,0.19097547503036097,1.5567599673778745,0.08289572821124327,0.2756325417047873
307,76,10000000,-0.7165572076668081,-0.7263272036428652,-0.6088998822168521,-1.7749603383447754,-89.22821209604218,-0.9140636920928955,0.013634634990092863,0.15024247094031823,1.477067175312141,123.52350090313013,0.2756325417047873
308,77,10,0.6271846167654612,-0.29525372425630925,0.1426242167187652,0.465839462519308,0.0,0.671701967716217,1.4707604688696005,0.7725961177837685,0.25725304787966286,1.0,0.07097966015228863
309,77,1000,0.6271846167654612,-0.0766684511280281,-0.22003792434023683,-0.1367756322539915,0.0,0.6217097640037537,1.1222422378970731,1.3508343770850506,1.218078742044688,1.0,0.008729252305234567
310,77,100000,0.6271846167654612,0.6285549486972407,1.2039253666982423,-0.9910328364462346,0.616116482759509,0.5097344517707825,0.0021848940410028133,0.9195709437313195,2.580129374915514,0.017647330164175842,0.1872656979381875
311,77,10000000,0.6271846167654612,0.6260526516483212,-0.17115354759058024,-1.1722443346434392,0.552518227391655,0.5097344517707825,0.0018048355888857536,1.272891813694761,2.8690578552276667,0.11905009685804853,0.1872656979381875
312,78,10,-0.7624697731726706,1.893417932496104,0.9268959018098453,-0.07833179973502404,-0.26299041713776267,-0.2192341536283493,3.4832695001370455,2.215649373158742,0.8972656982727566,0.6550808617062315,0.7124684002670607
313,78,1000,-0.7624697731726706,-1.6220021308176709,-0.7416229141258712,0.09021523000729455,,-0.3180328607559204,1.1273002391536755,0.027341226866023405,1.1183197461479752,,0.5828911886794259
314,78,100000,-0.7624697731726706,-0.8086580733154399,-0.7941450233375773,0.9837215570071053,-0.7107733477943938,-0.24626114964485168,0.06057722124587017,0.041542958526873223,2.2901777770334375,0.06780127842073748,0.6770217544229352
315,78,10000000,-0.7624697731726706,-0.7657976677452386,-0.7764487936422488,1.054030224898956,-0.25156285546175294,-0.24626114964485168,0.004364624919779408,0.018333868385904523,2.382389521505999,0.6700684219716819,0.6770217544229352
316,79,10,0.7656414635965506,0.8596852584683077,0.7872239745007791,0.7496434293463408,0.8828381322493555,0.6056825518608093,0.12283007039612576,0.02818879584034809,0.020894942359913647,0.1530699083384032,0.20892143299599367
317,79,1000,0.7656414635965506,0.5650943367226351,0.9067525858107648,-0.8787587512690634,0.0,0.6779226064682007,0.26193347200902434,0.18430444133910137,2.147741851833823,1.0,0.1145691048605131
318,79,100000,0.7656414635965506,0.2722693813532854,0.2907931577106171,-0.09687781771433296,-1.6782408448101171,0.5782493948936462,0.6443904956840794,0.6201966957946148,1.1265315716566024,3.1919409078587395,0.2447517246814748
319,79,10000000,0.7656414635965506,0.5881230792833974,0.5900361913682265,-0.10557077995652016,-1.779368715297043,0.5782493948936462,0.23185576115388562,0.22935705624330982,1.1378854006424997,3.3240234494858405,0.2447517246814748
320,80,10,0.8451480061173298,0.39671989407198976,0.8078780297043091,13.16714135363178,0.6263957493451519,1.0148658752441406,0.5305912204720813,0.04409875683697295,14.579686940424278,0.25883307443052656,0.20081437558671747
321,80,1000,0.8451480061173298,0.813856971978695,0.5574197077036676,0.9132621967042728,0.8267099118047296,0.762122631072998,0.03702432462970363,0.34044723093592394,0.08059439304585769,0.02181640869899942,0.09823767487277904
322,80,100000,0.8451480061173298,0.8425879680524838,0.8463530498728314,0.9689262196769513,0.8560276169735535,0.8524284958839417,0.0030291002834011834,0.0014258375418025712,0.14645744019236043,0.012873024343044239,0.00861445535446386
323,80,10000000,0.8451480061173298,0.8448230555928536,0.8447738459796907,0.9651826899637083,0.8404628880067733,0.8524284958839417,0.00038448948837845054,0.00044271551838351005,0.1420280033527221,0.005543547493036472,0.00861445535446386
324,81,10,0.8268015167638386,0.8694866499327393,0.9112404283843165,0.9502131176368571,0.8732955116962192,1.2286605834960938,0.051626820105475105,0.10212718519310167,0.14926387817484962,0.056233562698773804,0.4860405533666179
325,81,1000,0.8268015167638386,0.7469430872130091,0.781633462330634,0.8448284243161014,0.0,1.2072806358337402,0.09658718317716841,0.05462986402104782,0.021803186359431705,1.0,0.4601819316431888
326,81,100000,0.8268015167638386,0.7970151798574491,0.8000829413248395,0.8554551881863375,0.0,1.1890205144882202,0.03602598241833836,0.03231558590213718,0.034656046029827595,1.0,0.4380966778364572
327,81,10000000,0.8268015167638386,0.8264363076401419,0.8247590737262687,0.8541728787695992,0.0,1.1890205144882202,0.00044171317576461114,0.002470294255826021,0.03310511827904493,1.0,0.4380966778364572
328,82,10,-0.5788278373763002,1.2301378491722088,0.8513434779575387,-20.122191360854067,-0.11169947449260041,-0.3960775136947632,3.125222336831888,2.470806037623367,33.763689756290155,0.8070247018545105,0.31572483540167
329,82,1000,-0.5788278373763002,-0.5048813476075082,-0.5142485189990953,-1.1752072856781968,-0.9243857023607155,-0.6447848081588745,0.12775213110685066,0.11156913024419969,1.0303226793741538,0.5969959332826035,0.11394920306794996
330,82,100000,-0.5788278373763002,-0.28256578024090445,-0.11933927349272427,-1.276819538757338,-0.5984211548120693,-0.6349173188209534,0.5118310454422627,0.7938259603517636,1.2058709970565364,0.03384999160472534,0.09690183820269346
331,82,10000000,-0.5788278373763002,-0.5339384105905087,-0.5705484039012794,-1.2629474905181965,-0.6136036771217331,-0.6349173188209534,0.07755229428713274,0.014303792838557424,1.181905238426094,0.06007976379136193,0.09690183820269346
332,83,10,-0.6691590902682112,-0.6444841917170444,-0.741042456747281,-0.9600455484680198,0.0,-0.4507448673248291,0.036874487562108184,0.10742343267018553,0.43470448571985476,1.0,0.32640103993183095
333,83,1000,-0.6691590902682112,-0.733802594758176,-0.7022980124644018,-0.7286726584937807,-0.6841792859936986,-0.45532459020614624,0.09660408926680576,0.04952323397849673,0.0889378461581018,0.022446374776836756,0.31955704281975184
334,83,100000,-0.6691590902682112,-0.19219835402998262,-0.2944219587483592,-0.7615997418763746,-0.6941249266267496,-0.4411923289299011,0.712776293671889,0.5600120165290596,0.1381445054734465,0.03730926878469465,0.3406764768703012
335,83,10000000,-0.6691590902682112,-0.6339680305987165,-0.6942544163635282,-0.7595848245406366,-0.6943718911182386,-0.4411923289299011,0.05258997476278687,0.03750277992227289,0.13513338694417362,0.03767833571523577,0.3406764768703012
336,84,10,-0.7523209247166907,-0.4163885363967079,-0.9504361294260782,-1.162766804131617,-0.6917674330355037,-0.8156114220619202,0.4465280404722071,0.26333868725503534,0.5455728611689118,0.08048891063875462,0.08412699323638177
337,84,1000,-0.7523209247166907,-0.7207380740283709,-0.73279612476452,-0.7645533766737671,0.0,-0.5275223255157471,0.04198055597112797,0.02595275408499805,0.01625961947247839,1.0,0.29880678818763196
338,84,100000,-0.7523209247166907,-0.4501991524371682,-0.40898533401642223,-0.7495714471491122,-1.0275586946940678,-0.6747564077377319,0.40158629429760395,0.4563685249477301,0.0036546605009210448,0.36585154145622933,0.10310030524296264
339,84,10000000,-0.7523209247166907,-0.09288018821167615,-0.08115012012465754,-0.752515300146736,-0.977444465249747,-0.6747564077377319,0.8765417986391207,0.8921336394368972,0.00025836770407323116,0.2992387066966581,0.10310030524296264
340,85,10,0.7323702872149267,0.966717897365279,0.9236691406996358,-0.096636564050375,0.11486424083857866,0.968490719795227,0.3199851417259627,0.2612050991475698,1.131950415981329,0.843160976293308,0.3224058057819688
341,85,1000,0.7323702872149267,1.6647412302554327,1.4280779105432972,1.2280801055022446,0.0,1.0542851686477661,1.273086796825341,0.9499397169347521,0.676856812654721,1.0,0.4395520777570376
342,85,100000,0.7323702872149267,0.7294728187397792,0.7164921100933375,1.2214325160235024,0.7514520831868338,1.050739049911499,0.003956288950724702,0.021680531554565247,0.6677799978319601,0.026054847261037482,0.4347101026002459
343,85,10000000,0.7323702872149267,1.3719736510970002,1.266901248532046,1.2235625294897152,0.7627890555744801,1.050739049911499,0.8733333056347368,0.7298643468317716,0.670688381068414,0.04153468387587174,0.4347101026002459
344,86,10,0.7950529542247704,-0.559358148631328,-0.13655579376924548,-0.4449094120669158,-0.36102173626835005,1.403370976448059,1.703548292801125,1.1717568534820382,1.559597206327888,1.454085145335219,0.7651289376271034
345,86,1000,0.7950529542247704,0.6575904379704675,0.6387838953039382,0.9648461375574203,0.8291434195392975,0.8853521943092346,0.17289730894508537,0.1965517618549131,0.21356210605897263,0.04287823236600329,0.11357638457241127
346,86,100000,0.7950529542247704,0.7989301266871581,0.7968183970312284,0.9219504382177289,1.3068318328073805,0.8520872592926025,0.0048766216662489165,0.0022205348676169454,0.15960884532111705,0.6437041405394545,0.07173648593437953
347,86,10000000,0.7950529542247704,0.7985753551511963,0.7949013596387638,0.9234668727168738,1.3076479937690801,0.8520872592926025,0.004430397884453416,0.000190672313335869,0.16151618305388915,0.6447306897238362,0.07173648593437953
348,87,10,-0.5875021310515688,-0.19053885586271693,0.3505733727454408,-1.1652131155484355,-4.792946976257102,-0.3674289882183075,0.6756797196264261,1.596718469970399,0.9833342790822275,7.158178026823864,0.37459122478305373
349,87,1000,-0.5875021310515688,0.34545032203797477,0.03467277966613325,-1.4305536785161501,-0.6249014201595231,-0.5884727239608765,1.5879984152902629,1.0590172832293774,1.4349761522662143,0.06365813353053444,0.0016520670445406129
350,87,100000,-0.5875021310515688,0.9831213400421032,0.37692688005400665,-1.786228828144661,0.0,-0.5682612061500549,2.673391955672427,1.6415753409767997,2.040378466283167,1.0,0.032750391674451575
351,87,10000000,-0.5875021310515688,-0.5878528426765692,-0.9408352029657756,-1.629190136977214,0.0,-0.5682612061500549,0.0005969537921040488,0.6014158132188844,1.7730795360029248,1.0,0.032750391674451575
352,88,10,-0.7291224363854145,-0.7330911856791511,-0.7810724462997939,-1.2150248991173827,-0.6078957570351871,-0.5176986455917358,0.005443186350719704,0.07125004981593869,0.6664209445272369,0.16626381702255966,0.2899702165822805
353,88,1000,-0.7291224363854145,-0.139449229591637,-0.12327377953602064,-2.389238588715885,0.0,-0.30983805656433105,0.8087437409237479,0.830928560987447,2.276868835034631,1.0,0.5750534600192299
354,88,100000,-0.7291224363854145,-0.6027700709359386,-0.2177031601048856,-2.41956375256643,-0.4659280802498504,-0.3899811804294586,0.17329375581399062,0.701417554527416,2.318460154046676,0.36097415605578687,0.46513622271347255
355,88,10000000,-0.7291224363854145,-0.5930252111558476,-0.210946789622241,-2.424391504986302,0.0,-0.3899811804294586,0.18665894565563176,0.7106839961365083,2.3250814732915,1.0,0.46513622271347255
356,89,10,0.6972339693403234,0.6924021790780316,0.7586615842542767,1.17401953969413,0.7186448691358623,0.6621472835540771,0.006929940987905935,0.08810186768735888,0.6838243564135428,0.03070834287634676,0.050322685539035045
357,89,1000,0.6972339693403234,0.5450411894737478,0.9931640011539214,0.4876808053593188,0.0,0.6695727109909058,0.2182807874529842,0.4244343288287967,0.30054927498622874,1.0,0.039672849525086866
358,89,100000,0.6972339693403234,0.059365916602769866,0.1811572221903056,0.5394709315682188,0.0,0.6833018064498901,0.9148550999904121,0.7401772860239375,0.22626986737517907,1.0,0.019982048355468105
359,89,10000000,0.6972339693403234,0.002112322378461516,0.16816281994672114,0.5397230125101392,0.697443758167954,0.6833018064498901,0.9969704253215602,0.758814361690057,0.22590832311169615,0.000300887272932287,0.019982048355468105
360,90,10,-0.7133480541692642,0.6407404189188087,-0.029326890424751277,-0.7841730760424099,-0.9549646939788249,-0.8323105573654175,1.8982156959339977,0.9588883851952128,0.09928536491996978,0.338707925811808,0.16676642278738976
361,90,1000,-0.7133480541692642,-0.7065084476082665,-0.7254071183301772,-0.5139237643116741,0.0,-0.8199549913406372,0.009588035631446161,0.016904881271396416,0.2795609922702199,1.0,0.14944589327509009
362,90,100000,-0.7133480541692642,0.21093821844444627,-0.20981971953659012,-0.5202283995076931,-0.7456978637142024,-0.7466713190078735,1.295701680563349,0.7058662762023826,0.2707229010198539,0.04534926443811714,0.04671389323044593
363,90,10000000,-0.7133480541692642,-0.7061756827975724,-0.7053599665612329,-0.5430978996319146,-0.7096975703392855,-0.7466713190078735,0.0100545187300531,0.01119802256604438,0.2386635157162038,0.005117395090156771,0.04671389323044593
364,91,10,-0.7420594503557629,-0.949714640579608,-1.043479105500354,-1.299562538093504,-1.1420599358759582,-1.0947061777114868,0.27983632594974656,0.4061934053937088,0.7512916754452214,0.5390410233687132,0.4752270551728109
365,91,1000,-0.7420594503557629,1.1335679144567066,1.4959082994705037,-2.703628963777553,-1.1177528339768252,-1.1452584266662598,2.527597167468515,3.0158874046457136,2.6434128862335244,0.5062847504212027,0.543351312508981
366,91,100000,-0.7420594503557629,-0.7865737003450295,-0.8147327310909128,-3.9098148194667646,-1.187594373153819,-1.1731486320495605,0.0599874443589732,0.09793458017455124,4.268870058311765,0.600403273059126,0.5809361790178968
367,91,10000000,-0.7420594503557629,-0.8235571804623869,-0.8343476981766433,-3.5659425934579834,-1.195418321664658,-1.1731486320495605,0.10982641628989673,0.12436772791807311,3.805467529250353,0.6109468332915142,0.5809361790178968
368,92,10,-0.7149938783528129,-0.037767286903029135,-0.21396421260109252,3.644509070828259,-0.748794396707471,-0.308171808719635,0.9471781674690187,0.7007467908760022,6.0972591251052375,0.04727385699095358,0.5689867870902694
369,92,1000,-0.7149938783528129,-0.638348708475004,-0.6575950412380722,-0.5933222347847881,0.0,-0.5773240327835083,0.10719695958010486,0.0802787811931689,0.17017158782999553,1.0,0.19254688709568446
370,92,100000,-0.7149938783528129,-0.7231672584329856,-0.7110601366913778,-0.5748554302397652,-0.5357566919075131,-0.7274819016456604,0.011431398684143012,0.0055017836942850284,0.1959995076264088,0.2506835259320297,0.017465916381853668
371,92,10000000,-0.7149938783528129,-0.359868757987242,-0.5319851005626689,-0.5779824130109965,-1.2490666556778003,-0.7274819016456604,0.4966827424924257,0.25595852402506664,0.19162606770488774,0.7469613286135713,0.017465916381853668
372,93,10,-0.542351968887503,-0.26863435363569865,-0.009838358280279822,0.17597364944511054,0.0,-0.2712090313434601,0.5046863124942026,0.9818598274835054,1.3244639266380385,1.0,0.49993906742926303
373,93,1000,-0.542351968887503,-0.5243732888739205,-0.5124685164312792,-0.4703646080413682,0.0,-0.5075141787528992,0.033149469431190924,0.05509973996687448,0.13273181434889703,1.0,0.0642346522795238
374,93,100000,-0.542351968887503,-0.54323610734905,-0.5444836850141663,-0.49747978429918,-0.5620755457448047,-0.5535200238227844,0.0016301931444272,0.003930503158375122,0.08273628042757344,0.03636674703654075,0.02059189525611903
375,93,10000000,-0.542351968887503,-0.36756715908845633,-0.37457109959870805,-0.4966779067123666,0.0,-0.5535200238227844,0.3222719190225735,0.3093579057764918,0.08421479923604801,1.0,0.02059189525611903
376,94,10,-0.8563265577695816,-0.836913236524777,-0.7840574372759158,-1.2482229099377402,0.0,-0.9805351495742798,0.02267046498635891,0.08439434680374791,0.4576482518408699,1.0,0.14504816028153597
377,94,1000,-0.8563265577695816,-0.9883837502627871,-0.8099950791107771,-1.3971380199425036,-1.0278505753890883,-0.9607842564582825,0.15421358977487096,0.05410491854822429,0.6315481602970936,0.20030211145881577,0.1219834860205377
378,94,100000,-0.8563265577695816,-0.8755151950061224,-0.8014977990994293,-1.3772666130855966,-1.2891296697723285,-0.9248683452606201,0.02240808376482011,0.06402786200274013,0.608342752644358,0.5054182987504687,0.08004164634291494
379,94,10000000,-0.8563265577695816,-0.8577772493818933,-0.7913180216878536,-1.3630565722959584,-0.7273364679352863,-0.9248683452606201,0.0016940869101271692,0.07591559025221814,0.5917485682637519,0.15063189231251617,0.08004164634291494
380,95,10,-0.8604144823118661,-1.1058000530082062,-1.1606982796665692,-1.2432504277782923,0.0,-1.2394986152648926,0.28519460764654764,0.34899900400079753,0.4449436327916937,1.0,0.44058316165768985
381,95,1000,-0.8604144823118661,-0.8300361161924475,-0.8883980559809526,-1.0904910111668586,0.0,-1.3208562135696411,0.0353066652688066,0.03252336431378604,0.2674019714740214,1.0,0.5351394481652659
382,95,100000,-0.8604144823118661,-0.9526111511760765,-0.7423368224947685,-1.1323752207793785,0.0,-1.2862697839736938,0.10715378548311413,0.1372334639229133,0.31608107959407566,1.0,0.4949420429530521
383,95,10000000,-0.8604144823118661,-0.863639559444305,-0.7243228076780364,-1.1331601514567526,-1.4199670017190154,-1.2862697839736938,0.00374828318065194,0.15816990233377073,0.3169933500096841,0.6503290343320065,0.4949420429530521
384,96,10,-0.8206226672380201,0.077526438066214,-0.2182222579039775,-1.0121907972052735,-0.27316041060934626,-0.3352692127227783,1.0944726987948623,0.7340772237763662,0.2334424061329144,0.6671303127310318,0.591445342533374
385,96,1000,-0.8206226672380201,-1.4364473809467326,-1.470273813443969,-1.3273501294066814,-0.913259126699662,-0.9742932915687561,0.7504359047031949,0.7916563508932647,0.6174914274232275,0.1128855723342734,0.18726100370581658
386,96,100000,-0.8206226672380201,-0.7266777195776725,-0.7362461379399174,-1.3004617609425189,-1.2412869507856583,-0.908849835395813,0.11448007886077452,0.10282012996556604,0.5847256149034965,0.5126159687539136,0.10751246788580691
387,96,10000000,-0.8206226672380201,-0.7784091842478991,-0.7781013511616298,-1.3072302401141807,-0.886411189648268,-0.908849835395813,0.05144079572186265,0.051815917076120786,0.5929735946899221,0.0801690290029072,0.10751246788580691
388,97,10,-0.5929953673523434,0.17689195233699948,0.26263606568686515,-0.4932583152798804,-3.2246476566280333,-1.2586495876312256,1.2983024186627323,1.4428973313223428,0.1681919582572416,4.437896877720507,1.1225285338247284
389,97,1000,-0.5929953673523434,-0.49616099133994834,-0.4270520269995301,-0.8671149261224947,-0.47499822626839105,-0.4686976373195648,0.16329701940969532,0.2798391850744658,0.46226256369263713,0.1989849290236382,0.2096099512341112
390,97,100000,-0.5929953673523434,-0.6841624378966367,-0.5614316392573822,-0.8050423683559382,-2.6369238111880047,-0.5337929129600525,0.15373993721290583,0.05322761328792443,0.3575862690974476,3.4467865288080892,0.09983628482061012
391,97,10000000,-0.5929953673523434,-0.44177930047462693,-0.5270799138129946,-0.8143811763568681,-0.5447356620297656,-0.5337929129600525,0.2550037912654848,0.11115677654220771,0.3733348035971801,0.08138293818053217,0.09983628482061012
392,98,10,-0.82699339222606,0.4688719657154863,0.11352561580919975,-0.8471674017195608,-0.8842053130664577,-0.8245254755020142,1.5669597485578448,1.1372751183701928,0.0243944022807696,0.06918062632447085,0.0029842036795516306
393,98,1000,-0.82699339222606,-0.8375906581700724,-0.8624468292716269,-1.1094158587125442,-0.7832766725875346,-1.1433594226837158,0.012814208727215023,0.042870278503840266,0.34150510649942833,0.052862235719744875,0.38254964723004287
394,98,100000,-0.82699339222606,-0.8285401123526099,-0.8945587405026022,-1.1015847286047764,-0.8472134136330709,-1.1785310506820679,0.0018702932104288016,0.08169998564882493,0.33203570785443026,0.024450039863781244,0.42507916237366306
395,98,10000000,-0.82699339222606,-0.20806306817319611,-0.6188607571605355,-1.0952192165418513,-0.8385647680247215,-1.1785310506820679,0.7484102410865192,0.2516738791652052,0.324338533822857,0.01399210188066213,0.42507916237366306
396,99,10,0.7773905569711579,0.4018824104917184,0.34612298535302544,0.22899722941565964,0.0,0.8845633864402771,0.4830366707083262,0.5547630695418043,0.705428336680766,1.0,0.13786227335547047
397,99,1000,0.7773905569711579,0.15584748181825864,0.22510372053435448,1.042611083002654,1.0827339326020489,0.4037008583545685,0.7995248586174416,0.7104367701462753,0.34116767132448733,0.3927798876546163,0.4806975017455142
398,99,100000,0.7773905569711579,0.35966075682729076,0.30253287320736694,0.9235390934819117,0.1742815030386877,0.4238011837005615,0.5373486935208108,0.6108354153591922,0.18799885745997819,0.7758121687022836,0.4548413536797244
399,99,10000000,0.7773905569711579,0.555812849839157,0.7980228277875459,0.9203592272416283,0.17965669435771847,0.4238011837005615,0.2850275259263558,0.026540418624037193,0.18390842156290144,0.7688977660628004,0.4548413536797244
